game_id,season,season_type,week,date,home,away,neutral,home_score,away_score,home_rest,away_rest,div_game,home_moneyline,away_moneyline,spread_line,home_spread_odds,away_spread_odds,total_line,under_odds,over_odds,roof,surface,temp,wind,home_qb_id,away_qb_id,home_qb_name,away_qb_name,home_coach,away_coach,home_abbr,away_abbr
2026_01_NE_SEA,2026,REG,1,2026-09-09,Seattle Seahawks,New England Patriots,0,,,7,7,0,-198.0,164.0,3.5,-110.0,-110.0,44.5,-110.0,-110.0,outdoors,fieldturf,,,,,,,Mike Macdonald,Mike Vrabel,SEA,NE
2026_01_SF_LA,2026,REG,1,2026-09-10,Los Angeles Rams,San Francisco 49ers,1,,,7,7,1,-180.0,150.0,3.0,-120.0,100.0,48.5,-110.0,-110.0,dome,matrixturf,,,,,,,Sean McVay,Kyle Shanahan,LA,SF
2026_01_NYJ_TEN,2026,REG,1,2026-09-13,Tennessee Titans,New York Jets,0,,,7,7,0,-162.0,136.0,3.0,-110.0,-110.0,39.5,-110.0,-110.0,outdoors,grass,,,,,,,Robert Saleh,Aaron Glenn,TEN,NYJ
2026_01_WAS_PHI,2026,REG,1,2026-09-13,Philadelphia Eagles,Washington Commanders,0,,,7,7,1,-238.0,195.0,5.5,-110.0,-110.0,46.5,-110.0,-110.0,outdoors,grass,,,,,,,Nick Sirianni,Dan Quinn,PHI,WAS
2026_01_GB_MIN,2026,REG,1,2026-09-13,Minnesota Vikings,Green Bay Packers,0,,,7,7,1,-108.0,-112.0,-1.5,-125.0,105.0,44.5,-105.0,-115.0,dome,sportturf,,,,,,,Kevin O'Connell,Matt LaFleur,MIN,GB
2026_01_MIA_LV,2026,REG,1,2026-09-13,Las Vegas Raiders,Miami Dolphins,0,,,7,7,0,-175.0,145.0,3.0,-120.0,100.0,41.5,-110.0,-110.0,dome,grass,,,,,,,Klint Kubliak,Jeff Hafley,LV,MIA
2026_01_DAL_NYG,2026,REG,1,2026-09-13,New York Giants,Dallas Cowboys,0,,,7,7,1,110.0,-130.0,-2.5,-115.0,-105.0,48.5,-110.0,-110.0,outdoors,fieldturf,,,,,,,John Harbaugh,Brian Schottenheimer,NYG,DAL
2026_01_ATL_PIT,2026,REG,1,2026-09-13,Pittsburgh Steelers,Atlanta Falcons,0,,,7,7,0,-175.0,145.0,3.0,-120.0,100.0,42.5,-110.0,-110.0,outdoors,grass,,,,,,,Mike McCarthy,Raheem Morris,PIT,ATL
2026_01_ARI_LAC,2026,REG,1,2026-09-13,Los Angeles Chargers,Arizona Cardinals,0,,,7,7,0,-650.0,470.0,11.5,-110.0,-110.0,45.5,-110.0,-110.0,dome,matrixturf,,,,,,,Jim Harbaugh,Jonathan Gannon,LAC,ARI
2026_01_BAL_IND,2026,REG,1,2026-09-13,Indianapolis Colts,Baltimore Ravens,0,,,7,7,0,160.0,-192.0,-3.5,-110.0,-110.0,49.5,-110.0,-110.0,,fieldturf,,,,,,,Shane Steichen,Jesse Minter,IND,BAL
2026_01_BUF_HOU,2026,REG,1,2026-09-13,Houston Texans,Buffalo Bills,0,,,7,7,0,-108.0,-112.0,-1.5,-120.0,100.0,45.5,-115.0,-105.0,,astroturf,,,,,,,DeMeco Ryans,Sean McDermott,HOU,BUF
2026_01_NO_DET,2026,REG,1,2026-09-13,Detroit Lions,New Orleans Saints,0,,,7,7,0,-340.0,270.0,7.0,-110.0,-110.0,48.5,-105.0,-115.0,dome,fieldturf,,,,,,,Dan Campbell,Kellen Moore,DET,NO
2026_01_TB_CIN,2026,REG,1,2026-09-13,Cincinnati Bengals,Tampa Bay Buccaneers,0,,,7,7,0,-198.0,164.0,3.5,-110.0,-110.0,50.5,-105.0,-115.0,outdoors,fieldturf,,,,,,,Zac Taylor,Todd Bowles,CIN,TB
2026_01_CHI_CAR,2026,REG,1,2026-09-13,Carolina Panthers,Chicago Bears,0,,,7,7,0,114.0,-135.0,-2.5,-110.0,-110.0,44.5,-110.0,-110.0,outdoors,grass,,,,,,,Dave Canales,Ben Johnson,CAR,CHI
2026_01_CLE_JAX,2026,REG,1,2026-09-13,Jacksonville Jaguars,Cleveland Browns,0,,,7,7,0,-340.0,270.0,7.5,-110.0,-110.0,40.5,-105.0,-115.0,outdoors,grass,,,,,,,Liam Coen,Todd Monken,JAX,CLE
2026_01_DEN_KC,2026,REG,1,2026-09-14,Kansas City Chiefs,Denver Broncos,0,,,7,7,1,-148.0,124.0,2.5,-118.0,-102.0,42.5,-110.0,-110.0,outdoors,grass,,,,,,,Andy Reid,Sean Payton,KC,DEN
2026_02_DET_BUF,2026,REG,2,2026-09-17,Buffalo Bills,Detroit Lions,0,,,4,4,0,-162.0,136.0,3.0,-110.0,-110.0,52.5,-110.0,-110.0,outdoors,a_turf,,,,,,,Sean McDermott,Dan Campbell,BUF,DET
2026_02_IND_KC,2026,REG,2,2026-09-20,Kansas City Chiefs,Indianapolis Colts,0,,,6,7,0,-270.0,220.0,6.0,-110.0,-110.0,47.5,-110.0,-110.0,outdoors,grass,,,,,,,Andy Reid,Shane Steichen,KC,IND
2026_02_MIA_SF,2026,REG,2,2026-09-20,San Francisco 49ers,Miami Dolphins,0,,,10,7,0,-600.0,440.0,10.5,-110.0,-110.0,46.5,-110.0,-110.0,outdoors,grass,,,,,,,Kyle Shanahan,Jeff Hafley,SF,MIA
2026_02_WAS_DAL,2026,REG,2,2026-09-20,Dallas Cowboys,Washington Commanders,0,,,7,7,1,-205.0,170.0,4.5,-105.0,-115.0,51.5,-110.0,-110.0,,matrixturf,,,,,,,Brian Schottenheimer,Dan Quinn,DAL,WAS
2026_02_SEA_ARI,2026,REG,2,2026-09-20,Arizona Cardinals,Seattle Seahawks,0,,,7,11,1,370.0,-485.0,-10.0,-110.0,-110.0,44.5,-110.0,-110.0,,grass,,,,,,,Jonathan Gannon,Mike Macdonald,ARI,SEA
2026_02_LV_LAC,2026,REG,2,2026-09-20,Los Angeles Chargers,Las Vegas Raiders,0,,,7,7,1,-425.0,330.0,8.5,-110.0,-110.0,42.5,-110.0,-110.0,dome,matrixturf,,,,,,,Jim Harbaugh,Klint Kubliak,LAC,LV
2026_02_JAX_DEN,2026,REG,2,2026-09-20,Denver Broncos,Jacksonville Jaguars,0,,,6,7,0,-148.0,124.0,3.0,-102.0,-118.0,43.5,-110.0,-110.0,outdoors,grass,,,,,,,Sean Payton,Liam Coen,DEN,JAX
2026_02_PHI_TEN,2026,REG,2,2026-09-20,Tennessee Titans,Philadelphia Eagles,0,,,7,7,0,180.0,-218.0,-4.5,-110.0,-110.0,42.5,-110.0,-110.0,outdoors,grass,,,,,,,Robert Saleh,Nick Sirianni,TEN,PHI
2026_02_GB_NYJ,2026,REG,2,2026-09-20,New York Jets,Green Bay Packers,0,,,7,7,0,215.0,-265.0,-6.0,-110.0,-110.0,42.5,-110.0,-110.0,outdoors,fieldturf,,,,,,,Aaron Glenn,Matt LaFleur,NYJ,GB
2026_02_PIT_NE,2026,REG,2,2026-09-20,New England Patriots,Pittsburgh Steelers,0,,,11,7,0,-218.0,180.0,4.5,-108.0,-112.0,43.5,-110.0,-110.0,outdoors,fieldturf,,,,,,,Mike Vrabel,Mike McCarthy,NE,PIT
2026_02_CIN_HOU,2026,REG,2,2026-09-20,Houston Texans,Cincinnati Bengals,0,,,7,7,0,-135.0,114.0,2.5,-110.0,-110.0,46.5,-110.0,-110.0,,astroturf,,,,,,,DeMeco Ryans,Zac Taylor,HOU,CIN
2026_02_MIN_CHI,2026,REG,2,2026-09-20,Chicago Bears,Minnesota Vikings,0,,,7,7,1,-185.0,154.0,3.5,-105.0,-115.0,45.5,-110.0,-110.0,outdoors,grass,,,,,,,Ben Johnson,Kevin O'Connell,CHI,MIN
2026_02_NO_BAL,2026,REG,2,2026-09-20,Baltimore Ravens,New Orleans Saints,0,,,7,7,0,-380.0,300.0,7.5,-112.0,-108.0,46.5,-110.0,-110.0,outdoors,grass,,,,,,,Jesse Minter,Kellen Moore,BAL,NO
2026_02_CAR_ATL,2026,REG,2,2026-09-20,Atlanta Falcons,Carolina Panthers,0,,,7,7,1,-120.0,100.0,1.5,-105.0,-115.0,43.5,-110.0,-110.0,,fieldturf,,,,,,,Raheem Morris,Dave Canales,ATL,CAR
2026_02_CLE_TB,2026,REG,2,2026-09-20,Tampa Bay Buccaneers,Cleveland Browns,0,,,7,7,0,-285.0,230.0,6.5,-110.0,-110.0,42.5,-110.0,-110.0,outdoors,grass,,,,,,,Todd Bowles,Todd Monken,TB,CLE
2026_02_NYG_LA,2026,REG,2,2026-09-21,Los Angeles Rams,New York Giants,0,,,11,8,0,-410.0,320.0,9.5,-108.0,-112.0,47.5,-110.0,-110.0,dome,matrixturf,,,,,,,Sean McVay,John Harbaugh,LA,NYG
2026_03_ATL_GB,2026,REG,3,2026-09-24,Green Bay Packers,Atlanta Falcons,0,,,4,4,0,-355.0,280.0,7.5,-105.0,-115.0,46.5,-110.0,-110.0,outdoors,grass,,,,,,,Matt LaFleur,Raheem Morris,GB,ATL
2026_03_SEA_WAS,2026,REG,3,2026-09-27,Washington Commanders,Seattle Seahawks,0,,,7,7,0,164.0,-198.0,-3.5,-110.0,-110.0,46.5,-110.0,-110.0,outdoors,grass,,,,,,,Dan Quinn,Mike Macdonald,WAS,SEA
2026_03_LV_NO,2026,REG,3,2026-09-27,New Orleans Saints,Las Vegas Raiders,0,,,7,7,0,-166.0,140.0,3.0,-110.0,-110.0,42.5,-110.0,-110.0,dome,sportturf,,,,,,,Kellen Moore,Klint Kubliak,NO,LV
2026_03_BAL_DAL,2026,REG,3,2026-09-27,Dallas Cowboys,Baltimore Ravens,1,,,7,7,0,114.0,-135.0,-2.5,-110.0,-110.0,51.5,-110.0,-110.0,,matrixturf,,,,,,,Brian Schottenheimer,Jesse Minter,DAL,BAL
2026_03_LA_DEN,2026,REG,3,2026-09-27,Denver Broncos,Los Angeles Rams,0,,,7,6,0,130.0,-155.0,-3.0,-110.0,-110.0,45.5,-110.0,-110.0,outdoors,grass,,,,,,,Sean Payton,Sean McVay,DEN,LA
2026_03_MIN_TB,2026,REG,3,2026-09-27,Tampa Bay Buccaneers,Minnesota Vikings,0,,,7,7,0,-125.0,105.0,1.5,-110.0,-110.0,44.5,-110.0,-110.0,outdoors,grass,,,,,,,Todd Bowles,Kevin O'Connell,TB,MIN
2026_03_ARI_SF,2026,REG,3,2026-09-27,San Francisco 49ers,Arizona Cardinals,0,,,7,7,1,-625.0,455.0,11.5,-110.0,-110.0,46.5,-110.0,-110.0,outdoors,grass,,,,,,,Kyle Shanahan,Jonathan Gannon,SF,ARI
2026_03_CIN_PIT,2026,REG,3,2026-09-27,Pittsburgh Steelers,Cincinnati Bengals,0,,,7,7,1,-105.0,-115.0,-1.5,-120.0,100.0,47.5,-110.0,-110.0,outdoors,grass,,,,,,,Mike McCarthy,Zac Taylor,PIT,CIN
2026_03_NYJ_DET,2026,REG,3,2026-09-27,Detroit Lions,New York Jets,0,,,10,7,0,-440.0,340.0,9.5,-110.0,-110.0,45.5,-110.0,-110.0,dome,fieldturf,,,,,,,Dan Campbell,Aaron Glenn,DET,NYJ
2026_03_KC_MIA,2026,REG,3,2026-09-27,Miami Dolphins,Kansas City Chiefs,0,,,7,7,0,270.0,-340.0,-7.0,-105.0,-115.0,44.5,-110.0,-110.0,outdoors,grass,,,,,,,Jeff Hafley,Andy Reid,MIA,KC
2026_03_LAC_BUF,2026,REG,3,2026-09-27,Buffalo Bills,Los Angeles Chargers,0,,,10,7,0,-142.0,120.0,2.5,-110.0,-110.0,48.5,-110.0,-110.0,outdoors,a_turf,,,,,,,Sean McDermott,Jim Harbaugh,BUF,LAC
2026_03_CAR_CLE,2026,REG,3,2026-09-27,Cleveland Browns,Carolina Panthers,0,,,7,7,0,114.0,-135.0,-2.5,-112.0,-108.0,40.5,-110.0,-110.0,outdoors,grass,,,,,,,Todd Monken,Dave Canales,CLE,CAR
2026_03_TEN_NYG,2026,REG,3,2026-09-27,New York Giants,Tennessee Titans,0,,,6,7,0,-180.0,150.0,3.0,-120.0,100.0,45.5,-110.0,-110.0,outdoors,fieldturf,,,,,,,John Harbaugh,Robert Saleh,NYG,TEN
2026_03_NE_JAX,2026,REG,3,2026-09-27,Jacksonville Jaguars,New England Patriots,0,,,7,7,0,-118.0,-102.0,1.5,-105.0,-115.0,45.5,-110.0,-110.0,outdoors,grass,,,,,,,Liam Coen,Mike Vrabel,JAX,NE
2026_03_HOU_IND,2026,REG,3,2026-09-27,Indianapolis Colts,Houston Texans,0,,,7,7,1,110.0,-130.0,-1.5,-105.0,-115.0,45.5,-110.0,-110.0,,fieldturf,,,,,,,Shane Steichen,DeMeco Ryans,IND,HOU
2026_03_PHI_CHI,2026,REG,3,2026-09-28,Chicago Bears,Philadelphia Eagles,0,,,8,8,0,-118.0,-102.0,1.5,-105.0,-115.0,46.5,-110.0,-110.0,outdoors,grass,,,,,,,Ben Johnson,Nick Sirianni,CHI,PHI
2026_04_PIT_CLE,2026,REG,4,2026-10-01,Cleveland Browns,Pittsburgh Steelers,0,,,4,4,1,136.0,-162.0,-3.0,-110.0,-110.0,41.5,-110.0,-110.0,outdoors,grass,,,,,,,Todd Monken,Mike McCarthy,CLE,PIT
2026_04_DET_CAR,2026,REG,4,2026-10-04,Carolina Panthers,Detroit Lions,0,,,7,7,0,136.0,-162.0,-3.0,-110.0,-110.0,47.5,-110.0,-110.0,outdoors,grass,,,,,,,Dave Canales,Dan Campbell,CAR,DET
2026_04_DEN_SF,2026,REG,4,2026-10-04,San Francisco 49ers,Denver Broncos,0,,,7,7,0,-148.0,124.0,2.5,-118.0,-102.0,46.5,-110.0,-110.0,outdoors,grass,,,,,,,Kyle Shanahan,Sean Payton,SF,DEN
2026_04_LAC_SEA,2026,REG,4,2026-10-04,Seattle Seahawks,Los Angeles Chargers,0,,,7,7,0,-162.0,136.0,3.0,-110.0,-110.0,45.5,-110.0,-110.0,outdoors,fieldturf,,,,,,,Mike Macdonald,Jim Harbaugh,SEA,LAC
2026_04_KC_LV,2026,REG,4,2026-10-04,Las Vegas Raiders,Kansas City Chiefs,0,,,7,7,1,205.0,-250.0,-5.5,-110.0,-110.0,43.5,-110.0,-110.0,dome,grass,,,,,,,Klint Kubliak,Andy Reid,LV,KC
2026_04_GB_TB,2026,REG,4,2026-10-04,Tampa Bay Buccaneers,Green Bay Packers,0,,,7,10,0,105.0,-125.0,-1.5,-110.0,-110.0,47.5,-110.0,-110.0,outdoors,grass,,,,,,,Todd Bowles,Matt LaFleur,TB,GB
2026_04_LA_PHI,2026,REG,4,2026-10-04,Philadelphia Eagles,Los Angeles Rams,0,,,6,7,0,120.0,-142.0,-2.5,-105.0,-115.0,47.5,-110.0,-110.0,outdoors,grass,,,,,,,Nick Sirianni,Sean McVay,PHI,LA
2026_04_MIA_MIN,2026,REG,4,2026-10-04,Minnesota Vikings,Miami Dolphins,0,,,7,7,0,-380.0,300.0,7.5,-110.0,-110.0,43.5,-110.0,-110.0,dome,sportturf,,,,,,,Kevin O'Connell,Jeff Hafley,MIN,MIA
2026_04_DAL_HOU,2026,REG,4,2026-10-04,Houston Texans,Dallas Cowboys,0,,,7,7,0,-135.0,114.0,2.5,-110.0,-110.0,47.5,-110.0,-110.0,,astroturf,,,,,,,DeMeco Ryans,Brian Schottenheimer,HOU,DAL
2026_04_JAX_CIN,2026,REG,4,2026-10-04,Cincinnati Bengals,Jacksonville Jaguars,0,,,7,7,0,-135.0,114.0,2.5,-110.0,-110.0,51.5,-110.0,-110.0,outdoors,fieldturf,,,,,,,Zac Taylor,Liam Coen,CIN,JAX
2026_04_NYJ_CHI,2026,REG,4,2026-10-04,Chicago Bears,New York Jets,0,,,6,7,0,-395.0,310.0,8.5,-110.0,-110.0,45.5,-110.0,-110.0,outdoors,grass,,,,,,,Ben Johnson,Aaron Glenn,CHI,NYJ
2026_04_NE_BUF,2026,REG,4,2026-10-04,Buffalo Bills,New England Patriots,0,,,7,7,1,-162.0,136.0,3.0,-110.0,-110.0,49.5,-110.0,-110.0,outdoors,a_turf,,,,,,,Sean McDermott,Mike Vrabel,BUF,NE
2026_04_TEN_BAL,2026,REG,4,2026-10-04,Baltimore Ravens,Tennessee Titans,0,,,7,7,0,-395.0,310.0,8.5,-110.0,-110.0,47.5,-110.0,-110.0,outdoors,grass,,,,,,,Jesse Minter,Robert Saleh,BAL,TEN
2026_04_IND_WAS,2026,REG,4,2026-10-04,Washington Commanders,Indianapolis Colts,1,,,7,7,0,-110.0,-110.0,1.5,102.0,-122.0,48.5,-110.0,-110.0,outdoors,grass,,,,,,,Dan Quinn,Shane Steichen,WAS,IND
2026_04_ARI_NYG,2026,REG,4,2026-10-04,New York Giants,Arizona Cardinals,0,,,7,7,0,-325.0,260.0,7.0,-110.0,-110.0,45.5,-110.0,-110.0,outdoors,fieldturf,,,,,,,John Harbaugh,Jonathan Gannon,NYG,ARI
2026_04_ATL_NO,2026,REG,4,2026-10-05,New Orleans Saints,Atlanta Falcons,0,,,8,11,1,-135.0,114.0,2.5,-110.0,-110.0,45.5,-110.0,-110.0,dome,sportturf,,,,,,,Kellen Moore,Raheem Morris,NO,ATL
2026_05_TB_DAL,2026,REG,5,2026-10-08,Dallas Cowboys,Tampa Bay Buccaneers,0,,,4,4,0,-205.0,170.0,3.5,-110.0,-110.0,52.5,-110.0,-110.0,,matrixturf,,,,,,,Brian Schottenheimer,Todd Bowles,DAL,TB
2026_05_DET_ARI,2026,REG,5,2026-10-11,Arizona Cardinals,Detroit Lions,0,,,7,7,0,300.0,-380.0,-8.5,-110.0,-110.0,49.5,-110.0,-110.0,,grass,,,,,,,Jonathan Gannon,Dan Campbell,ARI,DET
2026_05_BAL_ATL,2026,REG,5,2026-10-11,Atlanta Falcons,Baltimore Ravens,0,,,6,7,0,180.0,-218.0,-4.5,-110.0,-110.0,48.5,-110.0,-110.0,,fieldturf,,,,,,,Raheem Morris,Jesse Minter,ATL,BAL
2026_05_SF_SEA,2026,REG,5,2026-10-11,Seattle Seahawks,San Francisco 49ers,0,,,7,7,1,-205.0,170.0,3.5,-110.0,-110.0,48.5,-110.0,-110.0,outdoors,fieldturf,,,,,,,Mike Macdonald,Kyle Shanahan,SEA,SF
2026_05_CHI_GB,2026,REG,5,2026-10-11,Green Bay Packers,Chicago Bears,0,,,7,7,1,-166.0,140.0,3.0,-110.0,-110.0,49.5,-110.0,-110.0,outdoors,grass,,,,,,,Matt LaFleur,Ben Johnson,GB,CHI
2026_05_DEN_LAC,2026,REG,5,2026-10-11,Los Angeles Chargers,Denver Broncos,0,,,7,7,1,-142.0,120.0,2.5,-115.0,-105.0,44.5,-110.0,-110.0,dome,matrixturf,,,,,,,Jim Harbaugh,Sean Payton,LAC,DEN
2026_05_NYG_WAS,2026,REG,5,2026-10-11,Washington Commanders,New York Giants,0,,,7,7,1,-135.0,114.0,2.5,-110.0,-110.0,48.5,-110.0,-110.0,outdoors,grass,,,,,,,Dan Quinn,John Harbaugh,WAS,NYG
2026_05_HOU_TEN,2026,REG,5,2026-10-11,Tennessee Titans,Houston Texans,0,,,7,7,1,160.0,-192.0,-3.5,-110.0,-110.0,43.5,-110.0,-110.0,outdoors,grass,,,,,,,Robert Saleh,DeMeco Ryans,TEN,HOU
2026_05_CLE_NYJ,2026,REG,5,2026-10-11,New York Jets,Cleveland Browns,0,,,7,10,0,-135.0,114.0,2.5,-110.0,-110.0,40.5,-110.0,-110.0,outdoors,fieldturf,,,,,,,Aaron Glenn,Todd Monken,NYJ,CLE
2026_05_MIN_NO,2026,REG,5,2026-10-11,New Orleans Saints,Minnesota Vikings,0,,,6,7,0,100.0,-120.0,-1.5,-115.0,-105.0,44.5,-110.0,-110.0,dome,sportturf,,,,,,,Kellen Moore,Kevin O'Connell,NO,MIN
2026_05_LV_NE,2026,REG,5,2026-10-11,New England Patriots,Las Vegas Raiders,0,,,7,7,0,-410.0,320.0,8.5,-110.0,-110.0,44.5,-110.0,-110.0,outdoors,fieldturf,,,,,,,Mike Vrabel,Klint Kubliak,NE,LV
2026_05_CIN_MIA,2026,REG,5,2026-10-11,Miami Dolphins,Cincinnati Bengals,0,,,7,7,0,205.0,-250.0,-5.5,-110.0,-110.0,49.5,-110.0,-110.0,outdoors,grass,,,,,,,Jeff Hafley,Zac Taylor,MIA,CIN
2026_05_PHI_JAX,2026,REG,5,2026-10-11,Jacksonville Jaguars,Philadelphia Eagles,0,,,7,7,0,110.0,-130.0,-1.5,-105.0,-115.0,43.5,-102.0,-118.0,outdoors,grass,,,,,,,Liam Coen,Nick Sirianni,JAX,PHI
2026_05_IND_PIT,2026,REG,5,2026-10-11,Pittsburgh Steelers,Indianapolis Colts,0,,,10,7,0,-142.0,120.0,2.5,-110.0,-110.0,47.5,-110.0,-110.0,outdoors,grass,,,,,,,Mike McCarthy,Shane Steichen,PIT,IND
2026_05_BUF_LA,2026,REG,5,2026-10-12,Los Angeles Rams,Buffalo Bills,0,,,8,8,0,-185.0,154.0,3.5,-110.0,-110.0,53.5,-110.0,-110.0,dome,matrixturf,,,,,,,Sean McVay,Sean McDermott,LA,BUF
2026_06_SEA_DEN,2026,REG,6,2026-10-15,Denver Broncos,Seattle Seahawks,0,,,4,4,0,110.0,-130.0,-2.5,-115.0,-105.0,43.5,-110.0,-110.0,outdoors,grass,,,,,,,Sean Payton,Mike Macdonald,DEN,SEA
2026_06_DAL_GB,2026,REG,6,2026-10-18,Green Bay Packers,Dallas Cowboys,0,,,7,10,0,,,,,,,,,outdoors,grass,,,,,,,Matt LaFleur,Brian Schottenheimer,GB,DAL
2026_06_BUF_LV,2026,REG,6,2026-10-18,Las Vegas Raiders,Buffalo Bills,0,,,7,6,0,,,,,,,,,dome,grass,,,,,,,Klint Kubliak,Sean McDermott,LV,BUF
2026_06_LAC_KC,2026,REG,6,2026-10-18,Kansas City Chiefs,Los Angeles Chargers,0,,,14,7,1,,,,,,,,,outdoors,grass,,,,,,,Andy Reid,Jim Harbaugh,KC,LAC
2026_06_ARI_LA,2026,REG,6,2026-10-18,Los Angeles Rams,Arizona Cardinals,0,,,6,7,1,,,,,,,,,dome,matrixturf,,,,,,,Sean McVay,Jonathan Gannon,LA,ARI
2026_06_PIT_TB,2026,REG,6,2026-10-18,Tampa Bay Buccaneers,Pittsburgh Steelers,0,,,10,7,0,,,,,,,,,outdoors,grass,,,,,,,Todd Bowles,Mike McCarthy,TB,PIT
2026_06_CAR_PHI,2026,REG,6,2026-10-18,Philadelphia Eagles,Carolina Panthers,0,,,7,14,0,,,,,,,,,outdoors,grass,,,,,,,Nick Sirianni,Dave Canales,PHI,CAR
2026_06_NYJ_NE,2026,REG,6,2026-10-18,New England Patriots,New York Jets,0,,,7,7,1,-440.0,340.0,9.5,-110.0,-110.0,42.5,-110.0,-110.0,outdoors,fieldturf,,,,,,,Mike Vrabel,Aaron Glenn,NE,NYJ
2026_06_TEN_IND,2026,REG,6,2026-10-18,Indianapolis Colts,Tennessee Titans,0,,,7,7,1,,,,,,,,,,fieldturf,,,,,,,Shane Steichen,Robert Saleh,IND,TEN
2026_06_BAL_CLE,2026,REG,6,2026-10-18,Cleveland Browns,Baltimore Ravens,0,,,7,7,1,,,,,,,,,outdoors,grass,,,,,,,Todd Monken,Jesse Minter,CLE,BAL
2026_06_CHI_ATL,2026,REG,6,2026-10-18,Atlanta Falcons,Chicago Bears,0,,,7,7,0,,,,,,,,,,fieldturf,,,,,,,Raheem Morris,Ben Johnson,ATL,CHI
2026_06_HOU_JAX,2026,REG,6,2026-10-18,Jacksonville Jaguars,Houston Texans,1,,,7,7,1,-105.0,-115.0,-1.5,-118.0,-102.0,41.5,-110.0,-110.0,outdoors,grass,,,,,,,Liam Coen,DeMeco Ryans,JAX,HOU
2026_06_NO_NYG,2026,REG,6,2026-10-18,New York Giants,New Orleans Saints,0,,,7,7,0,-148.0,124.0,2.5,-115.0,-105.0,45.5,-110.0,-110.0,outdoors,fieldturf,,,,,,,John Harbaugh,Kellen Moore,NYG,NO
2026_06_WAS_SF,2026,REG,6,2026-10-19,San Francisco 49ers,Washington Commanders,0,,,8,8,0,,,,,,,,,outdoors,grass,,,,,,,Kyle Shanahan,Dan Quinn,SF,WAS
2026_07_NE_CHI,2026,REG,7,2026-10-22,Chicago Bears,New England Patriots,0,,,4,4,0,,,,,,,,,outdoors,grass,,,,,,,Ben Johnson,Mike Vrabel,CHI,NE
2026_07_KC_SEA,2026,REG,7,2026-10-25,Seattle Seahawks,Kansas City Chiefs,0,,,10,7,0,,,,,,,,,outdoors,fieldturf,,,,,,,Mike Macdonald,Andy Reid,SEA,KC
2026_07_LA_LV,2026,REG,7,2026-10-25,Las Vegas Raiders,Los Angeles Rams,0,,,7,7,0,,,,,,,,,dome,grass,,,,,,,Klint Kubliak,Sean McVay,LV,LA
2026_07_GB_DET,2026,REG,7,2026-10-25,Detroit Lions,Green Bay Packers,0,,,14,7,1,,,,,,,,,dome,fieldturf,,,,,,,Dan Campbell,Matt LaFleur,DET,GB
2026_07_DEN_ARI,2026,REG,7,2026-10-25,Arizona Cardinals,Denver Broncos,0,,,7,10,0,,,,,,,,,,grass,,,,,,,Jonathan Gannon,Sean Payton,ARI,DEN
2026_07_CLE_TEN,2026,REG,7,2026-10-25,Tennessee Titans,Cleveland Browns,0,,,7,7,0,,,,,,,,,outdoors,grass,,,,,,,Robert Saleh,Todd Monken,TEN,CLE
2026_07_MIA_NYJ,2026,REG,7,2026-10-25,New York Jets,Miami Dolphins,0,,,7,14,1,,,,,,,,,outdoors,fieldturf,,,,,,,Aaron Glenn,Jeff Hafley,NYJ,MIA
2026_07_NYG_HOU,2026,REG,7,2026-10-25,Houston Texans,New York Giants,0,,,7,7,0,,,,,,,,,,astroturf,,,,,,,DeMeco Ryans,John Harbaugh,HOU,NYG
2026_07_PIT_NO,2026,REG,7,2026-10-25,New Orleans Saints,Pittsburgh Steelers,1,,,7,7,0,,,,,,,,,dome,sportturf,,,,,,,Kellen Moore,Mike McCarthy,NO,PIT
2026_07_SF_ATL,2026,REG,7,2026-10-25,Atlanta Falcons,San Francisco 49ers,0,,,7,6,0,,,,,,,,,,fieldturf,,,,,,,Raheem Morris,Kyle Shanahan,ATL,SF
2026_07_IND_MIN,2026,REG,7,2026-10-25,Minnesota Vikings,Indianapolis Colts,0,,,14,7,0,,,,,,,,,dome,sportturf,,,,,,,Kevin O'Connell,Shane Steichen,MIN,IND
2026_07_TB_CAR,2026,REG,7,2026-10-25,Carolina Panthers,Tampa Bay Buccaneers,0,,,7,7,1,,,,,,,,,outdoors,grass,,,,,,,Dave Canales,Todd Bowles,CAR,TB
2026_07_CIN_BAL,2026,REG,7,2026-10-25,Baltimore Ravens,Cincinnati Bengals,0,,,7,14,1,,,,,,,,,outdoors,grass,,,,,,,Jesse Minter,Zac Taylor,BAL,CIN
2026_07_DAL_PHI,2026,REG,7,2026-10-26,Philadelphia Eagles,Dallas Cowboys,0,,,8,8,1,,,,,,,,,outdoors,grass,,,,,,,Nick Sirianni,Brian Schottenheimer,PHI,DAL
2026_08_CAR_GB,2026,REG,8,2026-10-29,Green Bay Packers,Carolina Panthers,0,,,4,4,0,,,,,,,,,outdoors,grass,,,,,,,Matt LaFleur,Dave Canales,GB,CAR
2026_08_PHI_WAS,2026,REG,8,2026-11-01,Washington Commanders,Philadelphia Eagles,0,,,13,6,1,,,,,,,,,outdoors,grass,,,,,,,Dan Quinn,Nick Sirianni,WAS,PHI
2026_08_NE_MIA,2026,REG,8,2026-11-01,Miami Dolphins,New England Patriots,0,,,7,10,1,,,,,,,,,outdoors,grass,,,,,,,Jeff Hafley,Mike Vrabel,MIA,NE
2026_08_KC_DEN,2026,REG,8,2026-11-01,Denver Broncos,Kansas City Chiefs,0,,,7,7,1,,,,,,,,,outdoors,grass,,,,,,,Sean Payton,Andy Reid,DEN,KC
2026_08_LAC_LA,2026,REG,8,2026-11-01,Los Angeles Rams,Los Angeles Chargers,0,,,7,14,0,,,,,,,,,dome,matrixturf,,,,,,,Sean McVay,Jim Harbaugh,LA,LAC
2026_08_CLE_PIT,2026,REG,8,2026-11-01,Pittsburgh Steelers,Cleveland Browns,0,,,7,7,1,,,,,,,,,outdoors,grass,,,,,,,Mike McCarthy,Todd Monken,PIT,CLE
2026_08_ATL_TB,2026,REG,8,2026-11-01,Tampa Bay Buccaneers,Atlanta Falcons,0,,,7,7,1,,,,,,,,,outdoors,grass,,,,,,,Todd Bowles,Raheem Morris,TB,ATL
2026_08_IND_JAX,2026,REG,8,2026-11-01,Jacksonville Jaguars,Indianapolis Colts,0,,,14,7,1,,,,,,,,,outdoors,grass,,,,,,,Liam Coen,Shane Steichen,JAX,IND
2026_08_MIN_DET,2026,REG,8,2026-11-01,Detroit Lions,Minnesota Vikings,0,,,7,7,1,,,,,,,,,dome,fieldturf,,,,,,,Dan Campbell,Kevin O'Connell,DET,MIN
2026_08_ARI_DAL,2026,REG,8,2026-11-01,Dallas Cowboys,Arizona Cardinals,0,,,6,7,0,,,,,,,,,,matrixturf,,,,,,,Brian Schottenheimer,Jonathan Gannon,DAL,ARI
2026_08_TEN_CIN,2026,REG,8,2026-11-01,Cincinnati Bengals,Tennessee Titans,0,,,7,7,0,,,,,,,,,outdoors,fieldturf,,,,,,,Zac Taylor,Robert Saleh,CIN,TEN
2026_08_BAL_BUF,2026,REG,8,2026-11-01,Buffalo Bills,Baltimore Ravens,0,,,14,7,0,,,,,,,,,outdoors,a_turf,,,,,,,Sean McDermott,Jesse Minter,BUF,BAL
2026_08_LV_NYJ,2026,REG,8,2026-11-01,New York Jets,Las Vegas Raiders,0,,,7,7,0,,,,,,,,,outdoors,fieldturf,,,,,,,Aaron Glenn,Klint Kubliak,NYJ,LV
2026_08_CHI_SEA,2026,REG,8,2026-11-02,Seattle Seahawks,Chicago Bears,0,,,8,11,0,,,,,,,,,outdoors,fieldturf,,,,,,,Mike Macdonald,Ben Johnson,SEA,CHI
2026_09_JAX_BAL,2026,REG,9,2026-11-05,Baltimore Ravens,Jacksonville Jaguars,0,,,4,4,0,,,,,,,,,outdoors,grass,,,,,,,Jesse Minter,Liam Coen,BAL,JAX
2026_09_TB_CHI,2026,REG,9,2026-11-08,Chicago Bears,Tampa Bay Buccaneers,0,,,6,7,0,,,,,,,,,outdoors,grass,,,,,,,Ben Johnson,Todd Bowles,CHI,TB
2026_09_ARI_SEA,2026,REG,9,2026-11-08,Seattle Seahawks,Arizona Cardinals,0,,,6,7,1,,,,,,,,,outdoors,fieldturf,,,,,,,Mike Macdonald,Jonathan Gannon,SEA,ARI
2026_09_GB_NE,2026,REG,9,2026-11-08,New England Patriots,Green Bay Packers,0,,,7,10,0,,,,,,,,,outdoors,fieldturf,,,,,,,Mike Vrabel,Matt LaFleur,NE,GB
2026_09_LV_SF,2026,REG,9,2026-11-08,San Francisco 49ers,Las Vegas Raiders,0,,,14,7,0,,,,,,,,,outdoors,grass,,,,,,,Kyle Shanahan,Klint Kubliak,SF,LV
2026_09_HOU_LAC,2026,REG,9,2026-11-08,Los Angeles Chargers,Houston Texans,0,,,7,14,0,,,,,,,,,dome,matrixturf,,,,,,,Jim Harbaugh,DeMeco Ryans,LAC,HOU
2026_09_LA_WAS,2026,REG,9,2026-11-08,Washington Commanders,Los Angeles Rams,0,,,7,7,0,,,,,,,,,outdoors,grass,,,,,,,Dan Quinn,Sean McVay,WAS,LA
2026_09_CLE_NO,2026,REG,9,2026-11-08,New Orleans Saints,Cleveland Browns,0,,,14,7,0,,,,,,,,,dome,sportturf,,,,,,,Kellen Moore,Todd Monken,NO,CLE
2026_09_DET_MIA,2026,REG,9,2026-11-08,Miami Dolphins,Detroit Lions,0,,,7,7,0,,,,,,,,,outdoors,grass,,,,,,,Jeff Hafley,Dan Campbell,MIA,DET
2026_09_NYJ_KC,2026,REG,9,2026-11-08,Kansas City Chiefs,New York Jets,0,,,7,7,0,,,,,,,,,outdoors,grass,,,,,,,Andy Reid,Aaron Glenn,KC,NYJ
2026_09_DAL_IND,2026,REG,9,2026-11-08,Indianapolis Colts,Dallas Cowboys,0,,,7,7,0,,,,,,,,,,fieldturf,,,,,,,Shane Steichen,Brian Schottenheimer,IND,DAL
2026_09_DEN_CAR,2026,REG,9,2026-11-08,Carolina Panthers,Denver Broncos,0,,,10,7,0,,,,,,,,,outdoors,grass,,,,,,,Dave Canales,Sean Payton,CAR,DEN
2026_09_CIN_ATL,2026,REG,9,2026-11-08,Atlanta Falcons,Cincinnati Bengals,1,,,7,7,0,,,,,,,,,,fieldturf,,,,,,,Raheem Morris,Zac Taylor,ATL,CIN
2026_09_NYG_PHI,2026,REG,9,2026-11-08,Philadelphia Eagles,New York Giants,0,,,7,14,1,,,,,,,,,outdoors,grass,,,,,,,Nick Sirianni,John Harbaugh,PHI,NYG
2026_09_BUF_MIN,2026,REG,9,2026-11-09,Minnesota Vikings,Buffalo Bills,0,,,8,8,0,,,,,,,,,dome,sportturf,,,,,,,Kevin O'Connell,Sean McDermott,MIN,BUF
2026_10_WAS_NYG,2026,REG,10,2026-11-12,New York Giants,Washington Commanders,0,,,4,4,1,,,,,,,,,outdoors,fieldturf,,,,,,,John Harbaugh,Dan Quinn,NYG,WAS
2026_10_PIT_CIN,2026,REG,10,2026-11-15,Cincinnati Bengals,Pittsburgh Steelers,0,,,7,14,1,,,,,,,,,outdoors,fieldturf,,,,,,,Zac Taylor,Mike McCarthy,CIN,PIT
2026_10_SF_DAL,2026,REG,10,2026-11-15,Dallas Cowboys,San Francisco 49ers,0,,,7,7,0,,,,,,,,,,matrixturf,,,,,,,Brian Schottenheimer,Kyle Shanahan,DAL,SF
2026_10_SEA_LV,2026,REG,10,2026-11-15,Las Vegas Raiders,Seattle Seahawks,0,,,7,7,0,,,,,,,,,dome,grass,,,,,,,Klint Kubliak,Mike Macdonald,LV,SEA
2026_10_LA_ARI,2026,REG,10,2026-11-15,Arizona Cardinals,Los Angeles Rams,0,,,7,7,1,,,,,,,,,,grass,,,,,,,Jonathan Gannon,Sean McVay,ARI,LA
2026_10_JAX_TEN,2026,REG,10,2026-11-15,Tennessee Titans,Jacksonville Jaguars,0,,,14,10,1,,,,,,,,,outdoors,grass,,,,,,,Robert Saleh,Liam Coen,TEN,JAX
2026_10_BUF_NYJ,2026,REG,10,2026-11-15,New York Jets,Buffalo Bills,0,,,7,6,1,,,,,,,,,outdoors,fieldturf,,,,,,,Aaron Glenn,Sean McDermott,NYJ,BUF
2026_10_CAR_NO,2026,REG,10,2026-11-15,New Orleans Saints,Carolina Panthers,0,,,7,7,1,,,,,,,,,dome,sportturf,,,,,,,Kellen Moore,Dave Canales,NO,CAR
2026_10_MIN_GB,2026,REG,10,2026-11-15,Green Bay Packers,Minnesota Vikings,0,,,7,6,1,,,,,,,,,outdoors,grass,,,,,,,Matt LaFleur,Kevin O'Connell,GB,MIN
2026_10_HOU_CLE,2026,REG,10,2026-11-15,Cleveland Browns,Houston Texans,0,,,7,7,0,,,,,,,,,outdoors,grass,,,,,,,Todd Monken,DeMeco Ryans,CLE,HOU
2026_10_KC_ATL,2026,REG,10,2026-11-15,Atlanta Falcons,Kansas City Chiefs,0,,,7,7,0,,,,,,,,,,fieldturf,,,,,,,Raheem Morris,Andy Reid,ATL,KC
2026_10_NE_DET,2026,REG,10,2026-11-15,Detroit Lions,New England Patriots,1,,,7,7,0,,,,,,,,,dome,fieldturf,,,,,,,Dan Campbell,Mike Vrabel,DET,NE
2026_10_MIA_IND,2026,REG,10,2026-11-15,Indianapolis Colts,Miami Dolphins,0,,,7,7,0,,,,,,,,,,fieldturf,,,,,,,Shane Steichen,Jeff Hafley,IND,MIA
2026_10_LAC_BAL,2026,REG,10,2026-11-16,Baltimore Ravens,Los Angeles Chargers,0,,,11,8,0,,,,,,,,,outdoors,grass,,,,,,,Jesse Minter,Jim Harbaugh,BAL,LAC
2026_11_IND_HOU,2026,REG,11,2026-11-19,Houston Texans,Indianapolis Colts,0,,,4,4,1,,,,,,,,,,astroturf,,,,,,,DeMeco Ryans,Shane Steichen,HOU,IND
2026_11_MIN_SF,2026,REG,11,2026-11-22,San Francisco 49ers,Minnesota Vikings,1,,,7,7,0,,,,,,,,,outdoors,grass,,,,,,,Kyle Shanahan,Kevin O'Connell,SF,MIN
2026_11_PIT_PHI,2026,REG,11,2026-11-22,Philadelphia Eagles,Pittsburgh Steelers,0,,,14,7,0,,,,,,,,,outdoors,grass,,,,,,,Nick Sirianni,Mike McCarthy,PHI,PIT
2026_11_LV_DEN,2026,REG,11,2026-11-22,Denver Broncos,Las Vegas Raiders,0,,,14,7,1,,,,,,,,,outdoors,grass,,,,,,,Sean Payton,Klint Kubliak,DEN,LV
2026_11_NYJ_LAC,2026,REG,11,2026-11-22,Los Angeles Chargers,New York Jets,0,,,6,7,0,,,,,,,,,dome,matrixturf,,,,,,,Jim Harbaugh,Aaron Glenn,LAC,NYJ
2026_11_JAX_NYG,2026,REG,11,2026-11-22,New York Giants,Jacksonville Jaguars,0,,,10,7,0,,,,,,,,,outdoors,fieldturf,,,,,,,John Harbaugh,Liam Coen,NYG,JAX
2026_11_ARI_KC,2026,REG,11,2026-11-22,Kansas City Chiefs,Arizona Cardinals,0,,,7,7,0,,,,,,,,,outdoors,grass,,,,,,,Andy Reid,Jonathan Gannon,KC,ARI
2026_11_TEN_DAL,2026,REG,11,2026-11-22,Dallas Cowboys,Tennessee Titans,0,,,7,7,0,,,,,,,,,,matrixturf,,,,,,,Brian Schottenheimer,Robert Saleh,DAL,TEN
2026_11_NO_CHI,2026,REG,11,2026-11-22,Chicago Bears,New Orleans Saints,0,,,14,7,0,,,,,,,,,outdoors,grass,,,,,,,Ben Johnson,Kellen Moore,CHI,NO
2026_11_BAL_CAR,2026,REG,11,2026-11-22,Carolina Panthers,Baltimore Ravens,0,,,7,6,0,,,,,,,,,outdoors,grass,,,,,,,Dave Canales,Jesse Minter,CAR,BAL
2026_11_MIA_BUF,2026,REG,11,2026-11-22,Buffalo Bills,Miami Dolphins,0,,,7,7,1,,,,,,,,,outdoors,a_turf,,,,,,,Sean McDermott,Jeff Hafley,BUF,MIA
2026_11_TB_DET,2026,REG,11,2026-11-22,Detroit Lions,Tampa Bay Buccaneers,0,,,7,14,0,,,,,,,,,dome,fieldturf,,,,,,,Dan Campbell,Todd Bowles,DET,TB
2026_11_CIN_WAS,2026,REG,11,2026-11-23,Washington Commanders,Cincinnati Bengals,0,,,11,8,0,,,,,,,,,outdoors,grass,,,,,,,Dan Quinn,Zac Taylor,WAS,CIN
2026_12_GB_LA,2026,REG,12,2026-11-25,Los Angeles Rams,Green Bay Packers,0,,,10,10,0,,,,,,,,,dome,matrixturf,,,,,,,Sean McVay,Matt LaFleur,LA,GB
2026_12_CHI_DET,2026,REG,12,2026-11-26,Detroit Lions,Chicago Bears,0,,,4,4,1,,,,,,,,,dome,fieldturf,,,,,,,Dan Campbell,Ben Johnson,DET,CHI
2026_12_PHI_DAL,2026,REG,12,2026-11-26,Dallas Cowboys,Philadelphia Eagles,0,,,4,4,1,,,,,,,,,,matrixturf,,,,,,,Brian Schottenheimer,Nick Sirianni,DAL,PHI
2026_12_KC_BUF,2026,REG,12,2026-11-26,Buffalo Bills,Kansas City Chiefs,0,,,4,4,0,,,,,,,,,outdoors,a_turf,,,,,,,Sean McDermott,Andy Reid,BUF,KC
2026_12_DEN_PIT,2026,REG,12,2026-11-27,Pittsburgh Steelers,Denver Broncos,0,,,5,5,0,,,,,,,,,outdoors,grass,,,,,,,Mike McCarthy,Sean Payton,PIT,DEN
2026_12_NE_LAC,2026,REG,12,2026-11-29,Los Angeles Chargers,New England Patriots,0,,,7,14,0,,,,,,,,,dome,matrixturf,,,,,,,Jim Harbaugh,Mike Vrabel,LAC,NE
2026_12_SEA_SF,2026,REG,12,2026-11-29,San Francisco 49ers,Seattle Seahawks,0,,,7,14,1,,,,,,,,,outdoors,grass,,,,,,,Kyle Shanahan,Mike Macdonald,SF,SEA
2026_12_WAS_ARI,2026,REG,12,2026-11-29,Arizona Cardinals,Washington Commanders,0,,,7,6,0,,,,,,,,,,grass,,,,,,,Jonathan Gannon,Dan Quinn,ARI,WAS
2026_12_TEN_JAX,2026,REG,12,2026-11-29,Jacksonville Jaguars,Tennessee Titans,0,,,7,7,1,,,,,,,,,outdoors,grass,,,,,,,Liam Coen,Robert Saleh,JAX,TEN
2026_12_ATL_MIN,2026,REG,12,2026-11-29,Minnesota Vikings,Atlanta Falcons,0,,,7,14,0,,,,,,,,,dome,sportturf,,,,,,,Kevin O'Connell,Raheem Morris,MIN,ATL
2026_12_BAL_HOU,2026,REG,12,2026-11-29,Houston Texans,Baltimore Ravens,0,,,10,7,0,,,,,,,,,,astroturf,,,,,,,DeMeco Ryans,Jesse Minter,HOU,BAL
2026_12_NYG_IND,2026,REG,12,2026-11-29,Indianapolis Colts,New York Giants,0,,,10,7,0,,,,,,,,,,fieldturf,,,,,,,Shane Steichen,John Harbaugh,IND,NYG
2026_12_LV_CLE,2026,REG,12,2026-11-29,Cleveland Browns,Las Vegas Raiders,0,,,14,7,0,,,,,,,,,outdoors,grass,,,,,,,Todd Monken,Klint Kubliak,CLE,LV
2026_12_NO_CIN,2026,REG,12,2026-11-29,Cincinnati Bengals,New Orleans Saints,0,,,6,7,0,,,,,,,,,outdoors,fieldturf,,,,,,,Zac Taylor,Kellen Moore,CIN,NO
2026_12_NYJ_MIA,2026,REG,12,2026-11-29,Miami Dolphins,New York Jets,0,,,7,7,1,,,,,,,,,outdoors,grass,,,,,,,Jeff Hafley,Aaron Glenn,MIA,NYJ
2026_12_CAR_TB,2026,REG,12,2026-11-30,Tampa Bay Buccaneers,Carolina Panthers,0,,,8,8,1,,,,,,,,,outdoors,grass,,,,,,,Todd Bowles,Dave Canales,TB,CAR
2026_13_KC_LA,2026,REG,13,2026-12-03,Los Angeles Rams,Kansas City Chiefs,0,,,8,7,0,,,,,,,,,dome,matrixturf,,,,,,,Sean McVay,Andy Reid,LA,KC
2026_13_MIA_DEN,2026,REG,13,2026-12-06,Denver Broncos,Miami Dolphins,0,,,9,7,0,,,,,,,,,outdoors,grass,,,,,,,Sean Payton,Jeff Hafley,DEN,MIA
2026_13_HOU_PIT,2026,REG,13,2026-12-06,Pittsburgh Steelers,Houston Texans,0,,,9,7,0,,,,,,,,,outdoors,grass,,,,,,,Mike McCarthy,DeMeco Ryans,PIT,HOU
2026_13_BUF_NE,2026,REG,13,2026-12-06,New England Patriots,Buffalo Bills,0,,,7,10,1,,,,,,,,,outdoors,fieldturf,,,,,,,Mike Vrabel,Sean McDermott,NE,BUF
2026_13_CAR_MIN,2026,REG,13,2026-12-06,Minnesota Vikings,Carolina Panthers,0,,,7,6,0,,,,,,,,,dome,sportturf,,,,,,,Kevin O'Connell,Dave Canales,MIN,CAR
2026_13_PHI_ARI,2026,REG,13,2026-12-06,Arizona Cardinals,Philadelphia Eagles,0,,,7,10,0,,,,,,,,,,grass,,,,,,,Jonathan Gannon,Nick Sirianni,ARI,PHI
2026_13_WAS_TEN,2026,REG,13,2026-12-06,Tennessee Titans,Washington Commanders,0,,,7,7,0,,,,,,,,,outdoors,grass,,,,,,,Robert Saleh,Dan Quinn,TEN,WAS
2026_13_SF_NYG,2026,REG,13,2026-12-06,New York Giants,San Francisco 49ers,0,,,7,7,0,,,,,,,,,outdoors,fieldturf,,,,,,,John Harbaugh,Kyle Shanahan,NYG,SF
2026_13_GB_NO,2026,REG,13,2026-12-06,New Orleans Saints,Green Bay Packers,0,,,7,11,0,,,,,,,,,dome,sportturf,,,,,,,Kellen Moore,Matt LaFleur,NO,GB
2026_13_CIN_CLE,2026,REG,13,2026-12-06,Cleveland Browns,Cincinnati Bengals,0,,,7,7,1,,,,,,,,,outdoors,grass,,,,,,,Todd Monken,Zac Taylor,CLE,CIN
2026_13_JAX_CHI,2026,REG,13,2026-12-06,Chicago Bears,Jacksonville Jaguars,0,,,10,7,0,,,,,,,,,outdoors,grass,,,,,,,Ben Johnson,Liam Coen,CHI,JAX
2026_13_DET_ATL,2026,REG,13,2026-12-06,Atlanta Falcons,Detroit Lions,0,,,7,10,0,,,,,,,,,,fieldturf,,,,,,,Raheem Morris,Dan Campbell,ATL,DET
2026_13_LAC_TB,2026,REG,13,2026-12-06,Tampa Bay Buccaneers,Los Angeles Chargers,0,,,6,7,0,,,,,,,,,outdoors,grass,,,,,,,Todd Bowles,Jim Harbaugh,TB,LAC
2026_13_DAL_SEA,2026,REG,13,2026-12-07,Seattle Seahawks,Dallas Cowboys,0,,,8,11,0,,,,,,,,,outdoors,fieldturf,,,,,,,Mike Macdonald,Brian Schottenheimer,SEA,DAL
2026_14_MIN_NE,2026,REG,14,2026-12-10,New England Patriots,Minnesota Vikings,0,,,4,4,0,,,,,,,,,outdoors,fieldturf,,,,,,,Mike Vrabel,Kevin O'Connell,NE,MIN
2026_14_HOU_WAS,2026,REG,14,2026-12-13,Washington Commanders,Houston Texans,0,,,7,7,0,,,,,,,,,outdoors,grass,,,,,,,Dan Quinn,DeMeco Ryans,WAS,HOU
2026_14_BUF_GB,2026,REG,14,2026-12-13,Green Bay Packers,Buffalo Bills,0,,,7,7,0,,,,,,,,,outdoors,grass,,,,,,,Matt LaFleur,Sean McDermott,GB,BUF
2026_14_LA_SF,2026,REG,14,2026-12-13,San Francisco 49ers,Los Angeles Rams,0,,,7,10,1,,,,,,,,,outdoors,grass,,,,,,,Kyle Shanahan,Sean McVay,SF,LA
2026_14_NYG_SEA,2026,REG,14,2026-12-13,Seattle Seahawks,New York Giants,0,,,6,7,0,,,,,,,,,outdoors,fieldturf,,,,,,,Mike Macdonald,John Harbaugh,SEA,NYG
2026_14_KC_CIN,2026,REG,14,2026-12-13,Cincinnati Bengals,Kansas City Chiefs,0,,,7,10,0,,,,,,,,,outdoors,fieldturf,,,,,,,Zac Taylor,Andy Reid,CIN,KC
2026_14_LAC_LV,2026,REG,14,2026-12-13,Las Vegas Raiders,Los Angeles Chargers,0,,,14,7,1,,,,,,,,,dome,grass,,,,,,,Klint Kubliak,Jim Harbaugh,LV,LAC
2026_14_DEN_NYJ,2026,REG,14,2026-12-13,New York Jets,Denver Broncos,0,,,14,7,0,,,,,,,,,outdoors,fieldturf,,,,,,,Aaron Glenn,Sean Payton,NYJ,DEN
2026_14_CHI_MIA,2026,REG,14,2026-12-13,Miami Dolphins,Chicago Bears,0,,,7,7,0,,,,,,,,,outdoors,grass,,,,,,,Jeff Hafley,Ben Johnson,MIA,CHI
2026_14_TEN_DET,2026,REG,14,2026-12-13,Detroit Lions,Tennessee Titans,0,,,7,7,0,,,,,,,,,dome,fieldturf,,,,,,,Dan Campbell,Robert Saleh,DET,TEN
2026_14_ATL_CLE,2026,REG,14,2026-12-13,Cleveland Browns,Atlanta Falcons,0,,,7,7,0,,,,,,,,,outdoors,grass,,,,,,,Todd Monken,Raheem Morris,CLE,ATL
2026_14_NO_CAR,2026,REG,14,2026-12-13,Carolina Panthers,New Orleans Saints,0,,,7,7,1,,,,,,,,,outdoors,grass,,,,,,,Dave Canales,Kellen Moore,CAR,NO
2026_14_TB_BAL,2026,REG,14,2026-12-13,Baltimore Ravens,Tampa Bay Buccaneers,0,,,14,7,0,,,,,,,,,outdoors,grass,,,,,,,Jesse Minter,Todd Bowles,BAL,TB
2026_14_IND_PHI,2026,REG,14,2026-12-13,Philadelphia Eagles,Indianapolis Colts,0,,,7,14,0,,,,,,,,,outdoors,grass,,,,,,,Nick Sirianni,Shane Steichen,PHI,IND
2026_14_PIT_JAX,2026,REG,14,2026-12-14,Jacksonville Jaguars,Pittsburgh Steelers,0,,,8,8,0,,,,,,,,,outdoors,grass,,,,,,,Liam Coen,Mike McCarthy,JAX,PIT
2026_15_SF_LAC,2026,REG,15,2026-12-17,Los Angeles Chargers,San Francisco 49ers,0,,,4,4,0,,,,,,,,,dome,matrixturf,,,,,,,Jim Harbaugh,Kyle Shanahan,LAC,SF
2026_15_SEA_PHI,2026,REG,15,2026-12-19,Philadelphia Eagles,Seattle Seahawks,0,,,6,6,0,,,,,,,,,outdoors,grass,,,,,,,Nick Sirianni,Mike Macdonald,PHI,SEA
2026_15_CHI_BUF,2026,REG,15,2026-12-19,Buffalo Bills,Chicago Bears,0,,,6,6,0,,,,,,,,,outdoors,a_turf,,,,,,,Sean McDermott,Ben Johnson,BUF,CHI
2026_15_DET_MIN,2026,REG,15,2026-12-20,Minnesota Vikings,Detroit Lions,0,,,10,7,1,,,,,,,,,dome,sportturf,,,,,,,Kevin O'Connell,Dan Campbell,MIN,DET
2026_15_NYJ_ARI,2026,REG,15,2026-12-20,Arizona Cardinals,New York Jets,0,,,14,7,0,,,,,,,,,,grass,,,,,,,Jonathan Gannon,Aaron Glenn,ARI,NYJ
2026_15_ATL_WAS,2026,REG,15,2026-12-20,Washington Commanders,Atlanta Falcons,0,,,7,7,0,,,,,,,,,outdoors,grass,,,,,,,Dan Quinn,Raheem Morris,WAS,ATL
2026_15_DEN_LV,2026,REG,15,2026-12-20,Las Vegas Raiders,Denver Broncos,0,,,7,7,1,,,,,,,,,dome,grass,,,,,,,Klint Kubliak,Sean Payton,LV,DEN
2026_15_DAL_LA,2026,REG,15,2026-12-20,Los Angeles Rams,Dallas Cowboys,0,,,7,13,0,,,,,,,,,dome,matrixturf,,,,,,,Sean McVay,Brian Schottenheimer,LA,DAL
2026_15_IND_TEN,2026,REG,15,2026-12-20,Tennessee Titans,Indianapolis Colts,0,,,7,7,1,,,,,,,,,outdoors,grass,,,,,,,Robert Saleh,Shane Steichen,TEN,IND
2026_15_CLE_NYG,2026,REG,15,2026-12-20,New York Giants,Cleveland Browns,0,,,7,7,0,,,,,,,,,outdoors,fieldturf,,,,,,,John Harbaugh,Todd Monken,NYG,CLE
2026_15_BAL_PIT,2026,REG,15,2026-12-20,Pittsburgh Steelers,Baltimore Ravens,0,,,6,7,1,,,,,,,,,outdoors,grass,,,,,,,Mike McCarthy,Jesse Minter,PIT,BAL
2026_15_JAX_HOU,2026,REG,15,2026-12-20,Houston Texans,Jacksonville Jaguars,0,,,7,6,1,,,,,,,,,,astroturf,,,,,,,DeMeco Ryans,Liam Coen,HOU,JAX
2026_15_MIA_GB,2026,REG,15,2026-12-20,Green Bay Packers,Miami Dolphins,0,,,7,7,0,,,,,,,,,outdoors,grass,,,,,,,Matt LaFleur,Jeff Hafley,GB,MIA
2026_15_CIN_CAR,2026,REG,15,2026-12-20,Carolina Panthers,Cincinnati Bengals,0,,,7,7,0,,,,,,,,,outdoors,grass,,,,,,,Dave Canales,Zac Taylor,CAR,CIN
2026_15_NO_TB,2026,REG,15,2026-12-20,Tampa Bay Buccaneers,New Orleans Saints,0,,,7,7,1,,,,,,,,,outdoors,grass,,,,,,,Todd Bowles,Kellen Moore,TB,NO
2026_15_NE_KC,2026,REG,15,2026-12-21,Kansas City Chiefs,New England Patriots,0,,,8,11,0,,,,,,,,,outdoors,grass,,,,,,,Andy Reid,Mike Vrabel,KC,NE
2026_16_HOU_PHI,2026,REG,16,2026-12-24,Philadelphia Eagles,Houston Texans,0,,,5,4,0,,,,,,,,,outdoors,grass,,,,,,,Nick Sirianni,DeMeco Ryans,PHI,HOU
2026_16_GB_CHI,2026,REG,16,2026-12-25,Chicago Bears,Green Bay Packers,0,,,6,5,1,,,,,,,,,outdoors,grass,,,,,,,Ben Johnson,Matt LaFleur,CHI,GB
2026_16_BUF_DEN,2026,REG,16,2026-12-25,Denver Broncos,Buffalo Bills,0,,,5,6,0,,,,,,,,,outdoors,grass,,,,,,,Sean Payton,Sean McDermott,DEN,BUF
2026_16_LA_SEA,2026,REG,16,2026-12-25,Seattle Seahawks,Los Angeles Rams,0,,,6,5,1,,,,,,,,,outdoors,fieldturf,,,,,,,Mike Macdonald,Sean McVay,SEA,LA
2026_16_JAX_DAL,2026,REG,16,2026-12-27,Dallas Cowboys,Jacksonville Jaguars,0,,,7,7,0,,,,,,,,,,matrixturf,,,,,,,Brian Schottenheimer,Liam Coen,DAL,JAX
2026_16_SF_KC,2026,REG,16,2026-12-27,Kansas City Chiefs,San Francisco 49ers,0,,,6,10,0,,,,,,,,,outdoors,grass,,,,,,,Andy Reid,Kyle Shanahan,KC,SF
2026_16_TEN_LV,2026,REG,16,2026-12-27,Las Vegas Raiders,Tennessee Titans,0,,,7,7,0,,,,,,,,,dome,grass,,,,,,,Klint Kubliak,Robert Saleh,LV,TEN
2026_16_CAR_PIT,2026,REG,16,2026-12-27,Pittsburgh Steelers,Carolina Panthers,0,,,7,7,0,,,,,,,,,outdoors,grass,,,,,,,Mike McCarthy,Dave Canales,PIT,CAR
2026_16_NE_NYJ,2026,REG,16,2026-12-27,New York Jets,New England Patriots,0,,,7,6,1,,,,,,,,,outdoors,fieldturf,,,,,,,Aaron Glenn,Mike Vrabel,NYJ,NE
2026_16_WAS_MIN,2026,REG,16,2026-12-27,Minnesota Vikings,Washington Commanders,0,,,7,7,0,,,,,,,,,dome,sportturf,,,,,,,Kevin O'Connell,Dan Quinn,MIN,WAS
2026_16_LAC_MIA,2026,REG,16,2026-12-27,Miami Dolphins,Los Angeles Chargers,0,,,7,10,0,,,,,,,,,outdoors,grass,,,,,,,Jeff Hafley,Jim Harbaugh,MIA,LAC
2026_16_CIN_IND,2026,REG,16,2026-12-27,Indianapolis Colts,Cincinnati Bengals,0,,,7,7,0,,,,,,,,,,fieldturf,,,,,,,Shane Steichen,Zac Taylor,IND,CIN
2026_16_CLE_BAL,2026,REG,16,2026-12-27,Baltimore Ravens,Cleveland Browns,0,,,7,7,1,,,,,,,,,outdoors,grass,,,,,,,Jesse Minter,Todd Monken,BAL,CLE
2026_16_TB_ATL,2026,REG,16,2026-12-27,Atlanta Falcons,Tampa Bay Buccaneers,0,,,7,7,1,,,,,,,,,,fieldturf,,,,,,,Raheem Morris,Todd Bowles,ATL,TB
2026_16_ARI_NO,2026,REG,16,2026-12-27,New Orleans Saints,Arizona Cardinals,0,,,7,7,0,,,,,,,,,dome,sportturf,,,,,,,Kellen Moore,Jonathan Gannon,NO,ARI
2026_16_NYG_DET,2026,REG,16,2026-12-28,Detroit Lions,New York Giants,0,,,8,8,0,,,,,,,,,dome,fieldturf,,,,,,,Dan Campbell,John Harbaugh,DET,NYG
2026_17_BAL_CIN,2026,REG,17,2026-12-31,Cincinnati Bengals,Baltimore Ravens,0,,,4,4,1,,,,,,,,,outdoors,fieldturf,,,,,,,Zac Taylor,Jesse Minter,CIN,BAL
2026_17_MIN_NYJ,2026,REG,17,2027-01-03,New York Jets,Minnesota Vikings,0,,,7,7,0,,,,,,,,,outdoors,fieldturf,,,,,,,Aaron Glenn,Kevin O'Connell,NYJ,MIN
2026_17_DET_CHI,2026,REG,17,2027-01-03,Chicago Bears,Detroit Lions,0,,,9,6,1,,,,,,,,,outdoors,grass,,,,,,,Ben Johnson,Dan Campbell,CHI,DET
2026_17_LV_ARI,2026,REG,17,2027-01-03,Arizona Cardinals,Las Vegas Raiders,0,,,7,7,0,,,,,,,,,,grass,,,,,,,Jonathan Gannon,Klint Kubliak,ARI,LV
2026_17_PIT_TEN,2026,REG,17,2027-01-03,Tennessee Titans,Pittsburgh Steelers,0,,,7,7,0,,,,,,,,,outdoors,grass,,,,,,,Robert Saleh,Mike McCarthy,TEN,PIT
2026_17_PHI_SF,2026,REG,17,2027-01-03,San Francisco 49ers,Philadelphia Eagles,0,,,7,10,0,,,,,,,,,outdoors,grass,,,,,,,Kyle Shanahan,Nick Sirianni,SF,PHI
2026_17_LA_TB,2026,REG,17,2027-01-03,Tampa Bay Buccaneers,Los Angeles Rams,0,,,7,9,0,,,,,,,,,outdoors,grass,,,,,,,Todd Bowles,Sean McVay,TB,LA
2026_17_DEN_NE,2026,REG,17,2027-01-03,New England Patriots,Denver Broncos,0,,,7,9,0,,,,,,,,,outdoors,fieldturf,,,,,,,Mike Vrabel,Sean Payton,NE,DEN
2026_17_NYG_DAL,2026,REG,17,2027-01-03,Dallas Cowboys,New York Giants,0,,,7,6,1,,,,,,,,,,matrixturf,,,,,,,Brian Schottenheimer,John Harbaugh,DAL,NYG
2026_17_KC_LAC,2026,REG,17,2027-01-03,Los Angeles Chargers,Kansas City Chiefs,0,,,7,7,1,,,,,,,,,dome,matrixturf,,,,,,,Jim Harbaugh,Andy Reid,LAC,KC
2026_17_WAS_JAX,2026,REG,17,2027-01-03,Jacksonville Jaguars,Washington Commanders,0,,,7,7,0,,,,,,,,,outdoors,grass,,,,,,,Liam Coen,Dan Quinn,JAX,WAS
2026_17_IND_CLE,2026,REG,17,2027-01-03,Cleveland Browns,Indianapolis Colts,0,,,7,7,0,,,,,,,,,outdoors,grass,,,,,,,Todd Monken,Shane Steichen,CLE,IND
2026_17_SEA_CAR,2026,REG,17,2027-01-03,Carolina Panthers,Seattle Seahawks,0,,,7,9,0,,,,,,,,,outdoors,grass,,,,,,,Dave Canales,Mike Macdonald,CAR,SEA
2026_17_NO_ATL,2026,REG,17,2027-01-03,Atlanta Falcons,New Orleans Saints,0,,,7,7,1,,,,,,,,,,fieldturf,,,,,,,Raheem Morris,Kellen Moore,ATL,NO
2026_17_BUF_MIA,2026,REG,17,2027-01-03,Miami Dolphins,Buffalo Bills,0,,,7,9,1,,,,,,,,,outdoors,grass,,,,,,,Jeff Hafley,Sean McDermott,MIA,BUF
2026_17_HOU_GB,2026,REG,17,2027-01-04,Green Bay Packers,Houston Texans,0,,,10,11,0,,,,,,,,,outdoors,grass,,,,,,,Matt LaFleur,DeMeco Ryans,GB,HOU
2026_18_TB_NO,2026,REG,18,2027-01-10,New Orleans Saints,Tampa Bay Buccaneers,0,,,7,7,1,,,,,,,,,dome,sportturf,,,,,,,Kellen Moore,Todd Bowles,NO,TB
2026_18_MIA_NE,2026,REG,18,2027-01-10,New England Patriots,Miami Dolphins,0,,,7,7,1,,,,,,,,,outdoors,fieldturf,,,,,,,Mike Vrabel,Jeff Hafley,NE,MIA
2026_18_CHI_MIN,2026,REG,18,2027-01-10,Minnesota Vikings,Chicago Bears,0,,,7,7,1,,,,,,,,,dome,sportturf,,,,,,,Kevin O'Connell,Ben Johnson,MIN,CHI
2026_18_SEA_LA,2026,REG,18,2027-01-10,Los Angeles Rams,Seattle Seahawks,0,,,7,7,1,,,,,,,,,dome,matrixturf,,,,,,,Sean McVay,Mike Macdonald,LA,SEA
2026_18_LV_KC,2026,REG,18,2027-01-10,Kansas City Chiefs,Las Vegas Raiders,0,,,7,7,1,,,,,,,,,outdoors,grass,,,,,,,Andy Reid,Klint Kubliak,KC,LV
2026_18_JAX_IND,2026,REG,18,2027-01-10,Indianapolis Colts,Jacksonville Jaguars,0,,,7,7,1,,,,,,,,,,fieldturf,,,,,,,Shane Steichen,Liam Coen,IND,JAX
2026_18_TEN_HOU,2026,REG,18,2027-01-10,Houston Texans,Tennessee Titans,0,,,6,7,1,,,,,,,,,,astroturf,,,,,,,DeMeco Ryans,Robert Saleh,HOU,TEN
2026_18_CLE_CIN,2026,REG,18,2027-01-10,Cincinnati Bengals,Cleveland Browns,0,,,10,7,1,,,,,,,,,outdoors,fieldturf,,,,,,,Zac Taylor,Todd Monken,CIN,CLE
2026_18_LAC_DEN,2026,REG,18,2027-01-10,Denver Broncos,Los Angeles Chargers,0,,,7,7,1,,,,,,,,,outdoors,grass,,,,,,,Sean Payton,Jim Harbaugh,DEN,LAC
2026_18_ATL_CAR,2026,REG,18,2027-01-10,Carolina Panthers,Atlanta Falcons,0,,,7,7,1,,,,,,,,,outdoors,grass,,,,,,,Dave Canales,Raheem Morris,CAR,ATL
2026_18_NYJ_BUF,2026,REG,18,2027-01-10,Buffalo Bills,New York Jets,0,,,7,7,1,,,,,,,,,outdoors,a_turf,,,,,,,Sean McDermott,Aaron Glenn,BUF,NYJ
2026_18_PIT_BAL,2026,REG,18,2027-01-10,Baltimore Ravens,Pittsburgh Steelers,0,,,10,7,1,,,,,,,,,outdoors,grass,,,,,,,Jesse Minter,Mike McCarthy,BAL,PIT
2026_18_SF_ARI,2026,REG,18,2027-01-10,Arizona Cardinals,San Francisco 49ers,0,,,7,7,1,,,,,,,,,,grass,,,,,,,Jonathan Gannon,Kyle Shanahan,ARI,SF
2026_18_PHI_NYG,2026,REG,18,2027-01-10,New York Giants,Philadelphia Eagles,0,,,7,7,1,,,,,,,,,outdoors,fieldturf,,,,,,,John Harbaugh,Nick Sirianni,NYG,PHI
2026_18_DET_GB,2026,REG,18,2027-01-10,Green Bay Packers,Detroit Lions,0,,,6,7,1,,,,,,,,,outdoors,grass,,,,,,,Matt LaFleur,Dan Campbell,GB,DET
2026_18_DAL_WAS,2026,REG,18,2027-01-10,Washington Commanders,Dallas Cowboys,0,,,7,7,1,,,,,,,,,outdoors,grass,,,,,,,Dan Quinn,Brian Schottenheimer,WAS,DAL
