city,country,latitude,longitude,elevation_m,timezone,resolved_country,source,resolved_at
Sukhumi,Georgia,43.00697,40.9893,21.0,Europe/Moscow,Georgia,open-meteo,2026-08-08T18:53:25+00:00
Tirana,Albania,41.32744,19.81866,113.0,Europe/Tirane,Albania,open-meteo,2026-08-08T18:53:25+00:00
Elbasan,Albania,41.11138,20.08224,126.0,Europe/Tirane,Albania,open-meteo,2026-08-08T18:53:26+00:00
Shkodër,Albania,42.06828,19.51258,12.0,Europe/Tirane,Albania,open-meteo,2026-08-08T18:53:27+00:00
Alderney,Alderney,,,,,,open-meteo,2026-08-08T18:53:27+00:00
Blida,Algeria,36.47004,2.8277,256.0,Africa/Algiers,Algeria,open-meteo,2026-08-08T18:53:28+00:00
Algiers,Algeria,36.73225,3.08746,113.0,Africa/Algiers,Algeria,open-meteo,2026-08-08T18:53:28+00:00
Oran,Algeria,35.69906,-0.63588,118.0,Africa/Algiers,Algeria,open-meteo,2026-08-08T18:53:29+00:00
Constantine,Algeria,36.365,6.61472,574.0,Africa/Algiers,Algeria,open-meteo,2026-08-08T18:53:29+00:00
Tizi Ouzou,Algeria,36.71182,4.04591,206.0,Africa/Algiers,Algeria,open-meteo,2026-08-08T18:53:30+00:00
Annaba,Algeria,36.9,7.76667,5.0,Africa/Algiers,Algeria,open-meteo,2026-08-08T18:53:30+00:00
Bir El Djir,Algeria,35.72,-0.545,162.0,Africa/Algiers,Algeria,open-meteo,2026-08-08T18:53:31+00:00
Sidi Moussa,Algeria,36.60637,3.08783,46.0,Africa/Algiers,Algeria,open-meteo,2026-08-08T18:53:31+00:00
Andorra la Vella,Andorra,42.50779,1.52109,1037.0,Europe/Andorra,Andorra,open-meteo,2026-08-08T18:53:32+00:00
Sant Julià de Lòria,Andorra,42.46372,1.49129,921.0,Europe/Andorra,Andorra,open-meteo,2026-08-08T18:53:32+00:00
Encamp,Andorra,42.53474,1.58014,1257.0,Europe/Andorra,Andorra,open-meteo,2026-08-08T18:53:33+00:00
Luanda,Angola,-8.83682,13.23432,73.0,Africa/Luanda,Angola,open-meteo,2026-08-08T18:53:33+00:00
Lubango,Angola,-14.91717,13.4925,1760.0,Africa/Luanda,Angola,open-meteo,2026-08-08T18:53:34+00:00
Talatona,Angola,-8.91783,13.18562,56.0,Africa/Luanda,Angola,open-meteo,2026-08-08T18:53:35+00:00
The Valley,Anguilla,,,,,,open-meteo,2026-08-08T18:53:35+00:00
North Sound,Antigua and Barbuda,17.09563,-61.78366,24.0,America/Antigua,Antigua and Barbuda,open-meteo,2026-08-08T18:53:36+00:00
Piggotts,Antigua and Barbuda,17.11667,-61.8,11.0,America/Antigua,Antigua and Barbuda,open-meteo,2026-08-08T18:53:36+00:00
St. John's,Antigua and Barbuda,,,,,,open-meteo,2026-08-08T18:53:37+00:00
Buenos Aires,Argentina,-34.61315,-58.37723,31.0,America/Argentina/Buenos_Aires,Argentina,open-meteo,2026-08-08T18:53:37+00:00
Córdoba,Argentina,-31.40648,-64.18853,378.0,America/Argentina/Cordoba,Argentina,open-meteo,2026-08-08T18:53:38+00:00
San Juan,Argentina,-31.53726,-68.52568,646.0,America/Argentina/San_Juan,Argentina,open-meteo,2026-08-08T18:53:38+00:00
Mendoza,Argentina,-32.88946,-68.84582,853.0,America/Argentina/Mendoza,Argentina,open-meteo,2026-08-08T18:53:39+00:00
Santiago del Estero,Argentina,-27.80047,-64.26285,176.0,America/Argentina/Cordoba,Argentina,open-meteo,2026-08-08T18:53:39+00:00
Yerevan,Armenia,40.17765,44.5126,1002.0,Asia/Yerevan,Armenia,open-meteo,2026-08-08T18:53:40+00:00
Martuni,Azerbaijan,39.79496,47.1117,391.0,Asia/Baku,Azerbaijan,open-meteo,2026-08-08T18:53:40+00:00
Stepanakert,Azerbaijan,39.9013,46.7871,591.0,Asia/Baku,Azerbaijan,open-meteo,2026-08-08T18:53:41+00:00
Sydney,Australia,-33.86785,151.20732,58.0,Australia/Sydney,Australia,open-meteo,2026-08-08T18:53:42+00:00
Melbourne,Australia,-37.814,144.96332,25.0,Australia/Melbourne,Australia,open-meteo,2026-08-08T18:53:43+00:00
Canberra,Australia,-35.28346,149.12807,571.0,Australia/Sydney,Australia,open-meteo,2026-08-08T18:53:43+00:00
Perth,Australia,-31.95224,115.8614,34.0,Australia/Perth,Australia,open-meteo,2026-08-08T18:53:44+00:00
Adelaide,Australia,-34.92866,138.59863,59.0,Australia/Adelaide,Australia,open-meteo,2026-08-08T18:53:44+00:00
Brisbane,Australia,-27.46794,153.02809,27.0,Australia/Brisbane,Australia,open-meteo,2026-08-08T18:53:45+00:00
Robina,Australia,-28.07071,153.3933,22.0,Australia/Brisbane,Australia,open-meteo,2026-08-08T18:53:45+00:00
Vienna,Austria,48.20849,16.37208,171.0,Europe/Vienna,Austria,open-meteo,2026-08-08T18:53:46+00:00
Klagenfurt,Austria,46.62472,14.30528,450.0,Europe/Vienna,Austria,open-meteo,2026-08-08T18:53:46+00:00
Pasching,Austria,48.25931,14.20369,294.0,Europe/Vienna,Austria,open-meteo,2026-08-08T18:53:47+00:00
Innsbruck,Austria,47.26266,11.39454,570.0,Europe/Vienna,Austria,open-meteo,2026-08-08T18:53:47+00:00
Linz,Austria,48.30639,14.28611,266.0,Europe/Vienna,Austria,open-meteo,2026-08-08T18:53:48+00:00
Salzburg,Austria,47.79941,13.04399,424.0,Europe/Vienna,Austria,open-meteo,2026-08-08T18:53:49+00:00
Baku,Azerbaijan,40.37767,49.89201,23.0,Asia/Baku,Azerbaijan,open-meteo,2026-08-08T18:53:49+00:00
Sumgait,Azerbaijan,,,,,,open-meteo,2026-08-08T18:53:50+00:00
Mardakan,Azerbaijan,40.49182,50.14292,4.0,Asia/Baku,Azerbaijan,open-meteo,2026-08-08T18:53:50+00:00
Gabala,Azerbaijan,40.98139,47.84583,783.0,Asia/Baku,Azerbaijan,open-meteo,2026-08-08T18:53:51+00:00
Masazir,Azerbaijan,,,,,,open-meteo,2026-08-08T18:53:51+00:00
Nassau,Bahamas,25.05823,-77.34306,5.0,America/Nassau,Bahamas,open-meteo,2026-08-08T18:53:52+00:00
Riffa,Bahrain,26.13,50.555,43.0,Asia/Bahrain,Bahrain,open-meteo,2026-08-08T18:53:52+00:00
Isa Town,Bahrain,26.17361,50.54778,7.0,Asia/Bahrain,Bahrain,open-meteo,2026-08-08T18:53:53+00:00
Arad,Bahrain,26.25611,50.63222,7.0,Asia/Bahrain,Bahrain,open-meteo,2026-08-08T18:53:53+00:00
East Riffa,Bahrain,,,,,,open-meteo,2026-08-08T18:53:54+00:00
Dhaka,Bangladesh,23.7104,90.40744,23.0,Asia/Dhaka,Bangladesh,open-meteo,2026-08-08T18:53:54+00:00
Sylhet,Bangladesh,24.89904,91.87198,26.0,Asia/Dhaka,Bangladesh,open-meteo,2026-08-08T18:53:55+00:00
Nilphamari Sadar,Bangladesh,,,,,,open-meteo,2026-08-08T18:53:56+00:00
Bridgetown,Barbados,13.10732,-59.62021,10.0,America/Barbados,Barbados,open-meteo,2026-08-08T18:53:59+00:00
Wildey,Barbados,13.09385,-59.5834,76.0,America/Barbados,Barbados,open-meteo,2026-08-08T18:54:00+00:00
Bilbao,Spain,43.26271,-2.92528,20.0,Europe/Madrid,Spain,open-meteo,2026-08-08T18:54:00+00:00
Eibar,Spain,43.18493,-2.47158,133.0,Europe/Madrid,Spain,open-meteo,2026-08-08T18:54:01+00:00
Vitoria-Gasteiz,Spain,42.84998,-2.67268,547.0,Europe/Madrid,Spain,open-meteo,2026-08-08T18:54:02+00:00
Minsk,Belarus,53.90019,27.56653,222.0,Europe/Minsk,Belarus,open-meteo,2026-08-08T18:54:02+00:00
Borisov,Belarus,54.2279,28.505,172.0,Europe/Minsk,Belarus,open-meteo,2026-08-08T18:54:03+00:00
Brest,Belarus,52.10894,23.71749,144.0,Europe/Minsk,Belarus,open-meteo,2026-08-08T18:54:03+00:00
Zhodzina,Belarus,54.0985,28.3331,171.0,Europe/Minsk,Belarus,open-meteo,2026-08-08T18:54:04+00:00
Brussels,Belgium,50.85045,4.34878,28.0,Europe/Brussels,Belgium,open-meteo,2026-08-08T18:54:04+00:00
Leuven,Belgium,50.87959,4.70093,28.0,Europe/Brussels,Belgium,open-meteo,2026-08-08T18:54:05+00:00
Anderlecht,Belgium,50.83619,4.31454,27.0,Europe/Brussels,Belgium,open-meteo,2026-08-08T18:54:05+00:00
Liège,Belgium,50.63373,5.56749,66.0,Europe/Brussels,Belgium,open-meteo,2026-08-08T18:54:06+00:00
Bruges,Belgium,51.20892,3.22424,13.0,Europe/Brussels,Belgium,open-meteo,2026-08-08T18:54:06+00:00
Genk,Belgium,50.965,5.50082,66.0,Europe/Brussels,Belgium,open-meteo,2026-08-08T18:54:07+00:00
Ghent,Belgium,51.05,3.71667,10.0,Europe/Brussels,Belgium,open-meteo,2026-08-08T18:54:07+00:00
Belmopan,Belize,17.25376,-88.76401,56.0,America/Belize,Belize,open-meteo,2026-08-08T18:54:08+00:00
San Pedro,Belize,,,,,,open-meteo,2026-08-08T18:54:08+00:00
Cotonou,Benin,6.36536,2.41833,7.0,Africa/Porto-Novo,Benin,open-meteo,2026-08-08T18:54:09+00:00
Porto-Novo,Benin,6.49646,2.60359,20.0,Africa/Porto-Novo,Benin,open-meteo,2026-08-08T18:54:10+00:00
Hamilton,Bermuda,,,,,,open-meteo,2026-08-08T18:54:10+00:00
Devonshire Parish,Bermuda,,,,,,open-meteo,2026-08-08T18:54:11+00:00
Thimphu,Bhutan,27.46609,89.64191,2320.0,Asia/Thimphu,Bhutan,open-meteo,2026-08-08T18:54:11+00:00
La Paz,Bolivia,-16.5,-68.15,3782.0,America/La_Paz,Bolivia,open-meteo,2026-08-08T18:54:12+00:00
El Alto,Bolivia,,,,,,open-meteo,2026-08-08T18:54:12+00:00
Santa Cruz,Bolivia,,,,,,open-meteo,2026-08-08T18:54:13+00:00
Cochabamba,Bolivia,-17.38195,-66.15995,2537.0,America/La_Paz,Bolivia,open-meteo,2026-08-08T18:54:13+00:00
Sucre,Bolivia,-19.03332,-65.26274,2798.0,America/La_Paz,Bolivia,open-meteo,2026-08-08T18:54:14+00:00
Tarija,Bolivia,-21.53549,-64.72956,1870.0,America/La_Paz,Bolivia,open-meteo,2026-08-08T18:54:14+00:00
Villa Tunari,Bolivia,-18.79068,-68.61084,3857.0,America/La_Paz,Bolivia,open-meteo,2026-08-08T18:54:15+00:00
Yacuiba,Bolivia,-22.01643,-63.67753,629.0,America/La_Paz,Bolivia,open-meteo,2026-08-08T18:54:15+00:00
Zenica,Bosnia and Herzegovina,44.20169,17.90397,325.0,Europe/Sarajevo,Bosnia and Herzegovina,open-meteo,2026-08-08T18:54:22+00:00
Sarajevo,Bosnia and Herzegovina,43.84864,18.35644,509.0,Europe/Sarajevo,Bosnia and Herzegovina,open-meteo,2026-08-08T18:54:22+00:00
Francistown,Botswana,-21.17,27.50778,989.0,Africa/Gaborone,Botswana,open-meteo,2026-08-08T18:54:23+00:00
Gaborone,Botswana,-24.65451,25.90859,1011.0,Africa/Gaborone,Botswana,open-meteo,2026-08-08T18:54:23+00:00
Lobatse,Botswana,-25.22435,25.67728,1191.0,Africa/Gaborone,Botswana,open-meteo,2026-08-08T18:54:24+00:00
Rio de Janeiro,Brazil,-22.90642,-43.18223,12.0,America/Sao_Paulo,Brazil,open-meteo,2026-08-08T18:54:24+00:00
São Paulo,Brazil,-23.5475,-46.63611,769.0,America/Sao_Paulo,Brazil,open-meteo,2026-08-08T18:54:25+00:00
Brasília,Brazil,-15.77972,-47.92972,1136.0,America/Sao_Paulo,Brazil,open-meteo,2026-08-08T18:54:25+00:00
Porto Alegre,Brazil,-30.03283,-51.23019,46.0,America/Sao_Paulo,Brazil,open-meteo,2026-08-08T18:54:26+00:00
Belo Horizonte,Brazil,-19.92083,-43.93778,888.0,America/Sao_Paulo,Brazil,open-meteo,2026-08-08T18:54:26+00:00
Manaus,Brazil,-3.10194,-60.025,20.0,America/Manaus,Brazil,open-meteo,2026-08-08T18:54:27+00:00
Salvador,Brazil,-12.97563,-38.49096,4.0,America/Bahia,Brazil,open-meteo,2026-08-08T18:54:28+00:00
Belém,Brazil,-1.45583,-48.50444,15.0,America/Belem,Brazil,open-meteo,2026-08-08T18:54:28+00:00
Cuiabá,Brazil,-15.59611,-56.09667,193.0,America/Cuiaba,Brazil,open-meteo,2026-08-08T18:54:29+00:00
Curitiba,Brazil,-25.42778,-49.27306,924.0,America/Sao_Paulo,Brazil,open-meteo,2026-08-08T18:54:29+00:00
Goiânia,Brazil,-16.67861,-49.25389,766.0,America/Sao_Paulo,Brazil,open-meteo,2026-08-08T18:54:30+00:00
Natal,Brazil,-5.795,-35.20944,32.0,America/Fortaleza,Brazil,open-meteo,2026-08-08T18:54:30+00:00
Recife,Brazil,-8.05389,-34.88111,8.0,America/Recife,Brazil,open-meteo,2026-08-08T18:54:31+00:00
Road Town,British Virgin Islands,,,,,,open-meteo,2026-08-08T18:54:31+00:00
Tortola,British Virgin Islands,,,,,,open-meteo,2026-08-08T18:54:32+00:00
Bandar Seri Begawan,Brunei,4.89035,114.94006,10.0,Asia/Brunei,Brunei,open-meteo,2026-08-08T18:54:32+00:00
Sofia,Bulgaria,42.69751,23.32415,562.0,Europe/Sofia,Bulgaria,open-meteo,2026-08-08T18:54:33+00:00
Plovdiv,Bulgaria,42.15387,24.75001,163.0,Europe/Sofia,Bulgaria,open-meteo,2026-08-08T18:54:33+00:00
Razgrad,Bulgaria,43.53331,26.51849,190.0,Europe/Sofia,Bulgaria,open-meteo,2026-08-08T18:54:34+00:00
Ouagadougou,Burkina Faso,12.36566,-1.53388,299.0,Africa/Ouagadougou,Burkina Faso,open-meteo,2026-08-08T18:54:35+00:00
Bujumbura,Burundi,-3.38193,29.36142,807.0,Africa/Bujumbura,Burundi,open-meteo,2026-08-08T18:54:35+00:00
Phnom Penh,Cambodia,11.56245,104.91601,20.0,Asia/Phnom_Penh,Cambodia,open-meteo,2026-08-08T18:54:36+00:00
Yaoundé,Cameroon,3.86667,11.51667,726.0,Africa/Douala,Cameroon,open-meteo,2026-08-08T18:54:36+00:00
Douala,Cameroon,4.04827,9.70428,19.0,Africa/Douala,Cameroon,open-meteo,2026-08-08T18:54:37+00:00
Limbé,Cameroon,4.02356,9.20607,74.0,Africa/Douala,Cameroon,open-meteo,2026-08-08T18:54:37+00:00
Garoua,Cameroon,9.30143,13.39771,199.0,Africa/Douala,Cameroon,open-meteo,2026-08-08T18:54:38+00:00
Majadahonda,Cameroon,,,,,,open-meteo,2026-08-08T18:54:38+00:00
Toronto,Canada,43.70643,-79.39864,161.0,America/Toronto,Canada,open-meteo,2026-08-08T18:54:39+00:00
Vancouver,Canada,49.24966,-123.11934,70.0,America/Vancouver,Canada,open-meteo,2026-08-08T18:54:39+00:00
Edmonton,Canada,53.55014,-113.46871,668.0,America/Edmonton,Canada,open-meteo,2026-08-08T18:54:40+00:00
Montreal,Canada,45.50884,-73.58781,216.0,America/Toronto,Canada,open-meteo,2026-08-08T18:54:40+00:00
Hamilton,Canada,43.25011,-79.84963,95.0,America/Toronto,Canada,open-meteo,2026-08-08T18:54:41+00:00
Tenero-Contra,Switzerland,,,,,,open-meteo,2026-08-08T18:54:42+00:00
Praia,Cape Verde,14.93152,-23.51254,,Atlantic/Cape_Verde,Cabo Verde,open-meteo,2026-08-08T18:54:42+00:00
Mindelo,Cape Verde,16.89014,-24.98042,44.0,Atlantic/Cape_Verde,Cabo Verde,open-meteo,2026-08-08T18:54:43+00:00
Fos-sur-Mer,Cape Verde,,,,,,open-meteo,2026-08-08T18:54:43+00:00
Kent,United States,47.38093,-122.23484,13.0,America/Los_Angeles,United States,open-meteo,2026-08-08T18:54:44+00:00
Girona,Spain,41.98311,2.82493,81.0,Europe/Madrid,Spain,open-meteo,2026-08-08T18:54:44+00:00
George Town,Cayman Islands,,,,,,open-meteo,2026-08-08T18:54:45+00:00
West Bay,Cayman Islands,,,,,,open-meteo,2026-08-08T18:54:45+00:00
Bangui,Central African Republic,4.36122,18.55496,351.0,Africa/Bangui,Central African Republic,open-meteo,2026-08-08T18:54:46+00:00
N'Djamena,Chad,12.10672,15.0444,299.0,Africa/Ndjamena,Chad,open-meteo,2026-08-08T18:54:46+00:00
Santiago,Chile,-33.45694,-70.64827,556.0,America/Santiago,Chile,open-meteo,2026-08-08T18:54:47+00:00
Rancagua,Chile,-34.1691,-70.74053,520.0,America/Santiago,Chile,open-meteo,2026-08-08T18:54:47+00:00
Calama,Chile,-22.45667,-68.92371,2275.0,America/Santiago,Chile,open-meteo,2026-08-08T18:54:48+00:00
Concepción,Chile,-36.82699,-73.04977,36.0,America/Santiago,Chile,open-meteo,2026-08-08T18:54:49+00:00
Coquimbo,Chile,-29.95332,-71.33947,22.0,America/Santiago,Chile,open-meteo,2026-08-08T18:54:49+00:00
Temuco,Chile,-38.73628,-72.59738,104.0,America/Santiago,Chile,open-meteo,2026-08-08T18:54:50+00:00
Viña del Mar,Chile,-33.02457,-71.55183,17.0,America/Santiago,Chile,open-meteo,2026-08-08T18:54:50+00:00
Dalian,China,38.91222,121.60222,33.0,Asia/Shanghai,China,open-meteo,2026-08-08T18:54:57+00:00
Guangzhou,China,23.11667,113.25,15.0,Asia/Shanghai,China,open-meteo,2026-08-08T18:54:57+00:00
Nanning,China,22.81667,108.31667,91.0,Asia/Shanghai,China,open-meteo,2026-08-08T18:54:58+00:00
Suzhou,China,33.63611,116.97889,34.0,Asia/Shanghai,China,open-meteo,2026-08-08T18:54:58+00:00
Chengdu,China,30.66667,104.06667,499.0,Asia/Shanghai,China,open-meteo,2026-08-08T18:54:59+00:00
Chongqing,China,29.56026,106.55771,289.0,Asia/Shanghai,China,open-meteo,2026-08-08T18:55:00+00:00
Hangzhou,China,30.29365,120.16142,12.0,Asia/Shanghai,China,open-meteo,2026-08-08T18:55:00+00:00
Nanjing,China,32.06167,118.77778,22.0,Asia/Shanghai,China,open-meteo,2026-08-08T18:55:01+00:00
Shenyang,China,41.79222,123.43278,53.0,Asia/Shanghai,China,open-meteo,2026-08-08T18:55:01+00:00
Wuhan,China,30.58333,114.26667,20.0,Asia/Shanghai,China,open-meteo,2026-08-08T18:55:02+00:00
Changsha,China,28.19874,112.97087,67.0,Asia/Shanghai,China,open-meteo,2026-08-08T18:55:02+00:00
Kunming,China,25.03889,102.71833,1895.0,Asia/Shanghai,China,open-meteo,2026-08-08T18:55:03+00:00
Qingdao,China,36.06488,120.38042,16.0,Asia/Shanghai,China,open-meteo,2026-08-08T18:55:03+00:00
Shenzhen,China,22.54554,114.0683,4.0,Asia/Shanghai,China,open-meteo,2026-08-08T18:55:04+00:00
Tianjin,China,39.14222,117.17667,11.0,Asia/Shanghai,China,open-meteo,2026-08-08T18:55:04+00:00
Xi'an,China,34.25833,108.92861,416.0,Asia/Shanghai,China,open-meteo,2026-08-08T18:55:05+00:00
Xiamen,China,24.47979,118.08187,12.0,Asia/Shanghai,China,open-meteo,2026-08-08T18:55:05+00:00
Barranquilla,Colombia,10.96854,-74.78132,24.0,America/Bogota,Colombia,open-meteo,2026-08-08T18:55:06+00:00
Bogotá,Colombia,4.60971,-74.08175,2582.0,America/Bogota,Colombia,open-meteo,2026-08-08T18:55:07+00:00
Moroni,Comoros,-11.70216,43.25506,27.0,Indian/Comoro,Comoros,open-meteo,2026-08-08T18:55:07+00:00
Mitsamiouli,Comoros,-11.38472,43.28444,48.0,Indian/Comoro,Comoros,open-meteo,2026-08-08T18:55:08+00:00
Iconi,Comoros,,,,,,open-meteo,2026-08-08T18:55:08+00:00
Brazzaville,Congo,,,,,,open-meteo,2026-08-08T18:55:09+00:00
Ajaccio,France,41.91886,8.73812,,Europe/Paris,France,open-meteo,2026-08-08T18:55:09+00:00
San José,Costa Rica,9.93388,-84.08489,1133.0,America/Costa_Rica,Costa Rica,open-meteo,2026-08-08T18:55:10+00:00
Zagreb,Croatia,45.81444,15.97798,135.0,Europe/Zagreb,Croatia,open-meteo,2026-08-08T18:55:10+00:00
Rijeka,Croatia,45.32673,14.44241,12.0,Europe/Zagreb,Croatia,open-meteo,2026-08-08T18:55:11+00:00
Split,Croatia,43.50891,16.43915,12.0,Europe/Zagreb,Croatia,open-meteo,2026-08-08T18:55:11+00:00
Osijek,Croatia,45.55066,18.6942,87.0,Europe/Zagreb,Croatia,open-meteo,2026-08-08T18:55:12+00:00
Varaždin,Croatia,46.30444,16.33778,173.0,Europe/Zagreb,Croatia,open-meteo,2026-08-08T18:55:13+00:00
Pula,Croatia,44.86833,13.84806,11.0,Europe/Zagreb,Croatia,open-meteo,2026-08-08T18:55:13+00:00
Velika Gorica,Croatia,45.7125,16.07556,107.0,Europe/Zagreb,Croatia,open-meteo,2026-08-08T18:55:14+00:00
Santiago de Cuba,Cuba,20.02287,-75.82171,33.0,America/Havana,Cuba,open-meteo,2026-08-08T18:55:14+00:00
Havana,Cuba,23.13302,-82.38304,41.0,America/Havana,Cuba,open-meteo,2026-08-08T18:55:15+00:00
Nicosia,Cyprus,35.17284,33.35397,155.0,Asia/Nicosia,Cyprus,open-meteo,2026-08-08T18:55:16+00:00
Larnaca,Cyprus,34.9221,33.62794,24.0,Asia/Nicosia,Cyprus,open-meteo,2026-08-08T18:55:16+00:00
Limassol,Cyprus,34.68406,33.03794,27.0,Asia/Nicosia,Cyprus,open-meteo,2026-08-08T18:55:17+00:00
Prague,Czech Republic,50.08804,14.42076,202.0,Europe/Prague,Czechia,open-meteo,2026-08-08T18:55:17+00:00
Olomouc,Czech Republic,49.59552,17.25175,223.0,Europe/Prague,Czechia,open-meteo,2026-08-08T18:55:18+00:00
Plzeň,Czech Republic,49.67517,13.27462,354.0,Europe/Prague,Czechia,open-meteo,2026-08-08T18:55:18+00:00
Hradec Králové,Czech Republic,50.20923,15.83277,250.0,Europe/Prague,Czechia,open-meteo,2026-08-08T18:55:19+00:00
Mladá Boleslav,Czech Republic,50.41135,14.90318,241.0,Europe/Prague,Czechia,open-meteo,2026-08-08T18:55:20+00:00
Ostrava,Czech Republic,49.83465,18.28204,211.0,Europe/Prague,Czechia,open-meteo,2026-08-08T18:55:20+00:00
Karviná,Czech Republic,49.854,18.54169,221.0,Europe/Prague,Czechia,open-meteo,2026-08-08T18:55:21+00:00
Uherské Hradiště,Czech Republic,49.06975,17.45969,179.0,Europe/Prague,Czechia,open-meteo,2026-08-08T18:55:21+00:00
Ústí nad Labem,Czech Republic,50.6607,14.03227,150.0,Europe/Prague,Czechia,open-meteo,2026-08-08T18:55:22+00:00
Kinshasa,DR Congo,,,,,,open-meteo,2026-08-08T18:55:22+00:00
Lubumbashi,DR Congo,,,,,,open-meteo,2026-08-08T18:55:23+00:00
Copenhagen,Denmark,55.67594,12.56553,14.0,Europe/Copenhagen,Denmark,open-meteo,2026-08-08T18:55:23+00:00
Brondbyvester,Denmark,,,,,,open-meteo,2026-08-08T18:55:24+00:00
Brøndby,Denmark,55.6455,12.41008,11.0,Europe/Copenhagen,Denmark,open-meteo,2026-08-08T18:55:25+00:00
Herning,Denmark,56.13615,8.97662,60.0,Europe/Copenhagen,Denmark,open-meteo,2026-08-08T18:55:25+00:00
Aalborg,Denmark,57.048,9.9187,10.0,Europe/Copenhagen,Denmark,open-meteo,2026-08-08T18:55:26+00:00
Aarhus,Denmark,56.15674,10.21076,10.0,Europe/Copenhagen,Denmark,open-meteo,2026-08-08T18:55:26+00:00
Odense,Denmark,55.39594,10.38831,17.0,Europe/Copenhagen,Denmark,open-meteo,2026-08-08T18:55:27+00:00
Horsens,Denmark,55.86066,9.85034,4.0,Europe/Copenhagen,Denmark,open-meteo,2026-08-08T18:55:27+00:00
Djibouti,Djibouti,11.58901,43.14503,6.0,Africa/Djibouti,Djibouti,open-meteo,2026-08-08T18:55:28+00:00
Roseau,Dominica,15.30174,-61.38808,11.0,America/Dominica,Dominica,open-meteo,2026-08-08T18:55:28+00:00
Santiago de los Caballeros,Dominican Republic,19.45036,-70.69085,209.0,America/Santo_Domingo,Dominican Republic,open-meteo,2026-08-08T18:55:29+00:00
Santo Domingo,Dominican Republic,18.47186,-69.89232,24.0,America/Santo_Domingo,Dominican Republic,open-meteo,2026-08-08T18:55:29+00:00
San Cristóbal,Dominican Republic,18.41713,-70.10682,45.0,America/Santo_Domingo,Dominican Republic,open-meteo,2026-08-08T18:55:30+00:00
Donetsk,Ukraine,48.023,37.80224,223.0,Europe/Kyiv,Ukraine,open-meteo,2026-08-08T18:55:30+00:00
Quito,Ecuador,-0.22985,-78.52495,2854.0,America/Guayaquil,Ecuador,open-meteo,2026-08-08T18:55:31+00:00
Guayaquil,Ecuador,-2.19616,-79.88621,14.0,America/Guayaquil,Ecuador,open-meteo,2026-08-08T18:55:32+00:00
Cuenca,Ecuador,-2.8953,-78.9963,2484.0,America/Guayaquil,Ecuador,open-meteo,2026-08-08T18:55:32+00:00
Portoviejo,Ecuador,-1.05764,-80.45145,90.0,America/Guayaquil,Ecuador,open-meteo,2026-08-08T18:55:33+00:00
Cairo,Egypt,30.06263,31.24967,23.0,Africa/Cairo,Egypt,open-meteo,2026-08-08T18:55:33+00:00
Alexandria,Egypt,31.20176,29.91582,9.0,Africa/Cairo,Egypt,open-meteo,2026-08-08T18:55:34+00:00
New Cairo,Egypt,30.03,31.47,271.0,Africa/Cairo,Egypt,open-meteo,2026-08-08T18:55:34+00:00
San Salvador,El Salvador,13.68935,-89.18718,653.0,America/El_Salvador,El Salvador,open-meteo,2026-08-08T18:55:35+00:00
Capoliveri,Italy,42.74569,10.37753,167.0,Europe/Rome,Italy,open-meteo,2026-08-08T18:55:35+00:00
Malabo,Equatorial Guinea,3.75578,8.78166,34.0,Africa/Malabo,Equatorial Guinea,open-meteo,2026-08-08T18:55:38+00:00
Bata,Equatorial Guinea,1.86391,9.76582,13.0,Africa/Malabo,Equatorial Guinea,open-meteo,2026-08-08T18:55:39+00:00
Asmara,Eritrea,15.33805,38.93184,2334.0,Africa/Asmara,Eritrea,open-meteo,2026-08-08T18:55:39+00:00
Tallinn,Estonia,59.43696,24.75353,12.0,Europe/Tallinn,Estonia,open-meteo,2026-08-08T18:55:40+00:00
Pärnu,Estonia,58.38588,24.49711,6.0,Europe/Tallinn,Estonia,open-meteo,2026-08-08T18:55:40+00:00
Rakvere,Estonia,59.34808,26.35784,83.0,Europe/Tallinn,Estonia,open-meteo,2026-08-08T18:55:41+00:00
Manzini,Eswatini,-26.49884,31.38004,601.0,Africa/Mbabane,Eswatini,open-meteo,2026-08-08T18:55:41+00:00
Lobamba,Eswatini,-26.46667,31.2,694.0,Africa/Mbabane,Eswatini,open-meteo,2026-08-08T18:55:42+00:00
Addis Ababa,Ethiopia,9.02497,38.74689,2405.0,Africa/Addis_Ababa,Ethiopia,open-meteo,2026-08-08T18:55:42+00:00
Bahir Dar,Ethiopia,11.59364,37.39077,1799.0,Africa/Addis_Ababa,Ethiopia,open-meteo,2026-08-08T18:55:43+00:00
Adama,Ethiopia,10.70587,39.55201,2732.0,Africa/Addis_Ababa,Ethiopia,open-meteo,2026-08-08T18:55:43+00:00
Hawassa,Ethiopia,7.06205,38.47635,1697.0,Africa/Addis_Ababa,Ethiopia,open-meteo,2026-08-08T18:55:44+00:00
Dire Dawa,Ethiopia,9.59306,41.86611,1204.0,Africa/Addis_Ababa,Ethiopia,open-meteo,2026-08-08T18:55:44+00:00
Tórshavn,Faroe Islands,,,,,,open-meteo,2026-08-08T18:55:45+00:00
Toftir,Faroe Islands,,,,,,open-meteo,2026-08-08T18:55:46+00:00
Suva,Fiji,-18.13683,178.42531,,Pacific/Fiji,Fiji,open-meteo,2026-08-08T18:55:46+00:00
Lautoka,Fiji,-17.61686,177.45049,47.0,Pacific/Fiji,Fiji,open-meteo,2026-08-08T18:55:47+00:00
Helsinki,Finland,60.16952,24.93545,26.0,Europe/Helsinki,Finland,open-meteo,2026-08-08T18:55:47+00:00
Tampere,Finland,61.49911,23.78712,114.0,Europe/Helsinki,Finland,open-meteo,2026-08-08T18:55:48+00:00
Turku,Finland,60.45148,22.26869,22.0,Europe/Helsinki,Finland,open-meteo,2026-08-08T18:55:48+00:00
Paris,France,48.85341,2.3488,42.0,Europe/Paris,France,open-meteo,2026-08-08T18:55:49+00:00
Saint-Denis,France,48.93564,2.35387,34.0,Europe/Paris,France,open-meteo,2026-08-08T18:55:49+00:00
Lyon,France,45.74906,4.84789,173.0,Europe/Paris,France,open-meteo,2026-08-08T18:55:50+00:00
Marseille,France,43.29695,5.38107,28.0,Europe/Paris,France,open-meteo,2026-08-08T18:55:50+00:00
Nice,France,43.70313,7.26608,25.0,Europe/Paris,France,open-meteo,2026-08-08T18:55:51+00:00
Lille,France,50.63391,3.05512,20.0,Europe/Paris,France,open-meteo,2026-08-08T18:55:51+00:00
Nantes,France,47.21725,-1.55336,19.0,Europe/Paris,France,open-meteo,2026-08-08T18:55:52+00:00
Bordeaux,France,44.84124,-0.58046,20.0,Europe/Paris,France,open-meteo,2026-08-08T18:55:53+00:00
Décines-Charpieu,France,45.76873,4.95883,189.0,Europe/Paris,France,open-meteo,2026-08-08T18:55:53+00:00
Guingamp,France,48.56259,-3.15289,73.0,Europe/Paris,France,open-meteo,2026-08-08T18:55:54+00:00
Lens,France,50.43302,2.82791,37.0,Europe/Paris,France,open-meteo,2026-08-08T18:55:54+00:00
Metz,France,49.11911,6.17269,182.0,Europe/Paris,France,open-meteo,2026-08-08T18:55:55+00:00
Rennes,France,48.11109,-1.67431,39.0,Europe/Paris,France,open-meteo,2026-08-08T18:55:55+00:00
Strasbourg,France,48.58392,7.74553,147.0,Europe/Paris,France,open-meteo,2026-08-08T18:55:56+00:00
Toulouse,France,43.60426,1.44367,150.0,Europe/Paris,France,open-meteo,2026-08-08T18:55:56+00:00
Villeneuve-d'Ascq,France,50.61669,3.16664,32.0,Europe/Paris,France,open-meteo,2026-08-08T18:55:57+00:00
Franceville,Gabon,-1.63333,13.58357,405.0,Africa/Libreville,Gabon,open-meteo,2026-08-08T18:55:58+00:00
Libreville,Gabon,0.39241,9.45356,8.0,Africa/Libreville,Gabon,open-meteo,2026-08-08T18:55:59+00:00
Vigo,Spain,42.23282,-8.72264,86.0,Europe/Madrid,Spain,open-meteo,2026-08-08T18:55:59+00:00
Bakau,Gambia,,,,,,open-meteo,2026-08-08T18:56:00+00:00
Tbilisi,Georgia,41.69143,44.83412,433.0,Asia/Tbilisi,Georgia,open-meteo,2026-08-08T18:56:00+00:00
Batumi,Georgia,41.64077,41.6306,8.0,Asia/Tbilisi,Georgia,open-meteo,2026-08-08T18:56:01+00:00
Gori,Georgia,41.98532,44.1129,602.0,Asia/Tbilisi,Georgia,open-meteo,2026-08-08T18:56:01+00:00
Kutaisi,Georgia,42.26791,42.69459,153.0,Asia/Tbilisi,Georgia,open-meteo,2026-08-08T18:56:02+00:00
Munich,Germany,48.13743,11.57549,524.0,Europe/Berlin,Germany,open-meteo,2026-08-08T18:56:02+00:00
Stuttgart,Germany,48.78232,9.17702,252.0,Europe/Berlin,Germany,open-meteo,2026-08-08T18:56:03+00:00
Cologne,Germany,50.93333,6.95,58.0,Europe/Berlin,Germany,open-meteo,2026-08-08T18:56:03+00:00
Dortmund,Germany,51.51494,7.466,96.0,Europe/Berlin,Germany,open-meteo,2026-08-08T18:56:04+00:00
Leipzig,Germany,51.33962,12.37129,116.0,Europe/Berlin,Germany,open-meteo,2026-08-08T18:56:04+00:00
Mönchengladbach,Germany,51.18539,6.44172,57.0,Europe/Berlin,Germany,open-meteo,2026-08-08T18:56:05+00:00
Düsseldorf,Germany,51.22319,6.77927,42.0,Europe/Berlin,Germany,open-meteo,2026-08-08T18:56:06+00:00
Frankfurt,Germany,50.11552,8.68417,113.0,Europe/Berlin,Germany,open-meteo,2026-08-08T18:56:06+00:00
Hamburg,Germany,53.55073,9.99302,9.0,Europe/Berlin,Germany,open-meteo,2026-08-08T18:56:07+00:00
Mainz,Germany,49.98185,8.28008,125.0,Europe/Berlin,Germany,open-meteo,2026-08-08T18:56:07+00:00
Sinsheim,Germany,49.2529,8.87867,162.0,Europe/Berlin,Germany,open-meteo,2026-08-08T18:56:08+00:00
Wolfsburg,Germany,52.42452,10.7815,62.0,Europe/Berlin,Germany,open-meteo,2026-08-08T18:56:08+00:00
Berlin,Germany,52.52437,13.41053,74.0,Europe/Berlin,Germany,open-meteo,2026-08-08T18:56:09+00:00
Duisburg,Germany,51.43247,6.76516,38.0,Europe/Berlin,Germany,open-meteo,2026-08-08T18:56:09+00:00
Gelsenkirchen,Germany,51.50508,7.09654,48.0,Europe/Berlin,Germany,open-meteo,2026-08-08T18:56:10+00:00
Nuremberg,Germany,49.45421,11.07752,300.0,Europe/Berlin,Germany,open-meteo,2026-08-08T18:56:10+00:00
Bremen,Germany,53.07582,8.80717,17.0,Europe/Berlin,Germany,open-meteo,2026-08-08T18:56:11+00:00
Freiburg,Germany,47.9959,7.85222,278.0,Europe/Berlin,Germany,open-meteo,2026-08-08T18:56:11+00:00
Hanover,Germany,52.37052,9.73322,57.0,Europe/Berlin,Germany,open-meteo,2026-08-08T18:56:12+00:00
Kaiserslautern,Germany,49.443,7.77161,240.0,Europe/Berlin,Germany,open-meteo,2026-08-08T18:56:13+00:00
Leverkusen,Germany,51.0303,6.98432,52.0,Europe/Berlin,Germany,open-meteo,2026-08-08T18:56:13+00:00
Accra,Ghana,5.55602,-0.1969,33.0,Africa/Accra,Ghana,open-meteo,2026-08-08T18:56:14+00:00
Kumasi,Ghana,6.68848,-1.62443,270.0,Africa/Accra,Ghana,open-meteo,2026-08-08T18:56:14+00:00
Cape Coast,Ghana,5.10535,-1.2466,21.0,Africa/Accra,Ghana,open-meteo,2026-08-08T18:56:15+00:00
Tamale,Ghana,9.40079,-0.8393,196.0,Africa/Accra,Ghana,open-meteo,2026-08-08T18:56:15+00:00
Visby,Sweden,57.64089,18.29602,22.0,Europe/Stockholm,Sweden,open-meteo,2026-08-08T18:56:17+00:00
Dalhem,Sweden,57.98333,16.18333,119.0,Europe/Stockholm,Sweden,open-meteo,2026-08-08T18:56:17+00:00
Athens,Greece,37.98376,23.72784,70.0,Europe/Athens,Greece,open-meteo,2026-08-08T18:56:26+00:00
Piraeus,Greece,37.94203,23.64619,29.0,Europe/Athens,Greece,open-meteo,2026-08-08T18:56:27+00:00
Heraklion,Greece,35.32787,25.14341,60.0,Europe/Athens,Greece,open-meteo,2026-08-08T18:56:27+00:00
Thessaloniki,Greece,40.64072,22.93493,,Europe/Athens,Greece,open-meteo,2026-08-08T18:56:28+00:00
Vólos,Greece,39.36923,22.94769,52.0,Europe/Athens,Greece,open-meteo,2026-08-08T18:56:28+00:00
St. George's,Grenada,12.05288,-61.75226,6.0,America/Grenada,Grenada,open-meteo,2026-08-08T18:56:29+00:00
Carriacou,Grenada,12.47629,-61.47318,5.0,America/Grenada,Grenada,open-meteo,2026-08-08T18:56:29+00:00
Gouyave,Grenada,12.16462,-61.72965,19.0,America/Grenada,Grenada,open-meteo,2026-08-08T18:56:30+00:00
Grenada,Grenada,12.11667,-61.66667,261.0,America/Grenada,Grenada,open-meteo,2026-08-08T18:56:30+00:00
Sauteurs,Grenada,12.21833,-61.63917,46.0,America/Grenada,Grenada,open-meteo,2026-08-08T18:56:31+00:00
Dededo,Guam,,,,,,open-meteo,2026-08-08T18:56:33+00:00
Guatemala City,Guatemala,14.64072,-90.51327,1508.0,America/Guatemala,Guatemala,open-meteo,2026-08-08T18:56:34+00:00
Antigua Guatemala,Guatemala,14.55636,-90.7332,1583.0,America/Guatemala,Guatemala,open-meteo,2026-08-08T18:56:34+00:00
Quetzaltenango,Guatemala,14.84462,-91.52316,2351.0,America/Guatemala,Guatemala,open-meteo,2026-08-08T18:56:35+00:00
Conakry,Guinea,9.53795,-13.67729,13.0,Africa/Conakry,Guinea,open-meteo,2026-08-08T18:56:37+00:00
Bissau,Guinea-Bissau,11.86357,-15.59767,13.0,Africa/Bissau,Guinea-Bissau,open-meteo,2026-08-08T18:56:37+00:00
Leonora,Guyana,6.86923,-58.28903,1.0,America/Guyana,Guyana,open-meteo,2026-08-08T18:56:38+00:00
Georgetown,Guyana,6.80448,-58.15527,3.0,America/Guyana,Guyana,open-meteo,2026-08-08T18:56:38+00:00
Linden,Guyana,6.00815,-58.30724,4.0,America/Guyana,Guyana,open-meteo,2026-08-08T18:56:39+00:00
Port-au-Prince,Haiti,18.54349,-72.33881,27.0,America/Port-au-Prince,Haiti,open-meteo,2026-08-08T18:56:40+00:00
San Pedro Sula,Honduras,15.50585,-88.02588,90.0,America/Tegucigalpa,Honduras,open-meteo,2026-08-08T18:56:40+00:00
Tegucigalpa,Honduras,14.0818,-87.20681,944.0,America/Tegucigalpa,Honduras,open-meteo,2026-08-08T18:56:41+00:00
Comayagua,Honduras,14.45577,-87.63968,551.0,America/Tegucigalpa,Honduras,open-meteo,2026-08-08T18:56:41+00:00
Budapest,Hungary,47.49835,19.04045,104.0,Europe/Budapest,Hungary,open-meteo,2026-08-08T18:56:43+00:00
Debrecen,Hungary,47.53167,21.62444,124.0,Europe/Budapest,Hungary,open-meteo,2026-08-08T18:56:44+00:00
Reykjavík,Iceland,64.13548,-21.89541,37.0,Atlantic/Reykjavik,Iceland,open-meteo,2026-08-08T18:56:44+00:00
Bengaluru,India,12.97194,77.59369,920.0,Asia/Kolkata,India,open-meteo,2026-08-08T18:56:45+00:00
Kolkata,India,22.56263,88.36304,11.0,Asia/Kolkata,India,open-meteo,2026-08-08T18:56:45+00:00
Bombay,India,,,,,,open-meteo,2026-08-08T18:56:46+00:00
Mumbai,India,19.07283,72.88261,8.0,Asia/Kolkata,India,open-meteo,2026-08-08T18:56:47+00:00
Ahmedabad,India,23.02579,72.58727,56.0,Asia/Kolkata,India,open-meteo,2026-08-08T18:56:47+00:00
Hyderabad,India,17.38405,78.45636,515.0,Asia/Kolkata,India,open-meteo,2026-08-08T18:56:48+00:00
Guwahati,India,26.1844,91.7458,59.0,Asia/Kolkata,India,open-meteo,2026-08-08T18:56:48+00:00
Imphal,India,24.80805,93.9442,784.0,Asia/Kolkata,India,open-meteo,2026-08-08T18:56:49+00:00
Margao,India,15.27501,73.95786,22.0,Asia/Kolkata,India,open-meteo,2026-08-08T18:56:49+00:00
Shillong,India,25.56892,91.88313,1507.0,Asia/Kolkata,India,open-meteo,2026-08-08T18:56:50+00:00
Bhubaneswar,India,20.27241,85.83385,62.0,Asia/Kolkata,India,open-meteo,2026-08-08T18:56:50+00:00
Jakarta,Indonesia,-6.21462,106.84513,16.0,Asia/Jakarta,Indonesia,open-meteo,2026-08-08T18:56:51+00:00
Cikarang,Indonesia,-6.26111,107.15278,17.0,Asia/Jakarta,Indonesia,open-meteo,2026-08-08T18:56:51+00:00
Surabaya,Indonesia,-7.24917,112.75083,8.0,Asia/Jakarta,Indonesia,open-meteo,2026-08-08T18:56:52+00:00
Banda Aceh,Indonesia,5.54167,95.33333,9.0,Asia/Jakarta,Indonesia,open-meteo,2026-08-08T18:56:53+00:00
Bekasi,Indonesia,-6.2349,106.9896,18.0,Asia/Jakarta,Indonesia,open-meteo,2026-08-08T18:56:53+00:00
Gianyar,Indonesia,-8.5435,115.3272,123.0,Asia/Makassar,Indonesia,open-meteo,2026-08-08T18:56:54+00:00
Sleman,Indonesia,-7.71556,110.35556,210.0,Asia/Jakarta,Indonesia,open-meteo,2026-08-08T18:56:54+00:00
Surakarta,Indonesia,-7.55611,110.83167,100.0,Asia/Jakarta,Indonesia,open-meteo,2026-08-08T18:56:55+00:00
Bogor,Indonesia,-6.59444,106.78917,245.0,Asia/Jakarta,Indonesia,open-meteo,2026-08-08T18:56:55+00:00
Cibinong,Indonesia,-6.48167,106.85417,137.0,Asia/Jakarta,Indonesia,open-meteo,2026-08-08T18:56:56+00:00
Bandung,Indonesia,-6.92222,107.60694,714.0,Asia/Jakarta,Indonesia,open-meteo,2026-08-08T18:56:56+00:00
Soreang,Indonesia,-7.03306,107.51833,744.0,Asia/Jakarta,Indonesia,open-meteo,2026-08-08T18:56:57+00:00
Tehran,Iran,35.69439,51.42151,1178.0,Asia/Tehran,Iran,open-meteo,2026-08-08T18:56:57+00:00
Arad,Iran,35.34168,51.3456,918.0,Asia/Tehran,Iran,open-meteo,2026-08-08T18:56:58+00:00
Fuladshahr,Iran,,,,,,open-meteo,2026-08-08T18:56:59+00:00
Kish,Iran,26.55778,54.01944,6.0,Asia/Tehran,Iran,open-meteo,2026-08-08T18:56:59+00:00
Mashhad,Iran,36.29807,59.60567,980.0,Asia/Tehran,Iran,open-meteo,2026-08-08T18:57:00+00:00
Basra,Iraq,30.50852,47.7804,4.0,Asia/Baghdad,Iraq,open-meteo,2026-08-08T18:57:00+00:00
Karbala,Iraq,32.61603,44.02488,32.0,Asia/Baghdad,Iraq,open-meteo,2026-08-08T18:57:01+00:00
Baghdad,Iraq,33.34058,44.40088,41.0,Asia/Baghdad,Iraq,open-meteo,2026-08-08T18:57:01+00:00
Al-Ain,Iraq,,,,,,open-meteo,2026-08-08T18:57:02+00:00
Haifa,Israel,32.81303,34.99928,101.0,Asia/Jerusalem,Israel,open-meteo,2026-08-08T18:57:02+00:00
Netanya,Israel,32.33291,34.85992,38.0,Asia/Jerusalem,Israel,open-meteo,2026-08-08T18:57:03+00:00
Tel Aviv,Israel,32.08088,34.78057,15.0,Asia/Jerusalem,Israel,open-meteo,2026-08-08T18:57:04+00:00
Beer Sheva,Israel,,,,,,open-meteo,2026-08-08T18:57:04+00:00
Jerusalem,Israel,31.76904,35.21633,786.0,Asia/Jerusalem,Israel,open-meteo,2026-08-08T18:57:05+00:00
Petah Tikva,Israel,32.08707,34.88747,54.0,Asia/Jerusalem,Israel,open-meteo,2026-08-08T18:57:05+00:00
Milan,Italy,45.46427,9.18951,122.0,Europe/Rome,Italy,open-meteo,2026-08-08T18:57:06+00:00
Rome,Italy,41.89193,12.51133,20.0,Europe/Rome,Italy,open-meteo,2026-08-08T18:57:06+00:00
Turin,Italy,45.07049,7.68682,239.0,Europe/Rome,Italy,open-meteo,2026-08-08T18:57:07+00:00
Bologna,Italy,44.49381,11.33875,54.0,Europe/Rome,Italy,open-meteo,2026-08-08T18:57:07+00:00
Florence,Italy,43.77925,11.24626,50.0,Europe/Rome,Italy,open-meteo,2026-08-08T18:57:08+00:00
Reggio Emilia,Italy,44.69825,10.63125,58.0,Europe/Rome,Italy,open-meteo,2026-08-08T18:57:08+00:00
Udine,Italy,46.0693,13.23715,113.0,Europe/Rome,Italy,open-meteo,2026-08-08T18:57:09+00:00
Bergamo,Italy,45.69601,9.66721,249.0,Europe/Rome,Italy,open-meteo,2026-08-08T18:57:09+00:00
Palermo,Italy,38.1166,13.3636,14.0,Europe/Rome,Italy,open-meteo,2026-08-08T18:57:10+00:00
Bari,Italy,41.12066,16.86982,5.0,Europe/Rome,Italy,open-meteo,2026-08-08T18:57:11+00:00
Empoli,Italy,43.71795,10.94758,28.0,Europe/Rome,Italy,open-meteo,2026-08-08T18:57:11+00:00
Parma,Italy,44.79935,10.32618,57.0,Europe/Rome,Italy,open-meteo,2026-08-08T18:57:12+00:00
Cagliari,Italy,39.23054,9.11917,6.0,Europe/Rome,Italy,open-meteo,2026-08-08T18:57:12+00:00
Cesena,Italy,44.1391,12.24315,44.0,Europe/Rome,Italy,open-meteo,2026-08-08T18:57:13+00:00
Genoa,Italy,44.40478,8.94439,19.0,Europe/Rome,Italy,open-meteo,2026-08-08T18:57:13+00:00
Napoli,Italy,40.87618,14.5195,58.0,Europe/Rome,Italy,open-meteo,2026-08-08T18:57:14+00:00
Abidjan,Ivory Coast,5.35444,-4.00167,50.0,Africa/Abidjan,Ivory Coast,open-meteo,2026-08-08T18:57:14+00:00
Bouaké,Ivory Coast,7.69385,-5.03031,339.0,Africa/Abidjan,Ivory Coast,open-meteo,2026-08-08T18:57:15+00:00
Ebimpé,Ivory Coast,5.49901,-4.08207,93.0,Africa/Abidjan,Ivory Coast,open-meteo,2026-08-08T18:57:15+00:00
San-Pédro,Ivory Coast,4.74851,-6.6363,9.0,Africa/Abidjan,Ivory Coast,open-meteo,2026-08-08T18:57:16+00:00
Yamoussoukro,Ivory Coast,6.82055,-5.27674,214.0,Africa/Abidjan,Ivory Coast,open-meteo,2026-08-08T18:57:17+00:00
Amiens,France,49.9,2.3,28.0,Europe/Paris,France,open-meteo,2026-08-08T18:57:17+00:00
Korhogo,Ivory Coast,9.45803,-5.62961,360.0,Africa/Abidjan,Ivory Coast,open-meteo,2026-08-08T18:57:18+00:00
Kingston,Jamaica,17.99702,-76.79358,65.0,America/Jamaica,Jamaica,open-meteo,2026-08-08T18:57:18+00:00
Montego Bay,Jamaica,18.47116,-77.91883,12.0,America/Jamaica,Jamaica,open-meteo,2026-08-08T18:57:19+00:00
Saitama,Japan,35.90807,139.65657,16.0,Asia/Tokyo,Japan,open-meteo,2026-08-08T18:57:19+00:00
Suita,Japan,34.76143,135.51567,4.0,Asia/Tokyo,Japan,open-meteo,2026-08-08T18:57:20+00:00
Tokyo,Japan,35.6895,139.69171,44.0,Asia/Tokyo,Japan,open-meteo,2026-08-08T18:57:20+00:00
Toyota,Japan,35.08333,137.15,55.0,Asia/Tokyo,Japan,open-meteo,2026-08-08T18:57:21+00:00
Chōfu,Japan,35.65924,139.54837,44.0,Asia/Tokyo,Japan,open-meteo,2026-08-08T18:57:21+00:00
Yokohama,Japan,35.43333,139.65,21.0,Asia/Tokyo,Japan,open-meteo,2026-08-08T18:57:22+00:00
Kashima,Japan,35.96536,140.64474,38.0,Asia/Tokyo,Japan,open-meteo,2026-08-08T18:57:23+00:00
Kobe,Japan,34.6913,135.183,35.0,Asia/Tokyo,Japan,open-meteo,2026-08-08T18:57:23+00:00
Chiba,Japan,35.6,140.11667,5.0,Asia/Tokyo,Japan,open-meteo,2026-08-08T18:57:24+00:00
Niigata,Japan,37.92259,139.04124,1.0,Asia/Tokyo,Japan,open-meteo,2026-08-08T18:57:24+00:00
Osaka,Japan,34.69379,135.50107,4.0,Asia/Tokyo,Japan,open-meteo,2026-08-08T18:57:25+00:00
Hiroshima,Japan,34.4,132.45,16.0,Asia/Tokyo,Japan,open-meteo,2026-08-08T18:57:25+00:00
Rifu,Japan,38.33092,140.97691,7.0,Asia/Tokyo,Japan,open-meteo,2026-08-08T18:57:26+00:00
Sapporo,Japan,43.06667,141.35,26.0,Asia/Tokyo,Japan,open-meteo,2026-08-08T18:57:26+00:00
Ōita,Japan,33.23333,131.6,9.0,Asia/Tokyo,Japan,open-meteo,2026-08-08T18:57:27+00:00
Amman,Jordan,31.95522,35.94503,757.0,Asia/Amman,Jordan,open-meteo,2026-08-08T18:57:28+00:00
Astana,Kazakhstan,51.1801,71.44598,358.0,Asia/Almaty,Kazakhstan,open-meteo,2026-08-08T18:57:29+00:00
Almaty,Kazakhstan,43.25249,76.9115,783.0,Asia/Almaty,Kazakhstan,open-meteo,2026-08-08T18:57:30+00:00
Nairobi,Kenya,-1.28333,36.81667,1684.0,Africa/Nairobi,Kenya,open-meteo,2026-08-08T18:57:30+00:00
Machakos,Kenya,-1.52233,37.26521,1619.0,Africa/Nairobi,Kenya,open-meteo,2026-08-08T18:57:31+00:00
Kasarani,Kenya,-1.10972,37.07692,1485.0,Africa/Nairobi,Kenya,open-meteo,2026-08-08T18:57:32+00:00
Bondoufle,Kenya,,,,,,open-meteo,2026-08-08T18:57:37+00:00
Kakamega,Kenya,0.28422,34.75229,1563.0,Africa/Nairobi,Kenya,open-meteo,2026-08-08T18:57:38+00:00
Kisumu,Kenya,-0.10221,34.76171,1174.0,Africa/Nairobi,Kenya,open-meteo,2026-08-08T18:57:38+00:00
Pristina,Kosovo,42.67272,21.16688,597.0,Europe/Belgrade,Kosovo,open-meteo,2026-08-08T18:57:40+00:00
Mitrovica,Kosovo,42.88333,20.86667,509.0,Europe/Belgrade,Kosovo,open-meteo,2026-08-08T18:57:41+00:00
Kuwait City,Kuwait,29.367,47.97429,11.0,Asia/Kuwait,Kuwait,open-meteo,2026-08-08T18:57:41+00:00
Al Farwaniyah,Kuwait,29.2775,47.95861,44.0,Asia/Kuwait,Kuwait,open-meteo,2026-08-08T18:57:42+00:00
Al Ahmadi,Kuwait,29.07694,48.08389,70.0,Asia/Kuwait,Kuwait,open-meteo,2026-08-08T18:57:42+00:00
Bishkek,Kyrgyzstan,42.87,74.59,767.0,Asia/Bishkek,Kyrgyzstan,open-meteo,2026-08-08T18:57:43+00:00
Vientiane,Laos,17.96667,102.6,174.0,Asia/Vientiane,Laos,open-meteo,2026-08-08T18:57:43+00:00
Riga,Latvia,56.946,24.10589,6.0,Europe/Riga,Latvia,open-meteo,2026-08-08T18:57:44+00:00
Liepāja,Latvia,56.50474,21.01085,6.0,Europe/Riga,Latvia,open-meteo,2026-08-08T18:57:44+00:00
Beirut,Lebanon,33.89332,35.50157,40.0,Asia/Beirut,Lebanon,open-meteo,2026-08-08T18:57:45+00:00
Sidon,Lebanon,33.55751,35.37148,9.0,Asia/Beirut,Lebanon,open-meteo,2026-08-08T18:57:45+00:00
Maseru,Lesotho,-29.31667,27.48333,1552.0,Africa/Maseru,Lesotho,open-meteo,2026-08-08T18:57:46+00:00
Monrovia,Liberia,6.30054,-10.7969,32.0,Africa/Monrovia,Liberia,open-meteo,2026-08-08T18:57:47+00:00
Benghazi,Libya,32.11486,20.06859,3.0,Africa/Tripoli,Libya,open-meteo,2026-08-08T18:57:47+00:00
Benina,Libya,32.08556,20.25699,122.0,Africa/Tripoli,Libya,open-meteo,2026-08-08T18:57:48+00:00
Tripoli,Libya,32.88743,13.18733,15.0,Africa/Tripoli,Libya,open-meteo,2026-08-08T18:57:48+00:00
Vaduz,Liechtenstein,47.14151,9.52154,465.0,Europe/Vaduz,Liechtenstein,open-meteo,2026-08-08T18:57:49+00:00
Vilnius,Lithuania,54.68916,25.2798,98.0,Europe/Vilnius,Lithuania,open-meteo,2026-08-08T18:57:49+00:00
Kaunas,Lithuania,54.90156,23.90909,96.0,Europe/Vilnius,Lithuania,open-meteo,2026-08-08T18:57:50+00:00
Luhansk,Ukraine,48.56814,39.30553,104.0,Europe/Kyiv,Ukraine,open-meteo,2026-08-08T18:57:50+00:00
Luxembourg,Luxembourg,49.75,6.16667,406.0,Europe/Luxembourg,Luxembourg,open-meteo,2026-08-08T18:57:51+00:00
Hesperange,Luxembourg,49.56806,6.15139,270.0,Europe/Luxembourg,Luxembourg,open-meteo,2026-08-08T18:57:51+00:00
Antananarivo,Madagascar,-18.91368,47.53613,1274.0,Indian/Antananarivo,Madagascar,open-meteo,2026-08-08T18:57:53+00:00
Toamasina,Madagascar,-18.1492,49.40234,12.0,Indian/Antananarivo,Madagascar,open-meteo,2026-08-08T18:57:54+00:00
Lilongwe,Malawi,-13.96692,33.78725,1056.0,Africa/Blantyre,Malawi,open-meteo,2026-08-08T18:57:55+00:00
Blantyre,Malawi,-15.78499,35.00854,1041.0,Africa/Blantyre,Malawi,open-meteo,2026-08-08T18:57:55+00:00
Kuala Lumpur,Malaysia,3.1412,101.68653,56.0,Asia/Kuala_Lumpur,Malaysia,open-meteo,2026-08-08T18:57:56+00:00
Johor Bahru,Malaysia,1.4655,103.7578,32.0,Asia/Kuala_Lumpur,Malaysia,open-meteo,2026-08-08T18:57:56+00:00
Johor,Malaysia,1.4655,103.7578,32.0,Asia/Kuala_Lumpur,Malaysia,open-meteo,2026-08-08T18:57:57+00:00
Paya Rumput,Malaysia,2.2973,102.2156,20.0,Asia/Kuala_Lumpur,Malaysia,open-meteo,2026-08-08T18:57:57+00:00
Shah Alam,Malaysia,3.08507,101.53281,53.0,Asia/Kuala_Lumpur,Malaysia,open-meteo,2026-08-08T18:57:58+00:00
Terengganu,Malaysia,,,,,,open-meteo,2026-08-08T18:57:59+00:00
Malacca City,Malaysia,,,,,,open-meteo,2026-08-08T18:57:59+00:00
Malé,Maldives,4.17521,73.50916,8.0,Indian/Maldives,Maldives,open-meteo,2026-08-08T18:58:00+00:00
Laamu,Maldives,,,,,,open-meteo,2026-08-08T18:58:00+00:00
Bamako,Mali,12.60915,-7.97522,374.0,Africa/Bamako,Mali,open-meteo,2026-08-08T18:58:02+00:00
Ta' Qali,Malta,,,,,,open-meteo,2026-08-08T18:58:03+00:00
Attard,Malta,35.88967,14.4425,69.0,Europe/Malta,Malta,open-meteo,2026-08-08T18:58:03+00:00
Nouakchott,Mauritania,18.08581,-15.9785,10.0,Africa/Nouakchott,Mauritania,open-meteo,2026-08-08T18:58:05+00:00
Nouadhibou,Mauritania,20.94188,-17.03842,16.0,Africa/Nouakchott,Mauritania,open-meteo,2026-08-08T18:58:05+00:00
Saint Pierre,Mauritius,-20.2215,57.53431,392.0,Indian/Mauritius,Mauritius,open-meteo,2026-08-08T18:58:06+00:00
Curepipe,Mauritius,-20.31628,57.52594,559.0,Indian/Mauritius,Mauritius,open-meteo,2026-08-08T18:58:07+00:00
Belle Vue Harel,Mauritius,-20.06583,57.59417,80.0,Indian/Mauritius,Mauritius,open-meteo,2026-08-08T18:58:07+00:00
Belle Vue Maurel,Mauritius,-20.12028,57.66361,108.0,Indian/Mauritius,Mauritius,open-meteo,2026-08-08T18:58:08+00:00
Centre de Flacq,Mauritius,-20.18972,57.71444,53.0,Indian/Mauritius,Mauritius,open-meteo,2026-08-08T18:58:08+00:00
Mapou,Mauritius,-20.07583,57.60139,91.0,Indian/Mauritius,Mauritius,open-meteo,2026-08-08T18:58:09+00:00
Mexico City,Mexico,19.42847,-99.12766,2240.0,America/Mexico_City,Mexico,open-meteo,2026-08-08T18:58:10+00:00
Toluca,Mexico,19.28786,-99.65324,2671.0,America/Mexico_City,Mexico,open-meteo,2026-08-08T18:58:10+00:00
Zapopan,Mexico,20.72111,-103.38742,1565.0,America/Mexico_City,Mexico,open-meteo,2026-08-08T18:58:11+00:00
Querétaro,Mexico,15.83752,-92.75774,683.0,America/Mexico_City,Mexico,open-meteo,2026-08-08T18:58:11+00:00
Torreón,Mexico,25.54389,-103.41898,1124.0,America/Monterrey,Mexico,open-meteo,2026-08-08T18:58:12+00:00
Mazatlán,Mexico,23.22163,-106.41885,1.0,America/Mazatlan,Mexico,open-meteo,2026-08-08T18:58:13+00:00
Puebla,Mexico,19.04778,-98.20723,2166.0,America/Mexico_City,Mexico,open-meteo,2026-08-08T18:58:13+00:00
San Luis Potosí,Mexico,22.15234,-100.97135,1886.0,America/Monterrey,Mexico,open-meteo,2026-08-08T18:58:14+00:00
San Nicolás de los Garza,Mexico,25.74167,-100.30222,510.0,America/Monterrey,Mexico,open-meteo,2026-08-08T18:58:15+00:00
Chișinău,Moldova,47.00902,28.85938,24.0,Europe/Chisinau,Moldova,open-meteo,2026-08-08T18:58:16+00:00
Ulaanbaatar,Mongolia,47.90771,106.88324,1284.0,Asia/Ulaanbaatar,Mongolia,open-meteo,2026-08-08T18:58:17+00:00
Podgorica,Montenegro,42.44124,19.26309,49.0,Europe/Podgorica,Montenegro,open-meteo,2026-08-08T18:58:18+00:00
Nikšić,Montenegro,42.7731,18.94446,630.0,Europe/Podgorica,Montenegro,open-meteo,2026-08-08T18:58:19+00:00
Lookout,Montserrat,,,,,,open-meteo,2026-08-08T18:58:20+00:00
Rabat,Morocco,34.01325,-6.83255,46.0,Africa/Casablanca,Morocco,open-meteo,2026-08-08T18:58:20+00:00
Casablanca,Morocco,33.58831,-7.61138,27.0,Africa/Casablanca,Morocco,open-meteo,2026-08-08T18:58:21+00:00
Agadir,Morocco,30.42018,-9.59815,31.0,Africa/Casablanca,Morocco,open-meteo,2026-08-08T18:58:21+00:00
Marrakesh,Morocco,31.63416,-7.99994,457.0,Africa/Casablanca,Morocco,open-meteo,2026-08-08T18:58:22+00:00
Oujda,Morocco,34.68139,-1.90858,549.0,Africa/Casablanca,Morocco,open-meteo,2026-08-08T18:58:22+00:00
Tangier,Morocco,35.76727,-5.79975,20.0,Africa/Casablanca,Morocco,open-meteo,2026-08-08T18:58:23+00:00
Fez,Morocco,34.03313,-5.00028,406.0,Africa/Casablanca,Morocco,open-meteo,2026-08-08T18:58:23+00:00
Salé,Morocco,34.0531,-6.79846,34.0,Africa/Casablanca,Morocco,open-meteo,2026-08-08T18:58:24+00:00
Maputo,Mozambique,-25.96553,32.58322,70.0,Africa/Maputo,Mozambique,open-meteo,2026-08-08T18:58:25+00:00
Beira,Mozambique,-19.84361,34.83889,6.0,Africa/Maputo,Mozambique,open-meteo,2026-08-08T18:58:25+00:00
Yangon,Myanmar,16.80528,96.15611,30.0,Asia/Yangon,Myanmar,open-meteo,2026-08-08T18:58:26+00:00
Mandalay,Myanmar,21.97473,96.08359,83.0,Asia/Yangon,Myanmar,open-meteo,2026-08-08T18:58:26+00:00
Windhoek,Namibia,-22.55941,17.08323,1700.0,Africa/Windhoek,Namibia,open-meteo,2026-08-08T18:58:27+00:00
Kathmandu,Nepal,27.70169,85.3206,1317.0,Asia/Kathmandu,Nepal,open-meteo,2026-08-08T18:58:28+00:00
Lalitpur,Nepal,27.67658,85.31417,1334.0,Asia/Kathmandu,Nepal,open-meteo,2026-08-08T18:58:28+00:00
Amsterdam,Netherlands,52.37403,4.88969,13.0,Europe/Amsterdam,The Netherlands,open-meteo,2026-08-08T18:58:29+00:00
Rotterdam,Netherlands,51.9225,4.47917,9.0,Europe/Amsterdam,The Netherlands,open-meteo,2026-08-08T18:58:29+00:00
Eindhoven,Netherlands,51.44083,5.47778,22.0,Europe/Amsterdam,The Netherlands,open-meteo,2026-08-08T18:58:31+00:00
Enschede,Netherlands,52.21833,6.89583,45.0,Europe/Amsterdam,The Netherlands,open-meteo,2026-08-08T18:58:32+00:00
Groningen,Netherlands,53.21917,6.56667,16.0,Europe/Amsterdam,The Netherlands,open-meteo,2026-08-08T18:58:33+00:00
Auckland,New Zealand,-36.84853,174.76349,43.0,Pacific/Auckland,New Zealand,open-meteo,2026-08-08T18:58:36+00:00
Wellington,New Zealand,-41.28664,174.77557,31.0,Pacific/Auckland,New Zealand,open-meteo,2026-08-08T18:58:36+00:00
Hamilton,New Zealand,-37.78333,175.28333,39.0,Pacific/Auckland,New Zealand,open-meteo,2026-08-08T18:58:37+00:00
Managua,Nicaragua,12.13282,-86.2504,108.0,America/Managua,Nicaragua,open-meteo,2026-08-08T18:58:38+00:00
Diriamba,Nicaragua,11.85812,-86.23922,583.0,America/Managua,Nicaragua,open-meteo,2026-08-08T18:58:38+00:00
Niamey,Niger,13.51366,2.1098,206.0,Africa/Niamey,Niger,open-meteo,2026-08-08T18:58:39+00:00
Uyo,Nigeria,5.05127,7.9335,45.0,Africa/Lagos,Nigeria,open-meteo,2026-08-08T18:58:39+00:00
Asaba,Nigeria,6.19824,6.73187,46.0,Africa/Lagos,Nigeria,open-meteo,2026-08-08T18:58:40+00:00
Lagos,Nigeria,6.45407,3.39467,11.0,Africa/Lagos,Nigeria,open-meteo,2026-08-08T18:58:41+00:00
Abuja,Nigeria,9.05785,7.49508,476.0,Africa/Lagos,Nigeria,open-meteo,2026-08-08T18:58:41+00:00
Benin City,Nigeria,6.33815,5.62575,88.0,Africa/Lagos,Nigeria,open-meteo,2026-08-08T18:58:42+00:00
Port Harcourt,Nigeria,4.77742,7.0134,16.0,Africa/Lagos,Nigeria,open-meteo,2026-08-08T18:58:42+00:00
Pyongyang,North Korea,39.03385,125.75432,43.0,Asia/Pyongyang,North Korea,open-meteo,2026-08-08T18:58:43+00:00
Skopje,North Macedonia,41.99646,21.43141,247.0,Europe/Skopje,North Macedonia,open-meteo,2026-08-08T18:58:43+00:00
Strumica,North Macedonia,41.43763,22.64288,228.0,Europe/Skopje,North Macedonia,open-meteo,2026-08-08T18:58:44+00:00
Koblerville,Northern Mariana Islands,,,,,,open-meteo,2026-08-08T18:58:48+00:00
Oslo,Norway,59.91273,10.74609,26.0,Europe/Oslo,Norway,open-meteo,2026-08-08T18:58:49+00:00
Muscat,Oman,23.58413,58.40778,14.0,Asia/Muscat,Oman,open-meteo,2026-08-08T18:58:50+00:00
Seeb,Oman,23.67027,58.18911,7.0,Asia/Muscat,Oman,open-meteo,2026-08-08T18:58:51+00:00
Carate Brianza,Italy,45.67574,9.23723,250.0,Europe/Rome,Italy,open-meteo,2026-08-08T18:58:53+00:00
Islamabad,Pakistan,33.72148,73.04329,579.0,Asia/Karachi,Pakistan,open-meteo,2026-08-08T18:58:58+00:00
Panama City,Panama,8.9936,-79.51973,17.0,America/Panama,Panama,open-meteo,2026-08-08T18:59:00+00:00
Penonomé,Panama,8.51889,-80.35727,90.0,America/Panama,Panama,open-meteo,2026-08-08T18:59:01+00:00
Port Moresby,Papua New Guinea,-9.47723,147.1509,25.0,Pacific/Port_Moresby,Papua New Guinea,open-meteo,2026-08-08T18:59:01+00:00
Asunción,Paraguay,-25.28646,-57.647,113.0,America/Asuncion,Paraguay,open-meteo,2026-08-08T18:59:02+00:00
Ciudad del Este,Paraguay,-25.5036,-54.65067,197.0,America/Asuncion,Paraguay,open-meteo,2026-08-08T18:59:02+00:00
Lima,Peru,-12.04318,-77.02824,152.0,America/Lima,Peru,open-meteo,2026-08-08T18:59:04+00:00
Arequipa,Peru,-16.39899,-71.53747,2397.0,America/Lima,Peru,open-meteo,2026-08-08T18:59:05+00:00
Trujillo,Peru,-8.11599,-79.02998,31.0,America/Lima,Peru,open-meteo,2026-08-08T18:59:05+00:00
Manila,Philippines,14.6042,120.9822,13.0,Asia/Manila,Philippines,open-meteo,2026-08-08T18:59:06+00:00
Bacolod,Philippines,10.66667,122.95,14.0,Asia/Manila,Philippines,open-meteo,2026-08-08T18:59:06+00:00
Bocaue,Philippines,14.79833,120.92611,9.0,Asia/Manila,Philippines,open-meteo,2026-08-08T18:59:07+00:00
Capas,Philippines,15.33117,120.5898,53.0,Asia/Manila,Philippines,open-meteo,2026-08-08T18:59:07+00:00
Warsaw,Poland,52.22977,21.01178,113.0,Europe/Warsaw,Poland,open-meteo,2026-08-08T18:59:08+00:00
Chorzów,Poland,50.30582,18.9742,319.0,Europe/Warsaw,Poland,open-meteo,2026-08-08T18:59:08+00:00
Wrocław,Poland,51.10286,17.03006,115.0,Europe/Warsaw,Poland,open-meteo,2026-08-08T18:59:09+00:00
Gdańsk,Poland,54.35227,18.64912,8.0,Europe/Warsaw,Poland,open-meteo,2026-08-08T18:59:09+00:00
Poznań,Poland,52.40692,16.92993,69.0,Europe/Warsaw,Poland,open-meteo,2026-08-08T18:59:10+00:00
Lisbon,Portugal,38.72509,-9.1498,68.0,Europe/Lisbon,Portugal,open-meteo,2026-08-08T18:59:11+00:00
Porto,Portugal,41.1485,-8.61097,91.0,Europe/Lisbon,Portugal,open-meteo,2026-08-08T18:59:11+00:00
Faro-Loulé,Portugal,,,,,,open-meteo,2026-08-08T18:59:12+00:00
Aveiro,Portugal,40.64575,-8.64643,19.0,Europe/Lisbon,Portugal,open-meteo,2026-08-08T18:59:12+00:00
Braga,Portugal,41.5514,-8.42311,190.0,Europe/Lisbon,Portugal,open-meteo,2026-08-08T18:59:13+00:00
Guimarães,Portugal,41.44443,-8.29619,189.0,Europe/Lisbon,Portugal,open-meteo,2026-08-08T18:59:13+00:00
Leiria,Portugal,39.74362,-8.80705,33.0,Europe/Lisbon,Portugal,open-meteo,2026-08-08T18:59:14+00:00
Oeiras,Portugal,38.69105,-9.31085,36.0,Europe/Lisbon,Portugal,open-meteo,2026-08-08T18:59:14+00:00
Estoril,Portugal,38.70571,-9.39773,24.0,Europe/Lisbon,Portugal,open-meteo,2026-08-08T18:59:15+00:00
Faro,Portugal,37.01869,-7.92716,24.0,Europe/Lisbon,Portugal,open-meteo,2026-08-08T18:59:15+00:00
Funchal,Portugal,32.66568,-16.92547,280.0,Atlantic/Madeira,Portugal,open-meteo,2026-08-08T18:59:16+00:00
São João da Venda,Portugal,,,,,,open-meteo,2026-08-08T18:59:16+00:00
Viseu,Portugal,40.66165,-7.90905,469.0,Europe/Lisbon,Portugal,open-meteo,2026-08-08T18:59:17+00:00
Doha,Qatar,25.28545,51.53096,11.0,Asia/Qatar,Qatar,open-meteo,2026-08-08T18:59:19+00:00
Al Rayyan,Qatar,25.29194,51.42444,23.0,Asia/Qatar,Qatar,open-meteo,2026-08-08T18:59:20+00:00
Al Khor,Qatar,25.68389,51.50583,10.0,Asia/Qatar,Qatar,open-meteo,2026-08-08T18:59:20+00:00
Al Wakrah,Qatar,25.17151,51.60337,9.0,Asia/Qatar,Qatar,open-meteo,2026-08-08T18:59:21+00:00
Lusail,Qatar,25.4175,51.5075,4.0,Asia/Qatar,Qatar,open-meteo,2026-08-08T18:59:21+00:00
Chur,Switzerland,46.84986,9.53287,601.0,Europe/Zurich,Switzerland,open-meteo,2026-08-08T18:59:22+00:00
Domat/Ems,Switzerland,,,,,,open-meteo,2026-08-08T18:59:22+00:00
Dublin,Republic of Ireland,,,,,,open-meteo,2026-08-08T18:59:23+00:00
Bucharest,Romania,44.43225,26.10626,83.0,Europe/Bucharest,Romania,open-meteo,2026-08-08T18:59:23+00:00
Ploiești,Romania,44.95,26.01667,161.0,Europe/Bucharest,Romania,open-meteo,2026-08-08T18:59:24+00:00
Cluj,Romania,46.76667,23.6,352.0,Europe/Bucharest,Romania,open-meteo,2026-08-08T18:59:25+00:00
Craiova,Romania,44.31667,23.8,105.0,Europe/Bucharest,Romania,open-meteo,2026-08-08T18:59:25+00:00
Moscow,Russia,55.75204,37.61781,155.0,Europe/Moscow,Russia,open-meteo,2026-08-08T18:59:26+00:00
Saint Petersburg,Russia,59.93863,30.31413,11.0,Europe/Moscow,Russia,open-meteo,2026-08-08T18:59:26+00:00
Sochi,Russia,43.59699,39.72477,28.0,Europe/Moscow,Russia,open-meteo,2026-08-08T18:59:27+00:00
Krasnodar,Russia,45.04534,38.98178,36.0,Europe/Moscow,Russia,open-meteo,2026-08-08T18:59:27+00:00
Volgograd,Russia,48.71378,44.4976,42.0,Europe/Volgograd,Russia,open-meteo,2026-08-08T18:59:28+00:00
Kaliningrad,Russia,54.70639,20.51102,2.0,Europe/Kaliningrad,Russia,open-meteo,2026-08-08T18:59:28+00:00
Kazan,Russia,55.78874,49.12214,61.0,Europe/Moscow,Russia,open-meteo,2026-08-08T18:59:29+00:00
Groznyy,Russia,52.7032,31.6823,149.0,Europe/Moscow,Russia,open-meteo,2026-08-08T18:59:29+00:00
Nizhny Novgorod,Russia,56.32867,44.00205,141.0,Europe/Moscow,Russia,open-meteo,2026-08-08T18:59:30+00:00
Rostov-on-Don,Russia,47.21997,39.70769,54.0,Europe/Moscow,Russia,open-meteo,2026-08-08T18:59:30+00:00
Samara,Russia,53.20767,50.13553,107.0,Europe/Samara,Russia,open-meteo,2026-08-08T18:59:31+00:00
Saransk,Russia,54.18485,45.17166,168.0,Europe/Moscow,Russia,open-meteo,2026-08-08T18:59:32+00:00
Kigali,Rwanda,-1.94995,30.05885,1542.0,Africa/Kigali,Rwanda,open-meteo,2026-08-08T18:59:32+00:00
Butare,Rwanda,-2.59667,29.73944,1769.0,Africa/Kigali,Rwanda,open-meteo,2026-08-08T18:59:33+00:00
Saint-Jean,Saint Barthélemy,,,,,,open-meteo,2026-08-08T18:59:33+00:00
Basseterre,Saint Kitts and Nevis,17.2955,-62.72499,22.0,America/St_Kitts,Saint Kitts and Nevis,open-meteo,2026-08-08T18:59:34+00:00
Old Road Town,Saint Kitts and Nevis,17.32215,-62.80337,18.0,America/St_Kitts,Saint Kitts and Nevis,open-meteo,2026-08-08T18:59:34+00:00
Gros Islet,Saint Lucia,14.06667,-60.95,58.0,America/St_Lucia,Saint Lucia,open-meteo,2026-08-08T18:59:35+00:00
Quartier-d'Orleans,Saint Martin,,,,,,open-meteo,2026-08-08T18:59:35+00:00
Kingstown,Saint Vincent and the Grenadines,13.15527,-61.22742,9.0,America/St_Vincent,Saint Vincent and the Grenadines,open-meteo,2026-08-08T18:59:36+00:00
Arnos Vale,Saint Vincent and the Grenadines,13.14186,-61.20764,16.0,America/St_Vincent,Saint Vincent and the Grenadines,open-meteo,2026-08-08T18:59:36+00:00
Georgetown,Saint Vincent and the Grenadines,,,,,,open-meteo,2026-08-08T18:59:37+00:00
Saint George's,Saint Vincent and the Grenadines,,,,,,open-meteo,2026-08-08T18:59:37+00:00
Apia,Samoa,-13.83333,-171.76666,9.0,Pacific/Apia,Samoa,open-meteo,2026-08-08T18:59:38+00:00
Serravalle,San Marino,43.96897,12.48167,119.0,Europe/San_Marino,San Marino,open-meteo,2026-08-08T18:59:39+00:00
Jeddah,Saudi Arabia,21.49012,39.18624,7.0,Asia/Riyadh,Saudi Arabia,open-meteo,2026-08-08T18:59:39+00:00
Riyadh,Saudi Arabia,24.68773,46.72185,612.0,Asia/Riyadh,Saudi Arabia,open-meteo,2026-08-08T18:59:40+00:00
Dammam,Saudi Arabia,26.43442,50.10326,10.0,Asia/Riyadh,Saudi Arabia,open-meteo,2026-08-08T18:59:40+00:00
Al Hofuf,Saudi Arabia,,,,,,open-meteo,2026-08-08T18:59:41+00:00
Buraidah,Saudi Arabia,26.32599,43.97497,606.0,Asia/Riyadh,Saudi Arabia,open-meteo,2026-08-08T18:59:41+00:00
Diamniadio,Senegal,14.72051,-17.1816,23.0,Africa/Dakar,Senegal,open-meteo,2026-08-08T18:59:43+00:00
Dakar,Senegal,14.6937,-17.44406,12.0,Africa/Dakar,Senegal,open-meteo,2026-08-08T18:59:44+00:00
Thiès,Senegal,14.78944,-16.92602,72.0,Africa/Dakar,Senegal,open-meteo,2026-08-08T18:59:45+00:00
Belgrade,Serbia,44.80401,20.46513,120.0,Europe/Belgrade,Serbia,open-meteo,2026-08-08T18:59:45+00:00
Leskovac,Serbia,42.99806,21.94611,230.0,Europe/Belgrade,Serbia,open-meteo,2026-08-08T18:59:46+00:00
Bačka Topola,Serbia,45.81516,19.6318,94.0,Europe/Belgrade,Serbia,open-meteo,2026-08-08T18:59:46+00:00
Victoria,Seychelles,-4.62001,55.45501,4.0,Indian/Mahe,Seychelles,open-meteo,2026-08-08T18:59:47+00:00
Freetown,Sierra Leone,8.48714,-13.2356,38.0,Africa/Freetown,Sierra Leone,open-meteo,2026-08-08T18:59:47+00:00
Bo,Sierra Leone,7.96472,-11.73833,104.0,Africa/Freetown,Sierra Leone,open-meteo,2026-08-08T18:59:48+00:00
Kallang,Singapore,1.33333,103.86667,18.0,Asia/Singapore,Singapore,open-meteo,2026-08-08T18:59:48+00:00
Singapore,Singapore,1.28967,103.85007,23.0,Asia/Singapore,Singapore,open-meteo,2026-08-08T18:59:49+00:00
Bishan,Singapore,1.3504,103.84875,16.0,Asia/Singapore,Singapore,open-meteo,2026-08-08T18:59:49+00:00
Trnava,Slovakia,48.37773,17.58603,147.0,Europe/Bratislava,Slovakia,open-meteo,2026-08-08T18:59:50+00:00
Bratislava,Slovakia,48.14816,17.10674,157.0,Europe/Bratislava,Slovakia,open-meteo,2026-08-08T18:59:51+00:00
Košice,Slovakia,48.71441,21.25802,205.0,Europe/Bratislava,Slovakia,open-meteo,2026-08-08T18:59:52+00:00
Dunajská Streda,Slovakia,47.99268,17.61211,117.0,Europe/Bratislava,Slovakia,open-meteo,2026-08-08T18:59:52+00:00
Ljubljana,Slovenia,46.05108,14.50513,295.0,Europe/Ljubljana,Slovenia,open-meteo,2026-08-08T18:59:53+00:00
Celje,Slovenia,46.23092,15.26044,240.0,Europe/Ljubljana,Slovenia,open-meteo,2026-08-08T18:59:53+00:00
Koper,Slovenia,45.5482,13.72963,12.0,Europe/Ljubljana,Slovenia,open-meteo,2026-08-08T18:59:54+00:00
Maribor,Slovenia,46.55583,15.64593,262.0,Europe/Ljubljana,Slovenia,open-meteo,2026-08-08T18:59:54+00:00
Honiara,Solomon Islands,-9.43333,159.95,49.0,Pacific/Guadalcanal,Solomon Islands,open-meteo,2026-08-08T18:59:55+00:00
Johannesburg,South Africa,-26.20227,28.04363,1767.0,Africa/Johannesburg,South Africa,open-meteo,2026-08-08T18:59:55+00:00
Durban,South Africa,-29.8579,31.0292,21.0,Africa/Johannesburg,South Africa,open-meteo,2026-08-08T18:59:56+00:00
Port Elizabeth,South Africa,-33.96109,25.61494,61.0,Africa/Johannesburg,South Africa,open-meteo,2026-08-08T18:59:56+00:00
Polokwane,South Africa,-23.90449,29.46885,1315.0,Africa/Johannesburg,South Africa,open-meteo,2026-08-08T18:59:57+00:00
Bloemfontein,South Africa,-29.12107,26.214,1396.0,Africa/Johannesburg,South Africa,open-meteo,2026-08-08T18:59:58+00:00
Mbombela,South Africa,-25.47512,30.96935,658.0,Africa/Johannesburg,South Africa,open-meteo,2026-08-08T18:59:58+00:00
Rustenburg,South Africa,-25.66756,27.24208,1171.0,Africa/Johannesburg,South Africa,open-meteo,2026-08-08T18:59:59+00:00
Saulspoort,South Africa,-25.16092,27.16296,1086.0,Africa/Johannesburg,South Africa,open-meteo,2026-08-08T18:59:59+00:00
Cape Town,South Africa,-33.92584,18.42322,25.0,Africa/Johannesburg,South Africa,open-meteo,2026-08-08T19:00:00+00:00
Clermont,South Africa,,,,,,open-meteo,2026-08-08T19:00:00+00:00
Gqeberha,South Africa,-33.96109,25.61494,61.0,Africa/Johannesburg,South Africa,open-meteo,2026-08-08T19:00:01+00:00
KwaMashu,South Africa,-29.75105,30.96204,126.0,Africa/Johannesburg,South Africa,open-meteo,2026-08-08T19:00:01+00:00
East London,South Africa,-33.01529,27.91162,48.0,Africa/Johannesburg,South Africa,open-meteo,2026-08-08T19:00:02+00:00
Nelspruit,South Africa,-25.5005,30.91358,885.0,Africa/Johannesburg,South Africa,open-meteo,2026-08-08T19:00:03+00:00
Pretoria,South Africa,-25.74486,28.18783,1332.0,Africa/Johannesburg,South Africa,open-meteo,2026-08-08T19:00:04+00:00
Seoul,South Korea,37.566,126.9784,38.0,Asia/Seoul,South Korea,open-meteo,2026-08-08T19:00:04+00:00
Goyang,South Korea,36.21689,127.19731,27.0,Asia/Seoul,South Korea,open-meteo,2026-08-08T19:00:05+00:00
Suwon,South Korea,37.29111,127.00889,58.0,Asia/Seoul,South Korea,open-meteo,2026-08-08T19:00:05+00:00
Busan,South Korea,35.10168,129.03004,15.0,Asia/Seoul,South Korea,open-meteo,2026-08-08T19:00:06+00:00
Daejeon,South Korea,36.34913,127.38493,58.0,Asia/Seoul,South Korea,open-meteo,2026-08-08T19:00:06+00:00
Ulsan,South Korea,35.53722,129.31667,10.0,Asia/Seoul,South Korea,open-meteo,2026-08-08T19:00:07+00:00
Cheonan,South Korea,36.8065,127.1522,40.0,Asia/Seoul,South Korea,open-meteo,2026-08-08T19:00:08+00:00
Hwaseong,South Korea,35.24246,126.59882,94.0,Asia/Seoul,South Korea,open-meteo,2026-08-08T19:00:08+00:00
Ansan,South Korea,35.46836,126.52613,15.0,Asia/Seoul,South Korea,open-meteo,2026-08-08T19:00:09+00:00
Daegu,South Korea,35.87028,128.59111,45.0,Asia/Seoul,South Korea,open-meteo,2026-08-08T19:00:09+00:00
Jeonju,South Korea,35.82194,127.14889,44.0,Asia/Seoul,South Korea,open-meteo,2026-08-08T19:00:10+00:00
Yongin,South Korea,34.53333,126.28333,3.0,Asia/Seoul,South Korea,open-meteo,2026-08-08T19:00:10+00:00
Tskhinvali,Georgia,42.18846,43.93788,844.0,Asia/Tbilisi,Georgia,open-meteo,2026-08-08T19:00:11+00:00
Juba,South Sudan,4.85165,31.58247,518.0,Africa/Juba,South Sudan,open-meteo,2026-08-08T19:00:11+00:00
Seville,Spain,37.38283,-5.97317,16.0,Europe/Madrid,Spain,open-meteo,2026-08-08T19:00:12+00:00
Madrid,Spain,40.4165,-3.70256,665.0,Europe/Madrid,Spain,open-meteo,2026-08-08T19:00:12+00:00
Granada,Spain,37.18817,-3.60667,689.0,Europe/Madrid,Spain,open-meteo,2026-08-08T19:00:13+00:00
Málaga,Spain,36.72016,-4.42034,22.0,Europe/Madrid,Spain,open-meteo,2026-08-08T19:00:14+00:00
A Coruña,Spain,43.37135,-8.396,22.0,Europe/Madrid,Spain,open-meteo,2026-08-08T19:00:14+00:00
Badajoz,Spain,38.87789,-6.97061,192.0,Europe/Madrid,Spain,open-meteo,2026-08-08T19:00:15+00:00
Barcelona,Spain,41.38879,2.15899,15.0,Europe/Madrid,Spain,open-meteo,2026-08-08T19:00:15+00:00
Elche,Spain,38.26218,-0.70107,96.0,Europe/Madrid,Spain,open-meteo,2026-08-08T19:00:16+00:00
Murcia,Spain,37.98704,-1.13004,53.0,Europe/Madrid,Spain,open-meteo,2026-08-08T19:00:16+00:00
Valencia,Spain,39.47391,-0.37966,15.0,Europe/Madrid,Spain,open-meteo,2026-08-08T19:00:17+00:00
Valladolid,Spain,41.65541,-4.72353,702.0,Europe/Madrid,Spain,open-meteo,2026-08-08T19:00:17+00:00
Villarreal,Spain,38.72572,-7.21533,42.0,Europe/Madrid,Spain,open-meteo,2026-08-08T19:00:18+00:00
Alicante,Spain,38.34517,-0.48149,18.0,Europe/Madrid,Spain,open-meteo,2026-08-08T19:00:18+00:00
Cádiz,Spain,36.52672,-6.2891,22.0,Europe/Madrid,Spain,open-meteo,2026-08-08T19:00:19+00:00
Córdoba,Spain,37.89155,-4.77275,117.0,Europe/Madrid,Spain,open-meteo,2026-08-08T19:00:19+00:00
Gijón,Spain,43.53573,-5.66152,22.0,Europe/Madrid,Spain,open-meteo,2026-08-08T19:00:20+00:00
Las Palmas,Spain,28.10178,-15.41573,122.0,Atlantic/Canary,Spain,open-meteo,2026-08-08T19:00:21+00:00
Leganés,Spain,40.32718,-3.7635,672.0,Europe/Madrid,Spain,open-meteo,2026-08-08T19:00:21+00:00
León,Spain,42.60003,-5.57032,844.0,Europe/Madrid,Spain,open-meteo,2026-08-08T19:00:22+00:00
Mallorca,Spain,39.6078,3.01197,201.0,Europe/Madrid,Spain,open-meteo,2026-08-08T19:00:22+00:00
Santa Cruz de Tenerife,Spain,28.46824,-16.25462,10.0,Atlantic/Canary,Spain,open-meteo,2026-08-08T19:00:23+00:00
Zaragoza,Spain,41.65606,-0.87734,214.0,Europe/Madrid,Spain,open-meteo,2026-08-08T19:00:23+00:00
Colombo,Sri Lanka,6.93548,79.84868,7.0,Asia/Colombo,Sri Lanka,open-meteo,2026-08-08T19:00:24+00:00
Omdurman,Sudan,15.64453,32.47773,391.0,Africa/Khartoum,Sudan,open-meteo,2026-08-08T19:00:24+00:00
Khartoum,Sudan,15.55177,32.53241,381.0,Africa/Khartoum,Sudan,open-meteo,2026-08-08T19:00:25+00:00
al-Ubayyid,Sudan,13.18421,30.21669,573.0,Africa/Khartoum,Sudan,open-meteo,2026-08-08T19:00:25+00:00
Paramaribo,Suriname,5.86638,-55.16682,5.0,America/Paramaribo,Suriname,open-meteo,2026-08-08T19:00:26+00:00
Stockholm,Sweden,59.32938,18.06871,17.0,Europe/Stockholm,Sweden,open-meteo,2026-08-08T19:00:27+00:00
Solna,Sweden,59.36004,18.00086,22.0,Europe/Stockholm,Sweden,open-meteo,2026-08-08T19:00:27+00:00
Gothenburg,Sweden,57.70716,11.96679,10.0,Europe/Stockholm,Sweden,open-meteo,2026-08-08T19:00:28+00:00
Malmö,Sweden,55.60587,13.00073,10.0,Europe/Stockholm,Sweden,open-meteo,2026-08-08T19:00:28+00:00
St. Gallen,Switzerland,47.42391,9.37477,684.0,Europe/Zurich,Switzerland,open-meteo,2026-08-08T19:00:29+00:00
Basel,Switzerland,47.55839,7.57327,279.0,Europe/Zurich,Switzerland,open-meteo,2026-08-08T19:00:29+00:00
Geneva,Switzerland,46.20222,6.14569,400.0,Europe/Zurich,Switzerland,open-meteo,2026-08-08T19:00:30+00:00
Lucerne,Switzerland,47.05048,8.30635,437.0,Europe/Zurich,Switzerland,open-meteo,2026-08-08T19:00:30+00:00
Lugano,Switzerland,46.01008,8.96004,284.0,Europe/Zurich,Switzerland,open-meteo,2026-08-08T19:00:31+00:00
Sion,Switzerland,46.22739,7.35559,500.0,Europe/Zurich,Switzerland,open-meteo,2026-08-08T19:00:31+00:00
Zürich,Switzerland,47.36667,8.55,429.0,Europe/Zurich,Switzerland,open-meteo,2026-08-08T19:00:32+00:00
Neuchâtel,Switzerland,46.99179,6.931,441.0,Europe/Zurich,Switzerland,open-meteo,2026-08-08T19:00:32+00:00
Miercurea Ciuc,Hungary,,,,,,open-meteo,2026-08-08T19:00:33+00:00
São Tomé,São Tomé and Príncipe,0.33756,6.7299,140.0,Africa/Sao_Tome,São Tomé and Príncipe,open-meteo,2026-08-08T19:00:34+00:00
Taipei,Taiwan,25.05306,121.52639,5.0,Asia/Taipei,Taiwan,open-meteo,2026-08-08T19:00:35+00:00
Kaohsiung,Taiwan,22.61626,120.31333,9.0,Asia/Taipei,Taiwan,open-meteo,2026-08-08T19:00:35+00:00
Dushanbe,Tajikistan,38.53575,68.77905,767.0,Asia/Dushanbe,Tajikistan,open-meteo,2026-08-08T19:00:36+00:00
Hisor,Tajikistan,38.52504,68.55124,800.0,Asia/Dushanbe,Tajikistan,open-meteo,2026-08-08T19:00:36+00:00
Khujand,Tajikistan,40.28256,69.62216,340.0,Asia/Dushanbe,Tajikistan,open-meteo,2026-08-08T19:00:37+00:00
Tursunzoda,Tajikistan,38.51271,68.23163,707.0,Asia/Dushanbe,Tajikistan,open-meteo,2026-08-08T19:00:37+00:00
Dar es Salaam,Tanzania,-6.82349,39.26951,24.0,Africa/Dar_es_Salaam,Tanzania,open-meteo,2026-08-08T19:00:38+00:00
Unguja,Tanzania,-6.16394,39.19793,14.0,Africa/Dar_es_Salaam,Tanzania,open-meteo,2026-08-08T19:00:38+00:00
Bangkok,Thailand,13.75398,100.50144,12.0,Asia/Bangkok,Thailand,open-meteo,2026-08-08T19:00:39+00:00
Pathum Thani,Thailand,14.01346,100.53049,4.0,Asia/Bangkok,Thailand,open-meteo,2026-08-08T19:00:39+00:00
Chiang Mai,Thailand,18.79038,98.98468,313.0,Asia/Bangkok,Thailand,open-meteo,2026-08-08T19:00:40+00:00
Kanchanaburi,Thailand,14.00412,99.54832,33.0,Asia/Bangkok,Thailand,open-meteo,2026-08-08T19:00:41+00:00
Songkhla,Thailand,7.19882,100.5951,12.0,Asia/Bangkok,Thailand,open-meteo,2026-08-08T19:00:41+00:00
Chonburi,Thailand,,,,,,open-meteo,2026-08-08T19:00:42+00:00
Pak Kret,Thailand,13.91179,100.49774,2.0,Asia/Bangkok,Thailand,open-meteo,2026-08-08T19:00:42+00:00
Sisaket,Thailand,15.1,104.33333,131.0,Asia/Bangkok,Thailand,open-meteo,2026-08-08T19:00:43+00:00
Suphan Buri,Thailand,14.47418,100.12218,12.0,Asia/Bangkok,Thailand,open-meteo,2026-08-08T19:00:43+00:00
Thanyaburi,Thailand,14.02114,100.73433,8.0,Asia/Bangkok,Thailand,open-meteo,2026-08-08T19:00:44+00:00
Lomé,Togo,6.12874,1.22154,13.0,Africa/Lome,Togo,open-meteo,2026-08-08T19:00:44+00:00
Nuku'alofa,Tonga,-21.13683,-175.20114,1.0,Pacific/Tongatapu,Tonga,open-meteo,2026-08-08T19:00:45+00:00
Port of Spain,Trinidad and Tobago,10.66668,-61.51889,21.0,America/Port_of_Spain,Trinidad and Tobago,open-meteo,2026-08-08T19:00:45+00:00
Couva,Trinidad and Tobago,10.42248,-61.46748,15.0,America/Port_of_Spain,Trinidad and Tobago,open-meteo,2026-08-08T19:00:46+00:00
Bacolet,Trinidad and Tobago,11.17539,-60.72263,61.0,America/Port_of_Spain,Trinidad and Tobago,open-meteo,2026-08-08T19:00:46+00:00
Arima,Trinidad and Tobago,10.63737,-61.28228,62.0,America/Port_of_Spain,Trinidad and Tobago,open-meteo,2026-08-08T19:00:47+00:00
San Fernando,Trinidad and Tobago,10.27969,-61.46835,28.0,America/Port_of_Spain,Trinidad and Tobago,open-meteo,2026-08-08T19:00:48+00:00
Radès,Tunisia,36.76946,10.27468,5.0,Africa/Tunis,Tunisia,open-meteo,2026-08-08T19:00:48+00:00
Monastir,Tunisia,35.77799,10.82617,20.0,Africa/Tunis,Tunisia,open-meteo,2026-08-08T19:00:49+00:00
Tunis,Tunisia,36.81897,10.16579,23.0,Africa/Tunis,Tunisia,open-meteo,2026-08-08T19:00:49+00:00
Gabès,Tunisia,33.88146,10.0982,9.0,Africa/Tunis,Tunisia,open-meteo,2026-08-08T19:00:50+00:00
Istanbul,Turkey,,,,,,open-meteo,2026-08-08T19:00:50+00:00
Antalya,Turkey,,,,,,open-meteo,2026-08-08T19:00:51+00:00
Konya,Turkey,,,,,,open-meteo,2026-08-08T19:00:51+00:00
Eskişehir,Turkey,,,,,,open-meteo,2026-08-08T19:00:52+00:00
Alanya,Turkey,,,,,,open-meteo,2026-08-08T19:00:52+00:00
Bursa,Turkey,,,,,,open-meteo,2026-08-08T19:00:53+00:00
İzmir,Turkey,,,,,,open-meteo,2026-08-08T19:00:53+00:00
Diyarbakir,Turkey,,,,,,open-meteo,2026-08-08T19:00:54+00:00
Gaziantep,Turkey,,,,,,open-meteo,2026-08-08T19:00:55+00:00
Kayseri,Turkey,,,,,,open-meteo,2026-08-08T19:00:55+00:00
Rize,Turkey,,,,,,open-meteo,2026-08-08T19:00:56+00:00
Samsun,Turkey,,,,,,open-meteo,2026-08-08T19:00:56+00:00
Sivas,Turkey,,,,,,open-meteo,2026-08-08T19:00:57+00:00
Tekkeköy,Turkey,,,,,,open-meteo,2026-08-08T19:00:57+00:00
Trabzon,Turkey,,,,,,open-meteo,2026-08-08T19:00:58+00:00
İzmit,Turkey,,,,,,open-meteo,2026-08-08T19:00:58+00:00
Ashgabat,Turkmenistan,37.95,58.38333,219.0,Asia/Ashgabat,Turkmenistan,open-meteo,2026-08-08T19:00:59+00:00
Arkadag,Turkmenistan,38.07127,58.06562,229.0,Asia/Ashgabat,Turkmenistan,open-meteo,2026-08-08T19:00:59+00:00
Balkanabat,Turkmenistan,39.51075,54.36713,11.0,Asia/Ashgabat,Turkmenistan,open-meteo,2026-08-08T19:01:00+00:00
Daşoguz,Turkmenistan,41.83625,59.96661,87.0,Asia/Ashgabat,Turkmenistan,open-meteo,2026-08-08T19:01:01+00:00
Providenciales,Turks and Caicos Islands,,,,,,open-meteo,2026-08-08T19:01:01+00:00
Kampala,Uganda,0.31628,32.58219,1223.0,Africa/Kampala,Uganda,open-meteo,2026-08-08T19:01:02+00:00
Kira,Uganda,0.4,32.63333,1168.0,Africa/Kampala,Uganda,open-meteo,2026-08-08T19:01:02+00:00
Entebbe,Uganda,0.05621,32.47949,1151.0,Africa/Kampala,Uganda,open-meteo,2026-08-08T19:01:03+00:00
Kyiv,Ukraine,50.45466,30.5238,179.0,Europe/Kyiv,Ukraine,open-meteo,2026-08-08T19:01:03+00:00
Kharkiv,Ukraine,49.98177,36.25475,94.0,Europe/Kyiv,Ukraine,open-meteo,2026-08-08T19:01:04+00:00
Lviv,Ukraine,49.83826,24.02324,284.0,Europe/Kyiv,Ukraine,open-meteo,2026-08-08T19:01:04+00:00
Dnipro,Ukraine,48.46664,35.04066,120.0,Europe/Kyiv,Ukraine,open-meteo,2026-08-08T19:01:05+00:00
Odessa,Ukraine,46.48572,30.74383,50.0,Europe/Kyiv,Ukraine,open-meteo,2026-08-08T19:01:05+00:00
Zaporizhia,Ukraine,47.86722,35.31639,114.0,Europe/Kyiv,Ukraine,open-meteo,2026-08-08T19:01:06+00:00
Dubai,United Arab Emirates,25.07725,55.30927,24.0,Asia/Dubai,United Arab Emirates,open-meteo,2026-08-08T19:01:06+00:00
Abu Dhabi,United Arab Emirates,24.45118,54.39696,6.0,Asia/Dubai,United Arab Emirates,open-meteo,2026-08-08T19:01:07+00:00
Al Ain,United Arab Emirates,24.19167,55.76056,275.0,Asia/Dubai,United Arab Emirates,open-meteo,2026-08-08T19:01:08+00:00
Orlando,United States,28.53834,-81.37924,30.0,America/New_York,United States,open-meteo,2026-08-08T19:01:08+00:00
Austin,United States,30.26715,-97.74306,149.0,America/Chicago,United States,open-meteo,2026-08-08T19:01:13+00:00
Kansas City,United States,39.09973,-94.57857,274.0,America/Chicago,United States,open-meteo,2026-08-08T19:01:14+00:00
Arlington,United States,32.73569,-97.10807,184.0,America/Chicago,United States,open-meteo,2026-08-08T19:01:14+00:00
Nashville,United States,36.16589,-86.78444,170.0,America/Chicago,United States,open-meteo,2026-08-08T19:01:15+00:00
Cincinnati,United States,39.12711,-84.51439,191.0,America/New_York,United States,open-meteo,2026-08-08T19:01:15+00:00
St. Louis,United States,38.62727,-90.19789,142.0,America/Chicago,United States,open-meteo,2026-08-08T19:01:16+00:00
Columbus,United States,39.96118,-82.99879,235.0,America/New_York,United States,open-meteo,2026-08-08T19:01:16+00:00
East Hartford,United States,41.78232,-72.61203,16.0,America/New_York,United States,open-meteo,2026-08-08T19:01:17+00:00
Inglewood,United States,33.96168,-118.35313,40.0,America/Los_Angeles,United States,open-meteo,2026-08-08T19:01:17+00:00
Atlanta,United States,33.749,-84.38798,320.0,America/New_York,United States,open-meteo,2026-08-08T19:01:18+00:00
Carson,United States,39.1638,-119.7674,1427.0,America/Los_Angeles,United States,open-meteo,2026-08-08T19:01:19+00:00
Chicago,United States,41.85003,-87.65005,179.0,America/Chicago,United States,open-meteo,2026-08-08T19:01:19+00:00
Denver,United States,39.73915,-104.9847,1609.0,America/Denver,United States,open-meteo,2026-08-08T19:01:20+00:00
Las Vegas,United States,36.17497,-115.13722,610.0,America/Los_Angeles,United States,open-meteo,2026-08-08T19:01:20+00:00
Saint Paul,United States,44.94441,-93.09327,242.0,America/Chicago,United States,open-meteo,2026-08-08T19:01:21+00:00
San Jose,United States,37.33939,-121.89496,26.0,America/Los_Angeles,United States,open-meteo,2026-08-08T19:01:21+00:00
Tampa,United States,27.94752,-82.45843,1.0,America/New_York,United States,open-meteo,2026-08-08T19:01:22+00:00
Charlotte,United States,35.22709,-80.84313,229.0,America/New_York,United States,open-meteo,2026-08-08T19:01:23+00:00
Chester,United States,37.91366,-89.82205,204.0,America/Chicago,United States,open-meteo,2026-08-08T19:01:23+00:00
Cleveland,United States,41.4995,-81.69541,199.0,America/New_York,United States,open-meteo,2026-08-08T19:01:24+00:00
East Rutherford,United States,40.83399,-74.09709,24.0,America/New_York,United States,open-meteo,2026-08-08T19:01:24+00:00
Fort Lauderdale,United States,26.12231,-80.14338,1.0,America/New_York,United States,open-meteo,2026-08-08T19:01:25+00:00
Glendale,United States,33.53865,-112.18599,351.0,America/Phoenix,United States,open-meteo,2026-08-08T19:01:25+00:00
Harrison,United States,41.40916,-75.6649,230.0,America/New_York,United States,open-meteo,2026-08-08T19:01:26+00:00
Houston,United States,29.76328,-95.36327,12.0,America/Chicago,United States,open-meteo,2026-08-08T19:01:26+00:00
Los Angeles,United States,34.05223,-118.24368,89.0,America/Los_Angeles,United States,open-meteo,2026-08-08T19:01:27+00:00
Philadelphia,United States,39.95238,-75.16362,12.0,America/New_York,United States,open-meteo,2026-08-08T19:01:27+00:00
San Diego,United States,32.71571,-117.16472,20.0,America/Los_Angeles,United States,open-meteo,2026-08-08T19:01:28+00:00
Sandy,United States,40.59161,-111.8841,1361.0,America/Denver,United States,open-meteo,2026-08-08T19:01:28+00:00
Santa Clara,United States,37.35411,-121.95524,23.0,America/Los_Angeles,United States,open-meteo,2026-08-08T19:01:29+00:00
Seattle,United States,47.60621,-122.33207,56.0,America/Los_Angeles,United States,open-meteo,2026-08-08T19:01:30+00:00
"Washington, D.C.",United States,38.89511,-77.03637,7.0,America/New_York,United States,open-meteo,2026-08-08T19:01:30+00:00
Cary,United States,35.79154,-78.78112,152.0,America/New_York,United States,open-meteo,2026-08-08T19:01:31+00:00
Commerce City,United States,39.80832,-104.93387,1572.0,America/Denver,United States,open-meteo,2026-08-08T19:01:31+00:00
Jacksonville,United States,30.33218,-81.65565,5.0,America/New_York,United States,open-meteo,2026-08-08T19:01:32+00:00
Landover,United States,38.934,-76.89664,17.0,America/New_York,United States,open-meteo,2026-08-08T19:01:32+00:00
Minneapolis,United States,44.97997,-93.26384,253.0,America/Chicago,United States,open-meteo,2026-08-08T19:01:33+00:00
San Antonio,United States,29.42412,-98.49363,198.0,America/Chicago,United States,open-meteo,2026-08-08T19:01:33+00:00
Saint Croix,United States Virgin Islands,,,,,,open-meteo,2026-08-08T19:01:34+00:00
Upper Bethlehem,United States Virgin Islands,,,,,,open-meteo,2026-08-08T19:01:34+00:00
Montevideo,Uruguay,-34.90328,-56.18816,34.0,America/Montevideo,Uruguay,open-meteo,2026-08-08T19:01:35+00:00
Tashkent,Uzbekistan,41.26465,69.21627,424.0,Asia/Tashkent,Uzbekistan,open-meteo,2026-08-08T19:01:36+00:00
Namangan,Uzbekistan,40.9983,71.67257,442.0,Asia/Tashkent,Uzbekistan,open-meteo,2026-08-08T19:01:36+00:00
Port Vila,Vanuatu,-17.73648,168.31366,10.0,Pacific/Efate,Vanuatu,open-meteo,2026-08-08T19:01:37+00:00
Maturín,Venezuela,9.74569,-63.18323,71.0,America/Caracas,Venezuela,open-meteo,2026-08-08T19:01:37+00:00
Caracas,Venezuela,10.48801,-66.87919,887.0,America/Caracas,Venezuela,open-meteo,2026-08-08T19:01:38+00:00
Mérida,Venezuela,8.57899,-71.16922,1389.0,America/Caracas,Venezuela,open-meteo,2026-08-08T19:01:38+00:00
San Cristóbal,Venezuela,7.76593,-72.23576,692.0,America/Caracas,Venezuela,open-meteo,2026-08-08T19:01:39+00:00
Barinas,Venezuela,8.62064,-70.23105,221.0,America/Caracas,Venezuela,open-meteo,2026-08-08T19:01:39+00:00
Guayana,Venezuela,10.37674,-69.87398,373.0,America/Caracas,Venezuela,open-meteo,2026-08-08T19:01:40+00:00
Hanoi,Vietnam,21.0245,105.84117,10.0,Asia/Bangkok,Vietnam,open-meteo,2026-08-08T19:01:40+00:00
Ho Chi Minh City,Vietnam,10.82302,106.62965,7.0,Asia/Ho_Chi_Minh,Vietnam,open-meteo,2026-08-08T19:01:41+00:00
Việt Trì,Vietnam,21.32274,105.40198,25.0,Asia/Bangkok,Vietnam,open-meteo,2026-08-08T19:01:42+00:00
Nam Định,Vietnam,20.43389,106.17729,5.0,Asia/Bangkok,Vietnam,open-meteo,2026-08-08T19:01:42+00:00
Thủ Dầu Một,Vietnam,10.9804,106.6519,20.0,Asia/Ho_Chi_Minh,Vietnam,open-meteo,2026-08-08T19:01:43+00:00
Haiphong,Vietnam,20.86481,106.68345,12.0,Asia/Bangkok,Vietnam,open-meteo,2026-08-08T19:01:43+00:00
Ndola,Zambia,-12.95867,28.63659,1307.0,Africa/Lusaka,Zambia,open-meteo,2026-08-08T19:01:47+00:00
Lusaka,Zambia,-15.40669,28.28713,1277.0,Africa/Lusaka,Zambia,open-meteo,2026-08-08T19:01:47+00:00
Gombani,Zanzibar,,,,,,open-meteo,2026-08-08T19:01:48+00:00
Harare,Zimbabwe,-17.82772,31.05337,1494.0,Africa/Harare,Zimbabwe,open-meteo,2026-08-08T19:01:49+00:00
Oranjestad,Aruba,,,,,,open-meteo,2026-08-08T19:02:46+00:00
London,England,51.50853,-0.12574,25.0,Europe/London,United Kingdom,open-meteo,2026-08-08T19:02:47+00:00
Sutton,England,51.35,-0.2,83.0,Europe/London,United Kingdom,open-meteo,2026-08-08T19:02:47+00:00
Bromley,England,51.40606,0.01519,72.0,Europe/London,United Kingdom,open-meteo,2026-08-08T19:02:48+00:00
Carshalton,England,51.36829,-0.16755,39.0,Europe/London,United Kingdom,open-meteo,2026-08-08T19:02:48+00:00
Haringey,England,51.58333,-0.08333,15.0,Europe/London,United Kingdom,open-meteo,2026-08-08T19:02:49+00:00
Rotherhithe,England,51.5,-0.05,5.0,Europe/London,United Kingdom,open-meteo,2026-08-08T19:02:50+00:00
Rincon,Bonaire,,,,,,open-meteo,2026-08-08T19:02:50+00:00
Willemstad,Curaçao,,,,,,open-meteo,2026-08-08T19:02:51+00:00
Wolverhampton,England,52.58547,-2.12296,160.0,Europe/London,United Kingdom,open-meteo,2026-08-08T19:02:51+00:00
Leeds,England,53.79648,-1.54785,50.0,Europe/London,United Kingdom,open-meteo,2026-08-08T19:02:52+00:00
Manchester,England,53.48095,-2.23743,51.0,Europe/London,United Kingdom,open-meteo,2026-08-08T19:02:52+00:00
Newcastle,England,54.21804,-5.88979,5.0,Europe/London,United Kingdom,open-meteo,2026-08-08T19:02:53+00:00
Cayenne,French Guiana,,,,,,open-meteo,2026-08-08T19:02:53+00:00
Gibraltar,Gibraltar,,,,,,open-meteo,2026-08-08T19:02:54+00:00
Europa Point,Gibraltar,,,,,,open-meteo,2026-08-08T19:02:55+00:00
Les Abymes,Guadeloupe,,,,,,open-meteo,2026-08-08T19:02:55+00:00
Le Gosier,Guadeloupe,,,,,,open-meteo,2026-08-08T19:02:56+00:00
Sainte-Anne,Guadeloupe,47.46071,-2.00415,19.0,Europe/Paris,France,open-meteo,2026-08-08T19:02:56+00:00
Guernsey,Guernsey,,,,,,open-meteo,2026-08-08T19:02:57+00:00
Saint Sampson,Guernsey,50.36341,-4.64263,21.0,Europe/London,United Kingdom,open-meteo,2026-08-08T19:02:57+00:00
Saint Martin,Guernsey,,,,,,open-meteo,2026-08-08T19:02:58+00:00
Hong Kong,Hong Kong,,,,,,open-meteo,2026-08-08T19:02:58+00:00
Kowloon,Hong Kong,,,,,,open-meteo,2026-08-08T19:02:59+00:00
So Kon Po,Hong Kong,,,,,,open-meteo,2026-08-08T19:02:59+00:00
Jersey,Jersey,,,,,,open-meteo,2026-08-08T19:03:00+00:00
St Helier,Jersey,,,,,,open-meteo,2026-08-08T19:03:01+00:00
Bodmin,England,50.47151,-4.7243,98.0,Europe/London,United Kingdom,open-meteo,2026-08-08T19:03:01+00:00
Falmouth,England,50.15441,-5.07113,34.0,Europe/London,United Kingdom,open-meteo,2026-08-08T19:03:02+00:00
Macau,Macau,,,,,,open-meteo,2026-08-08T19:03:02+00:00
Taipa,Macau,,,,,,open-meteo,2026-08-08T19:03:03+00:00
Zhuhai,Macau,22.27694,113.56778,35.0,Asia/Shanghai,China,open-meteo,2026-08-08T19:03:03+00:00
Fort-de-France,Martinique,,,,,,open-meteo,2026-08-08T19:03:04+00:00
Le Lamentin,Martinique,,,,,,open-meteo,2026-08-08T19:03:04+00:00
New Caledonia,New Caledonia,,,,,,open-meteo,2026-08-08T19:03:05+00:00
Nouméa,New Caledonia,,,,,,open-meteo,2026-08-08T19:03:05+00:00
Koné,New Caledonia,,,,,,open-meteo,2026-08-08T19:03:06+00:00
Nicosia,Northern Cyprus,35.17284,33.35397,155.0,Asia/Nicosia,Cyprus,open-meteo,2026-08-08T19:03:07+00:00
Kyrenia,Northern Cyprus,35.33634,33.31729,20.0,Asia/Famagusta,Cyprus,open-meteo,2026-08-08T19:03:07+00:00
Morphou,Northern Cyprus,,,,,,open-meteo,2026-08-08T19:03:08+00:00
Belfast,Northern Ireland,54.59682,-5.92541,7.0,Europe/London,United Kingdom,open-meteo,2026-08-08T19:03:08+00:00
Kirkwall,Scotland,58.98479,-2.95873,3.0,Europe/London,United Kingdom,open-meteo,2026-08-08T19:03:09+00:00
Stromness,Scotland,58.96498,-3.29601,7.0,Europe/London,United Kingdom,open-meteo,2026-08-08T19:03:09+00:00
Al-Ram,Palestine,31.38328,34.86256,438.0,Asia/Jerusalem,Israel,open-meteo,2026-08-08T19:03:10+00:00
Hebron,Palestine,,,,,,open-meteo,2026-08-08T19:03:10+00:00
Jenin,Palestine,,,,,,open-meteo,2026-08-08T19:03:11+00:00
Harrogate,England,53.99078,-1.5373,127.0,Europe/London,United Kingdom,open-meteo,2026-08-08T19:03:11+00:00
St. Peter,Jersey,51.53535,-0.09725,25.0,Europe/London,United Kingdom,open-meteo,2026-08-08T19:03:12+00:00
Bayamón,Puerto Rico,,,,,,open-meteo,2026-08-08T19:03:12+00:00
Mayagüez,Puerto Rico,,,,,,open-meteo,2026-08-08T19:03:13+00:00
Añasco,Puerto Rico,,,,,,open-meteo,2026-08-08T19:03:14+00:00
Glasgow,Scotland,55.86515,-4.25763,40.0,Europe/London,United Kingdom,open-meteo,2026-08-08T19:03:14+00:00
Aberdeen,Scotland,57.14369,-2.09814,13.0,Europe/London,United Kingdom,open-meteo,2026-08-08T19:03:15+00:00
Edinburgh,Scotland,55.95206,-3.19648,66.0,Europe/London,United Kingdom,open-meteo,2026-08-08T19:03:15+00:00
Philipsburg,Sint Maarten,,,,,,open-meteo,2026-08-08T19:03:16+00:00
Pirae,Tahiti,,,,,,open-meteo,2026-08-08T19:03:16+00:00
Cardiff,Wales,51.48,-3.18,17.0,Europe/London,United Kingdom,open-meteo,2026-08-08T19:03:17+00:00
Wrexham,Wales,53.04664,-2.99132,87.0,Europe/London,United Kingdom,open-meteo,2026-08-08T19:03:18+00:00
Anglesey,Wales,53.28333,-4.33333,55.0,Europe/London,United Kingdom,open-meteo,2026-08-08T19:03:18+00:00
Fitzwilliam,England,53.63288,-1.3769,65.0,Europe/London,United Kingdom,open-meteo,2026-08-08T19:03:19+00:00
Ossett,England,53.67978,-1.58006,105.0,Europe/London,United Kingdom,open-meteo,2026-08-08T19:03:19+00:00
Athersley,England,53.58032,-1.47363,84.0,Europe/London,United Kingdom,open-meteo,2026-08-08T19:03:20+00:00
