team,city,country,matches,share,rank,latitude,longitude,elevation_m,timezone
Abkhazia,Sukhumi,Georgia,1,1.0,1,43.00697,40.9893,21.0,Europe/Moscow
Albania,Tirana,Albania,28,0.5957,1,41.32744,19.81866,113.0,Europe/Tirane
Albania,Elbasan,Albania,13,0.2766,2,41.11138,20.08224,126.0,Europe/Tirane
Albania,Shkodër,Albania,6,0.1277,3,42.06828,19.51258,12.0,Europe/Tirane
Alderney,Alderney,Alderney,5,1.0,1,,,,
Algeria,Blida,Algeria,16,0.3404,1,36.47004,2.8277,256.0,Africa/Algiers
Algeria,Algiers,Algeria,13,0.2766,2,36.73225,3.08746,113.0,Africa/Algiers
Algeria,Oran,Algeria,5,0.1064,3,35.69906,-0.63588,118.0,Africa/Algiers
Algeria,Constantine,Algeria,4,0.0851,4,36.365,6.61472,574.0,Africa/Algiers
Algeria,Tizi Ouzou,Algeria,4,0.0851,5,36.71182,4.04591,206.0,Africa/Algiers
Algeria,Annaba,Algeria,3,0.0638,6,36.9,7.76667,5.0,Africa/Algiers
Algeria,Bir El Djir,Algeria,1,0.0213,7,35.72,-0.545,162.0,Africa/Algiers
Algeria,Sidi Moussa,Algeria,1,0.0213,8,36.60637,3.08783,46.0,Africa/Algiers
Andorra,Andorra la Vella,Andorra,33,0.8049,1,42.50779,1.52109,1037.0,Europe/Andorra
Andorra,Sant Julià de Lòria,Andorra,5,0.122,2,42.46372,1.49129,921.0,Europe/Andorra
Andorra,Encamp,Andorra,3,0.0732,3,42.53474,1.58014,1257.0,Europe/Andorra
Angola,Luanda,Angola,22,0.9167,1,-8.83682,13.23432,73.0,Africa/Luanda
Angola,Lubango,Angola,1,0.0417,2,-14.91717,13.4925,1760.0,Africa/Luanda
Angola,Talatona,Angola,1,0.0417,3,-8.91783,13.18562,56.0,Africa/Luanda
Anguilla,The Valley,Anguilla,12,1.0,1,,,,
Antigua and Barbuda,North Sound,Antigua and Barbuda,10,0.5263,1,17.09563,-61.78366,24.0,America/Antigua
Antigua and Barbuda,Piggotts,Antigua and Barbuda,6,0.3158,2,17.11667,-61.8,11.0,America/Antigua
Antigua and Barbuda,St. John's,Antigua and Barbuda,3,0.1579,3,,,,
Argentina,Buenos Aires,Argentina,22,0.6875,1,-34.61315,-58.37723,31.0,America/Argentina/Buenos_Aires
Argentina,Córdoba,Argentina,3,0.0938,2,-31.40648,-64.18853,378.0,America/Argentina/Cordoba
Argentina,San Juan,Argentina,3,0.0938,3,-31.53726,-68.52568,646.0,America/Argentina/San_Juan
Argentina,Mendoza,Argentina,2,0.0625,4,-32.88946,-68.84582,853.0,America/Argentina/Mendoza
Argentina,Santiago del Estero,Argentina,2,0.0625,5,-27.80047,-64.26285,176.0,America/Argentina/Cordoba
Armenia,Yerevan,Armenia,45,1.0,1,40.17765,44.5126,1002.0,Asia/Yerevan
Artsakh,Martuni,Azerbaijan,3,0.6,1,39.79496,47.1117,391.0,Asia/Baku
Artsakh,Stepanakert,Azerbaijan,2,0.4,2,39.9013,46.7871,591.0,Asia/Baku
Aruba,Oranjestad,Aruba,6,1.0,1,,,,
Australia,Sydney,Australia,10,0.3448,1,-33.86785,151.20732,58.0,Australia/Sydney
Australia,Melbourne,Australia,8,0.2759,2,-37.814,144.96332,25.0,Australia/Melbourne
Australia,Canberra,Australia,3,0.1034,3,-35.28346,149.12807,571.0,Australia/Sydney
Australia,Perth,Australia,3,0.1034,4,-31.95224,115.8614,34.0,Australia/Perth
Australia,Adelaide,Australia,2,0.069,5,-34.92866,138.59863,59.0,Australia/Adelaide
Australia,Brisbane,Australia,2,0.069,6,-27.46794,153.02809,27.0,Australia/Brisbane
Australia,Robina,Australia,1,0.0345,7,-28.07071,153.3933,22.0,Australia/Brisbane
Austria,Vienna,Austria,38,0.7037,1,48.20849,16.37208,171.0,Europe/Vienna
Austria,Klagenfurt,Austria,7,0.1296,2,46.62472,14.30528,450.0,Europe/Vienna
Austria,Pasching,Austria,3,0.0556,3,48.25931,14.20369,294.0,Europe/Vienna
Austria,Innsbruck,Austria,2,0.037,4,47.26266,11.39454,570.0,Europe/Vienna
Austria,Linz,Austria,2,0.037,5,48.30639,14.28611,266.0,Europe/Vienna
Austria,Salzburg,Austria,2,0.037,6,47.79941,13.04399,424.0,Europe/Vienna
Azerbaijan,Baku,Azerbaijan,35,0.8333,1,40.37767,49.89201,23.0,Asia/Baku
Azerbaijan,Sumgait,Azerbaijan,3,0.0714,2,,,,
Azerbaijan,Mardakan,Azerbaijan,2,0.0476,3,40.49182,50.14292,4.0,Asia/Baku
Azerbaijan,Gabala,Azerbaijan,1,0.0238,4,40.98139,47.84583,783.0,Asia/Baku
Azerbaijan,Masazir,Azerbaijan,1,0.0238,5,,,,
Bahamas,Nassau,Bahamas,14,1.0,1,25.05823,-77.34306,5.0,America/Nassau
Bahrain,Riffa,Bahrain,37,0.6852,1,26.13,50.555,43.0,Asia/Bahrain
Bahrain,Isa Town,Bahrain,7,0.1296,2,26.17361,50.54778,7.0,Asia/Bahrain
Bahrain,Arad,Bahrain,5,0.0926,3,26.25611,50.63222,7.0,Asia/Bahrain
Bahrain,East Riffa,Bahrain,5,0.0926,4,,,,
Bangladesh,Dhaka,Bangladesh,23,0.8519,1,23.7104,90.40744,23.0,Asia/Dhaka
Bangladesh,Sylhet,Bangladesh,3,0.1111,2,24.89904,91.87198,26.0,Asia/Dhaka
Bangladesh,Nilphamari Sadar,Bangladesh,1,0.037,3,,,,
Barawa,London,England,5,0.4545,1,51.50853,-0.12574,25.0,Europe/London
Barawa,Sutton,England,2,0.1818,2,51.35,-0.2,83.0,Europe/London
Barawa,Bromley,England,1,0.0909,3,51.40606,0.01519,72.0,Europe/London
Barawa,Carshalton,England,1,0.0909,4,51.36829,-0.16755,39.0,Europe/London
Barawa,Haringey,England,1,0.0909,5,51.58333,-0.08333,15.0,Europe/London
Barawa,Rotherhithe,England,1,0.0909,6,51.5,-0.05,5.0,Europe/London
Barbados,Bridgetown,Barbados,19,0.95,1,13.10732,-59.62021,10.0,America/Barbados
Barbados,Wildey,Barbados,1,0.05,2,13.09385,-59.5834,76.0,America/Barbados
Basque Country,Bilbao,Spain,3,0.6,1,43.26271,-2.92528,20.0,Europe/Madrid
Basque Country,Eibar,Spain,1,0.2,2,43.18493,-2.47158,133.0,Europe/Madrid
Basque Country,Vitoria-Gasteiz,Spain,1,0.2,3,42.84998,-2.67268,547.0,Europe/Madrid
Belarus,Minsk,Belarus,16,0.6154,1,53.90019,27.56653,222.0,Europe/Minsk
Belarus,Borisov,Belarus,8,0.3077,2,54.2279,28.505,172.0,Europe/Minsk
Belarus,Brest,Belarus,1,0.0385,3,52.10894,23.71749,144.0,Europe/Minsk
Belarus,Zhodzina,Belarus,1,0.0385,4,54.0985,28.3331,171.0,Europe/Minsk
Belgium,Brussels,Belgium,37,0.7255,1,50.85045,4.34878,28.0,Europe/Brussels
Belgium,Leuven,Belgium,7,0.1373,2,50.87959,4.70093,28.0,Europe/Brussels
Belgium,Anderlecht,Belgium,2,0.0392,3,50.83619,4.31454,27.0,Europe/Brussels
Belgium,Liège,Belgium,2,0.0392,4,50.63373,5.56749,66.0,Europe/Brussels
Belgium,Bruges,Belgium,1,0.0196,5,51.20892,3.22424,13.0,Europe/Brussels
Belgium,Genk,Belgium,1,0.0196,6,50.965,5.50082,66.0,Europe/Brussels
Belgium,Ghent,Belgium,1,0.0196,7,51.05,3.71667,10.0,Europe/Brussels
Belize,Belmopan,Belize,24,0.96,1,17.25376,-88.76401,56.0,America/Belize
Belize,San Pedro,Belize,1,0.04,2,,,,
Benin,Cotonou,Benin,12,0.75,1,6.36536,2.41833,7.0,Africa/Porto-Novo
Benin,Porto-Novo,Benin,4,0.25,2,6.49646,2.60359,20.0,Africa/Porto-Novo
Bermuda,Hamilton,Bermuda,12,0.5714,1,,,,
Bermuda,Devonshire Parish,Bermuda,9,0.4286,2,,,,
Bhutan,Thimphu,Bhutan,10,1.0,1,27.46609,89.64191,2320.0,Asia/Thimphu
Bolivia,La Paz,Bolivia,18,0.5455,1,-16.5,-68.15,3782.0,America/La_Paz
Bolivia,El Alto,Bolivia,6,0.1818,2,,,,
Bolivia,Santa Cruz,Bolivia,4,0.1212,3,,,,
Bolivia,Cochabamba,Bolivia,1,0.0303,4,-17.38195,-66.15995,2537.0,America/La_Paz
Bolivia,Sucre,Bolivia,1,0.0303,5,-19.03332,-65.26274,2798.0,America/La_Paz
Bolivia,Tarija,Bolivia,1,0.0303,6,-21.53549,-64.72956,1870.0,America/La_Paz
Bolivia,Villa Tunari,Bolivia,1,0.0303,7,-18.79068,-68.61084,3857.0,America/La_Paz
Bolivia,Yacuiba,Bolivia,1,0.0303,8,-22.01643,-63.67753,629.0,America/La_Paz
Bonaire,Rincon,Bonaire,7,1.0,1,,,,
Bosnia and Herzegovina,Zenica,Bosnia and Herzegovina,36,0.8,1,44.20169,17.90397,325.0,Europe/Sarajevo
Bosnia and Herzegovina,Sarajevo,Bosnia and Herzegovina,9,0.2,2,43.84864,18.35644,509.0,Europe/Sarajevo
Botswana,Francistown,Botswana,19,0.76,1,-21.17,27.50778,989.0,Africa/Gaborone
Botswana,Gaborone,Botswana,5,0.2,2,-24.65451,25.90859,1011.0,Africa/Gaborone
Botswana,Lobatse,Botswana,1,0.04,3,-25.22435,25.67728,1191.0,Africa/Gaborone
Brazil,Rio de Janeiro,Brazil,11,0.275,1,-22.90642,-43.18223,12.0,America/Sao_Paulo
Brazil,São Paulo,Brazil,8,0.2,2,-23.5475,-46.63611,769.0,America/Sao_Paulo
Brazil,Brasília,Brazil,4,0.1,3,-15.77972,-47.92972,1136.0,America/Sao_Paulo
Brazil,Porto Alegre,Brazil,4,0.1,4,-30.03283,-51.23019,46.0,America/Sao_Paulo
Brazil,Belo Horizonte,Brazil,3,0.075,5,-19.92083,-43.93778,888.0,America/Sao_Paulo
Brazil,Manaus,Brazil,2,0.05,6,-3.10194,-60.025,20.0,America/Manaus
Brazil,Salvador,Brazil,2,0.05,7,-12.97563,-38.49096,4.0,America/Bahia
Brazil,Belém,Brazil,1,0.025,8,-1.45583,-48.50444,15.0,America/Belem
Brazil,Cuiabá,Brazil,1,0.025,9,-15.59611,-56.09667,193.0,America/Cuiaba
Brazil,Curitiba,Brazil,1,0.025,10,-25.42778,-49.27306,924.0,America/Sao_Paulo
Brazil,Goiânia,Brazil,1,0.025,11,-16.67861,-49.25389,766.0,America/Sao_Paulo
Brazil,Natal,Brazil,1,0.025,12,-5.795,-35.20944,32.0,America/Fortaleza
Brazil,Recife,Brazil,1,0.025,13,-8.05389,-34.88111,8.0,America/Recife
British Virgin Islands,Road Town,British Virgin Islands,6,0.8571,1,,,,
British Virgin Islands,Tortola,British Virgin Islands,1,0.1429,2,,,,
Brunei,Bandar Seri Begawan,Brunei,14,1.0,1,4.89035,114.94006,10.0,Asia/Brunei
Bulgaria,Sofia,Bulgaria,29,0.7073,1,42.69751,23.32415,562.0,Europe/Sofia
Bulgaria,Plovdiv,Bulgaria,6,0.1463,2,42.15387,24.75001,163.0,Europe/Sofia
Bulgaria,Razgrad,Bulgaria,6,0.1463,3,43.53331,26.51849,190.0,Europe/Sofia
Burkina Faso,Ouagadougou,Burkina Faso,15,1.0,1,12.36566,-1.53388,299.0,Africa/Ouagadougou
Burundi,Bujumbura,Burundi,10,1.0,1,-3.38193,29.36142,807.0,Africa/Bujumbura
Cambodia,Phnom Penh,Cambodia,40,1.0,1,11.56245,104.91601,20.0,Asia/Phnom_Penh
Cameroon,Yaoundé,Cameroon,23,0.6216,1,3.86667,11.51667,726.0,Africa/Douala
Cameroon,Douala,Cameroon,9,0.2432,2,4.04827,9.70428,19.0,Africa/Douala
Cameroon,Limbé,Cameroon,3,0.0811,3,4.02356,9.20607,74.0,Africa/Douala
Cameroon,Garoua,Cameroon,1,0.027,4,9.30143,13.39771,199.0,Africa/Douala
Cameroon,Majadahonda,Cameroon,1,0.027,5,,,,
Canada,Toronto,Canada,19,0.5938,1,43.70643,-79.39864,161.0,America/Toronto
Canada,Vancouver,Canada,6,0.1875,2,49.24966,-123.11934,70.0,America/Vancouver
Canada,Edmonton,Canada,3,0.0938,3,53.55014,-113.46871,668.0,America/Edmonton
Canada,Montreal,Canada,3,0.0938,4,45.50884,-73.58781,216.0,America/Toronto
Canada,Hamilton,Canada,1,0.0312,5,43.25011,-79.84963,95.0,America/Toronto
Canton Ticino,Tenero-Contra,Switzerland,1,1.0,1,,,,
Cape Verde,Praia,Cape Verde,20,0.8333,1,14.93152,-23.51254,,Atlantic/Cape_Verde
Cape Verde,Mindelo,Cape Verde,3,0.125,2,16.89014,-24.98042,44.0,Atlantic/Cape_Verde
Cape Verde,Fos-sur-Mer,Cape Verde,1,0.0417,3,,,,
Cascadia,Kent,United States,1,1.0,1,47.38093,-122.23484,13.0,America/Los_Angeles
Catalonia,Girona,Spain,2,1.0,1,41.98311,2.82493,81.0,Europe/Madrid
Cayman Islands,George Town,Cayman Islands,17,0.9444,1,,,,
Cayman Islands,West Bay,Cayman Islands,1,0.0556,2,,,,
Central African Republic,Bangui,Central African Republic,5,1.0,1,4.36122,18.55496,351.0,Africa/Bangui
Chad,N'Djamena,Chad,8,1.0,1,12.10672,15.0444,299.0,Africa/Ndjamena
Chile,Santiago,Chile,28,0.8,1,-33.45694,-70.64827,556.0,America/Santiago
Chile,Rancagua,Chile,2,0.0571,2,-34.1691,-70.74053,520.0,America/Santiago
Chile,Calama,Chile,1,0.0286,3,-22.45667,-68.92371,2275.0,America/Santiago
Chile,Concepción,Chile,1,0.0286,4,-36.82699,-73.04977,36.0,America/Santiago
Chile,Coquimbo,Chile,1,0.0286,5,-29.95332,-71.33947,22.0,America/Santiago
Chile,Temuco,Chile,1,0.0286,6,-38.73628,-72.59738,104.0,America/Santiago
Chile,Viña del Mar,Chile,1,0.0286,7,-33.02457,-71.55183,17.0,America/Santiago
China,Dalian,China,5,0.1389,1,38.91222,121.60222,33.0,Asia/Shanghai
China,Guangzhou,China,5,0.1389,2,23.11667,113.25,15.0,Asia/Shanghai
China,Nanning,China,4,0.1111,3,22.81667,108.31667,91.0,Asia/Shanghai
China,Suzhou,China,3,0.0833,4,33.63611,116.97889,34.0,Asia/Shanghai
China,Chengdu,China,2,0.0556,5,30.66667,104.06667,499.0,Asia/Shanghai
China,Chongqing,China,2,0.0556,6,29.56026,106.55771,289.0,Asia/Shanghai
China,Hangzhou,China,2,0.0556,7,30.29365,120.16142,12.0,Asia/Shanghai
China,Nanjing,China,2,0.0556,8,32.06167,118.77778,22.0,Asia/Shanghai
China,Shenyang,China,2,0.0556,9,41.79222,123.43278,53.0,Asia/Shanghai
China,Wuhan,China,2,0.0556,10,30.58333,114.26667,20.0,Asia/Shanghai
China,Changsha,China,1,0.0278,11,28.19874,112.97087,67.0,Asia/Shanghai
China,Kunming,China,1,0.0278,12,25.03889,102.71833,1895.0,Asia/Shanghai
China,Qingdao,China,1,0.0278,13,36.06488,120.38042,16.0,Asia/Shanghai
China,Shenzhen,China,1,0.0278,14,22.54554,114.0683,4.0,Asia/Shanghai
China,Tianjin,China,1,0.0278,15,39.14222,117.17667,11.0,Asia/Shanghai
China,Xi'an,China,1,0.0278,16,34.25833,108.92861,416.0,Asia/Shanghai
China,Xiamen,China,1,0.0278,17,24.47979,118.08187,12.0,Asia/Shanghai
Colombia,Barranquilla,Colombia,24,0.9231,1,10.96854,-74.78132,24.0,America/Bogota
Colombia,Bogotá,Colombia,2,0.0769,2,4.60971,-74.08175,2582.0,America/Bogota
Comoros,Moroni,Comoros,13,0.7222,1,-11.70216,43.25506,27.0,Indian/Comoro
Comoros,Mitsamiouli,Comoros,3,0.1667,2,-11.38472,43.28444,48.0,Indian/Comoro
Comoros,Iconi,Comoros,2,0.1111,3,,,,
Congo,Brazzaville,Congo,22,1.0,1,,,,
Corsica,Ajaccio,France,1,1.0,1,41.91886,8.73812,,Europe/Paris
Costa Rica,San José,Costa Rica,35,1.0,1,9.93388,-84.08489,1133.0,America/Costa_Rica
Croatia,Zagreb,Croatia,13,0.3023,1,45.81444,15.97798,135.0,Europe/Zagreb
Croatia,Rijeka,Croatia,10,0.2326,2,45.32673,14.44241,12.0,Europe/Zagreb
Croatia,Split,Croatia,8,0.186,3,43.50891,16.43915,12.0,Europe/Zagreb
Croatia,Osijek,Croatia,7,0.1628,4,45.55066,18.6942,87.0,Europe/Zagreb
Croatia,Varaždin,Croatia,3,0.0698,5,46.30444,16.33778,173.0,Europe/Zagreb
Croatia,Pula,Croatia,1,0.0233,6,44.86833,13.84806,11.0,Europe/Zagreb
Croatia,Velika Gorica,Croatia,1,0.0233,7,45.7125,16.07556,107.0,Europe/Zagreb
Cuba,Santiago de Cuba,Cuba,10,0.7143,1,20.02287,-75.82171,33.0,America/Havana
Cuba,Havana,Cuba,4,0.2857,2,23.13302,-82.38304,41.0,America/Havana
Curaçao,Willemstad,Curaçao,25,1.0,1,,,,
Cyprus,Nicosia,Cyprus,23,0.5,1,35.17284,33.35397,155.0,Asia/Nicosia
Cyprus,Larnaca,Cyprus,19,0.413,2,34.9221,33.62794,24.0,Asia/Nicosia
Cyprus,Limassol,Cyprus,4,0.087,3,34.68406,33.03794,27.0,Asia/Nicosia
Czech Republic,Prague,Czech Republic,24,0.5,1,50.08804,14.42076,202.0,Europe/Prague
Czech Republic,Olomouc,Czech Republic,7,0.1458,2,49.59552,17.25175,223.0,Europe/Prague
Czech Republic,Plzeň,Czech Republic,7,0.1458,3,49.67517,13.27462,354.0,Europe/Prague
Czech Republic,Hradec Králové,Czech Republic,3,0.0625,4,50.20923,15.83277,250.0,Europe/Prague
Czech Republic,Mladá Boleslav,Czech Republic,2,0.0417,5,50.41135,14.90318,241.0,Europe/Prague
Czech Republic,Ostrava,Czech Republic,2,0.0417,6,49.83465,18.28204,211.0,Europe/Prague
Czech Republic,Karviná,Czech Republic,1,0.0208,7,49.854,18.54169,221.0,Europe/Prague
Czech Republic,Uherské Hradiště,Czech Republic,1,0.0208,8,49.06975,17.45969,179.0,Europe/Prague
Czech Republic,Ústí nad Labem,Czech Republic,1,0.0208,9,50.6607,14.03227,150.0,Europe/Prague
DR Congo,Kinshasa,DR Congo,25,0.9615,1,,,,
DR Congo,Lubumbashi,DR Congo,1,0.0385,2,,,,
Denmark,Copenhagen,Denmark,40,0.7018,1,55.67594,12.56553,14.0,Europe/Copenhagen
Denmark,Brondbyvester,Denmark,4,0.0702,2,,,,
Denmark,Brøndby,Denmark,3,0.0526,3,55.6455,12.41008,11.0,Europe/Copenhagen
Denmark,Herning,Denmark,3,0.0526,4,56.13615,8.97662,60.0,Europe/Copenhagen
Denmark,Aalborg,Denmark,2,0.0351,5,57.048,9.9187,10.0,Europe/Copenhagen
Denmark,Aarhus,Denmark,2,0.0351,6,56.15674,10.21076,10.0,Europe/Copenhagen
Denmark,Odense,Denmark,2,0.0351,7,55.39594,10.38831,17.0,Europe/Copenhagen
Denmark,Horsens,Denmark,1,0.0175,8,55.86066,9.85034,4.0,Europe/Copenhagen
Djibouti,Djibouti,Djibouti,4,1.0,1,11.58901,43.14503,6.0,Africa/Djibouti
Dominica,Roseau,Dominica,11,1.0,1,15.30174,-61.38808,11.0,America/Dominica
Dominican Republic,Santiago de los Caballeros,Dominican Republic,15,0.4545,1,19.45036,-70.69085,209.0,America/Santo_Domingo
Dominican Republic,Santo Domingo,Dominican Republic,13,0.3939,2,18.47186,-69.89232,24.0,America/Santo_Domingo
Dominican Republic,San Cristóbal,Dominican Republic,5,0.1515,3,18.41713,-70.10682,45.0,America/Santo_Domingo
Donetsk PR,Donetsk,Ukraine,1,1.0,1,48.023,37.80224,223.0,Europe/Kyiv
Ecuador,Quito,Ecuador,19,0.6552,1,-0.22985,-78.52495,2854.0,America/Guayaquil
Ecuador,Guayaquil,Ecuador,8,0.2759,2,-2.19616,-79.88621,14.0,America/Guayaquil
Ecuador,Cuenca,Ecuador,1,0.0345,3,-2.8953,-78.9963,2484.0,America/Guayaquil
Ecuador,Portoviejo,Ecuador,1,0.0345,4,-1.05764,-80.45145,90.0,America/Guayaquil
Egypt,Cairo,Egypt,29,0.6304,1,30.06263,31.24967,23.0,Africa/Cairo
Egypt,Alexandria,Egypt,16,0.3478,2,31.20176,29.91582,9.0,Africa/Cairo
Egypt,New Cairo,Egypt,1,0.0217,3,30.03,31.47,271.0,Africa/Cairo
El Salvador,San Salvador,El Salvador,28,1.0,1,13.68935,-89.18718,653.0,America/El_Salvador
Elba Island,Capoliveri,Italy,2,1.0,1,42.74569,10.37753,167.0,Europe/Rome
England,London,England,57,0.9194,1,51.50853,-0.12574,25.0,Europe/London
England,Wolverhampton,England,2,0.0323,2,52.58547,-2.12296,160.0,Europe/London
England,Leeds,England,1,0.0161,3,53.79648,-1.54785,50.0,Europe/London
England,Manchester,England,1,0.0161,4,53.48095,-2.23743,51.0,Europe/London
England,Newcastle,England,1,0.0161,5,54.21804,-5.88979,5.0,Europe/London
Equatorial Guinea,Malabo,Equatorial Guinea,23,0.8519,1,3.75578,8.78166,34.0,Africa/Malabo
Equatorial Guinea,Bata,Equatorial Guinea,4,0.1481,2,1.86391,9.76582,13.0,Africa/Malabo
Eritrea,Asmara,Eritrea,1,1.0,1,15.33805,38.93184,2334.0,Africa/Asmara
Estonia,Tallinn,Estonia,42,0.9333,1,59.43696,24.75353,12.0,Europe/Tallinn
Estonia,Pärnu,Estonia,2,0.0444,2,58.38588,24.49711,6.0,Europe/Tallinn
Estonia,Rakvere,Estonia,1,0.0222,3,59.34808,26.35784,83.0,Europe/Tallinn
Eswatini,Manzini,Eswatini,7,0.875,1,-26.49884,31.38004,601.0,Africa/Mbabane
Eswatini,Lobamba,Eswatini,1,0.125,2,-26.46667,31.2,694.0,Africa/Mbabane
Ethiopia,Addis Ababa,Ethiopia,8,0.3333,1,9.02497,38.74689,2405.0,Africa/Addis_Ababa
Ethiopia,Bahir Dar,Ethiopia,8,0.3333,2,11.59364,37.39077,1799.0,Africa/Addis_Ababa
Ethiopia,Adama,Ethiopia,3,0.125,3,10.70587,39.55201,2732.0,Africa/Addis_Ababa
Ethiopia,Hawassa,Ethiopia,3,0.125,4,7.06205,38.47635,1697.0,Africa/Addis_Ababa
Ethiopia,Dire Dawa,Ethiopia,2,0.0833,5,9.59306,41.86611,1204.0,Africa/Addis_Ababa
Faroe Islands,Tórshavn,Faroe Islands,36,0.973,1,,,,
Faroe Islands,Toftir,Faroe Islands,1,0.027,2,,,,
Fiji,Suva,Fiji,10,0.625,1,-18.13683,178.42531,,Pacific/Fiji
Fiji,Lautoka,Fiji,6,0.375,2,-17.61686,177.45049,47.0,Pacific/Fiji
Finland,Helsinki,Finland,27,0.6429,1,60.16952,24.93545,26.0,Europe/Helsinki
Finland,Tampere,Finland,10,0.2381,2,61.49911,23.78712,114.0,Europe/Helsinki
Finland,Turku,Finland,5,0.119,3,60.45148,22.26869,22.0,Europe/Helsinki
France,Paris,France,28,0.4667,1,48.85341,2.3488,42.0,Europe/Paris
France,Saint-Denis,France,10,0.1667,2,48.93564,2.35387,34.0,Europe/Paris
France,Lyon,France,3,0.05,3,45.74906,4.84789,173.0,Europe/Paris
France,Marseille,France,3,0.05,4,43.29695,5.38107,28.0,Europe/Paris
France,Nice,France,3,0.05,5,43.70313,7.26608,25.0,Europe/Paris
France,Lille,France,2,0.0333,6,50.63391,3.05512,20.0,Europe/Paris
France,Nantes,France,2,0.0333,7,47.21725,-1.55336,19.0,Europe/Paris
France,Bordeaux,France,1,0.0167,8,44.84124,-0.58046,20.0,Europe/Paris
France,Décines-Charpieu,France,1,0.0167,9,45.76873,4.95883,189.0,Europe/Paris
France,Guingamp,France,1,0.0167,10,48.56259,-3.15289,73.0,Europe/Paris
France,Lens,France,1,0.0167,11,50.43302,2.82791,37.0,Europe/Paris
France,Metz,France,1,0.0167,12,49.11911,6.17269,182.0,Europe/Paris
France,Rennes,France,1,0.0167,13,48.11109,-1.67431,39.0,Europe/Paris
France,Strasbourg,France,1,0.0167,14,48.58392,7.74553,147.0,Europe/Paris
France,Toulouse,France,1,0.0167,15,43.60426,1.44367,150.0,Europe/Paris
France,Villeneuve-d'Ascq,France,1,0.0167,16,50.61669,3.16664,32.0,Europe/Paris
French Guiana,Cayenne,French Guiana,13,1.0,1,,,,
Gabon,Franceville,Gabon,21,0.7241,1,-1.63333,13.58357,405.0,Africa/Libreville
Gabon,Libreville,Gabon,8,0.2759,2,0.39241,9.45356,8.0,Africa/Libreville
Galicia,Vigo,Spain,1,1.0,1,42.23282,-8.72264,86.0,Europe/Madrid
Gambia,Bakau,Gambia,10,1.0,1,,,,
Georgia,Tbilisi,Georgia,41,0.8039,1,41.69143,44.83412,433.0,Asia/Tbilisi
Georgia,Batumi,Georgia,6,0.1176,2,41.64077,41.6306,8.0,Asia/Tbilisi
Georgia,Gori,Georgia,2,0.0392,3,41.98532,44.1129,602.0,Asia/Tbilisi
Georgia,Kutaisi,Georgia,2,0.0392,4,42.26791,42.69459,153.0,Asia/Tbilisi
Germany,Munich,Germany,8,0.1231,1,48.13743,11.57549,524.0,Europe/Berlin
Germany,Stuttgart,Germany,7,0.1077,2,48.78232,9.17702,252.0,Europe/Berlin
Germany,Cologne,Germany,5,0.0769,3,50.93333,6.95,58.0,Europe/Berlin
Germany,Dortmund,Germany,5,0.0769,4,51.51494,7.466,96.0,Europe/Berlin
Germany,Leipzig,Germany,5,0.0769,5,51.33962,12.37129,116.0,Europe/Berlin
Germany,Mönchengladbach,Germany,4,0.0615,6,51.18539,6.44172,57.0,Europe/Berlin
Germany,Düsseldorf,Germany,3,0.0462,7,51.22319,6.77927,42.0,Europe/Berlin
Germany,Frankfurt,Germany,3,0.0462,8,50.11552,8.68417,113.0,Europe/Berlin
Germany,Hamburg,Germany,3,0.0462,9,53.55073,9.99302,9.0,Europe/Berlin
Germany,Mainz,Germany,3,0.0462,10,49.98185,8.28008,125.0,Europe/Berlin
Germany,Sinsheim,Germany,3,0.0462,11,49.2529,8.87867,162.0,Europe/Berlin
Germany,Wolfsburg,Germany,3,0.0462,12,52.42452,10.7815,62.0,Europe/Berlin
Germany,Berlin,Germany,2,0.0308,13,52.52437,13.41053,74.0,Europe/Berlin
Germany,Duisburg,Germany,2,0.0308,14,51.43247,6.76516,38.0,Europe/Berlin
Germany,Gelsenkirchen,Germany,2,0.0308,15,51.50508,7.09654,48.0,Europe/Berlin
Germany,Nuremberg,Germany,2,0.0308,16,49.45421,11.07752,300.0,Europe/Berlin
Germany,Bremen,Germany,1,0.0154,17,53.07582,8.80717,17.0,Europe/Berlin
Germany,Freiburg,Germany,1,0.0154,18,47.9959,7.85222,278.0,Europe/Berlin
Germany,Hanover,Germany,1,0.0154,19,52.37052,9.73322,57.0,Europe/Berlin
Germany,Kaiserslautern,Germany,1,0.0154,20,49.443,7.77161,240.0,Europe/Berlin
Germany,Leverkusen,Germany,1,0.0154,21,51.0303,6.98432,52.0,Europe/Berlin
Ghana,Accra,Ghana,10,0.3448,1,5.55602,-0.1969,33.0,Africa/Accra
Ghana,Kumasi,Ghana,10,0.3448,2,6.68848,-1.62443,270.0,Africa/Accra
Ghana,Cape Coast,Ghana,8,0.2759,3,5.10535,-1.2466,21.0,Africa/Accra
Ghana,Tamale,Ghana,1,0.0345,4,9.40079,-0.8393,196.0,Africa/Accra
Gibraltar,Gibraltar,Gibraltar,31,0.9394,1,,,,
Gibraltar,Europa Point,Gibraltar,2,0.0606,2,,,,
Gotland,Visby,Sweden,3,0.75,1,57.64089,18.29602,22.0,Europe/Stockholm
Gotland,Dalhem,Sweden,1,0.25,2,57.98333,16.18333,119.0,Europe/Stockholm
Greece,Athens,Greece,28,0.6087,1,37.98376,23.72784,70.0,Europe/Athens
Greece,Piraeus,Greece,11,0.2391,2,37.94203,23.64619,29.0,Europe/Athens
Greece,Heraklion,Greece,3,0.0652,3,35.32787,25.14341,60.0,Europe/Athens
Greece,Thessaloniki,Greece,2,0.0435,4,40.64072,22.93493,,Europe/Athens
Greece,Vólos,Greece,2,0.0435,5,39.36923,22.94769,52.0,Europe/Athens
Grenada,St. George's,Grenada,26,0.8387,1,12.05288,-61.75226,6.0,America/Grenada
Grenada,Carriacou,Grenada,2,0.0645,2,12.47629,-61.47318,5.0,America/Grenada
Grenada,Gouyave,Grenada,1,0.0323,3,12.16462,-61.72965,19.0,America/Grenada
Grenada,Grenada,Grenada,1,0.0323,4,12.11667,-61.66667,261.0,America/Grenada
Grenada,Sauteurs,Grenada,1,0.0323,5,12.21833,-61.63917,46.0,America/Grenada
Guadeloupe,Les Abymes,Guadeloupe,9,0.5294,1,,,,
Guadeloupe,Le Gosier,Guadeloupe,5,0.2941,2,,,,
Guadeloupe,Sainte-Anne,Guadeloupe,3,0.1765,3,47.46071,-2.00415,19.0,Europe/Paris
Guam,Dededo,Guam,4,1.0,1,,,,
Guatemala,Guatemala City,Guatemala,24,0.8889,1,14.64072,-90.51327,1508.0,America/Guatemala
Guatemala,Antigua Guatemala,Guatemala,2,0.0741,2,14.55636,-90.7332,1583.0,America/Guatemala
Guatemala,Quetzaltenango,Guatemala,1,0.037,3,14.84462,-91.52316,2351.0,America/Guatemala
Guernsey,Guernsey,Guernsey,3,0.4286,1,,,,
Guernsey,Saint Sampson,Guernsey,3,0.4286,2,50.36341,-4.64263,21.0,Europe/London
Guernsey,Saint Martin,Guernsey,1,0.1429,3,,,,
Guinea,Conakry,Guinea,11,1.0,1,9.53795,-13.67729,13.0,Africa/Conakry
Guinea-Bissau,Bissau,Guinea-Bissau,19,1.0,1,11.86357,-15.59767,13.0,Africa/Bissau
Guyana,Leonora,Guyana,10,0.7692,1,6.86923,-58.28903,1.0,America/Guyana
Guyana,Georgetown,Guyana,2,0.1538,2,6.80448,-58.15527,3.0,America/Guyana
Guyana,Linden,Guyana,1,0.0769,3,6.00815,-58.30724,4.0,America/Guyana
Haiti,Port-au-Prince,Haiti,9,1.0,1,18.54349,-72.33881,27.0,America/Port-au-Prince
Honduras,San Pedro Sula,Honduras,23,0.6389,1,15.50585,-88.02588,90.0,America/Tegucigalpa
Honduras,Tegucigalpa,Honduras,12,0.3333,2,14.0818,-87.20681,944.0,America/Tegucigalpa
Honduras,Comayagua,Honduras,1,0.0278,3,14.45577,-87.63968,551.0,America/Tegucigalpa
Hong Kong,Hong Kong,Hong Kong,24,0.6316,1,,,,
Hong Kong,Kowloon,Hong Kong,11,0.2895,2,,,,
Hong Kong,So Kon Po,Hong Kong,3,0.0789,3,,,,
Hungary,Budapest,Hungary,55,0.9649,1,47.49835,19.04045,104.0,Europe/Budapest
Hungary,Debrecen,Hungary,2,0.0351,2,47.53167,21.62444,124.0,Europe/Budapest
Iceland,Reykjavík,Iceland,36,1.0,1,64.13548,-21.89541,37.0,Atlantic/Reykjavik
India,Bengaluru,India,7,0.2,1,12.97194,77.59369,920.0,Asia/Kolkata
India,Kolkata,India,5,0.1429,2,22.56263,88.36304,11.0,Asia/Kolkata
India,Bombay,India,4,0.1143,3,,,,
India,Mumbai,India,4,0.1143,4,19.07283,72.88261,8.0,Asia/Kolkata
India,Ahmedabad,India,3,0.0857,5,23.02579,72.58727,56.0,Asia/Kolkata
India,Hyderabad,India,3,0.0857,6,17.38405,78.45636,515.0,Asia/Kolkata
India,Guwahati,India,2,0.0571,7,26.1844,91.7458,59.0,Asia/Kolkata
India,Imphal,India,2,0.0571,8,24.80805,93.9442,784.0,Asia/Kolkata
India,Margao,India,2,0.0571,9,15.27501,73.95786,22.0,Asia/Kolkata
India,Shillong,India,2,0.0571,10,25.56892,91.88313,1507.0,Asia/Kolkata
India,Bhubaneswar,India,1,0.0286,11,20.27241,85.83385,62.0,Asia/Kolkata
Indonesia,Jakarta,Indonesia,24,0.4528,1,-6.21462,106.84513,16.0,Asia/Jakarta
Indonesia,Cikarang,Indonesia,4,0.0755,2,-6.26111,107.15278,17.0,Asia/Jakarta
Indonesia,Surabaya,Indonesia,4,0.0755,3,-7.24917,112.75083,8.0,Asia/Jakarta
Indonesia,Banda Aceh,Indonesia,3,0.0566,4,5.54167,95.33333,9.0,Asia/Jakarta
Indonesia,Bekasi,Indonesia,3,0.0566,5,-6.2349,106.9896,18.0,Asia/Jakarta
Indonesia,Gianyar,Indonesia,3,0.0566,6,-8.5435,115.3272,123.0,Asia/Makassar
Indonesia,Sleman,Indonesia,3,0.0566,7,-7.71556,110.35556,210.0,Asia/Jakarta
Indonesia,Surakarta,Indonesia,3,0.0566,8,-7.55611,110.83167,100.0,Asia/Jakarta
Indonesia,Bogor,Indonesia,2,0.0377,9,-6.59444,106.78917,245.0,Asia/Jakarta
Indonesia,Cibinong,Indonesia,2,0.0377,10,-6.48167,106.85417,137.0,Asia/Jakarta
Indonesia,Bandung,Indonesia,1,0.0189,11,-6.92222,107.60694,714.0,Asia/Jakarta
Indonesia,Soreang,Indonesia,1,0.0189,12,-7.03306,107.51833,744.0,Asia/Jakarta
Iran,Tehran,Iran,28,0.8485,1,35.69439,51.42151,1178.0,Asia/Tehran
Iran,Arad,Iran,2,0.0606,2,35.34168,51.3456,918.0,Asia/Tehran
Iran,Fuladshahr,Iran,1,0.0303,3,,,,
Iran,Kish,Iran,1,0.0303,4,26.55778,54.01944,6.0,Asia/Tehran
Iran,Mashhad,Iran,1,0.0303,5,36.29807,59.60567,980.0,Asia/Tehran
Iraq,Basra,Iraq,25,0.7353,1,30.50852,47.7804,4.0,Asia/Baghdad
Iraq,Karbala,Iraq,6,0.1765,2,32.61603,44.02488,32.0,Asia/Baghdad
Iraq,Baghdad,Iraq,2,0.0588,3,33.34058,44.40088,41.0,Asia/Baghdad
Iraq,Al-Ain,Iraq,1,0.0294,4,,,,
Israel,Haifa,Israel,9,0.2903,1,32.81303,34.99928,101.0,Asia/Jerusalem
Israel,Netanya,Israel,7,0.2258,2,32.33291,34.85992,38.0,Asia/Jerusalem
Israel,Tel Aviv,Israel,5,0.1613,3,32.08088,34.78057,15.0,Asia/Jerusalem
Israel,Beer Sheva,Israel,4,0.129,4,,,,
Israel,Jerusalem,Israel,4,0.129,5,31.76904,35.21633,786.0,Asia/Jerusalem
Israel,Petah Tikva,Israel,2,0.0645,6,32.08707,34.88747,54.0,Asia/Jerusalem
Italy,Milan,Italy,9,0.1698,1,45.46427,9.18951,122.0,Europe/Rome
Italy,Rome,Italy,7,0.1321,2,41.89193,12.51133,20.0,Europe/Rome
Italy,Turin,Italy,5,0.0943,3,45.07049,7.68682,239.0,Europe/Rome
Italy,Bologna,Italy,4,0.0755,4,44.49381,11.33875,54.0,Europe/Rome
Italy,Florence,Italy,4,0.0755,5,43.77925,11.24626,50.0,Europe/Rome
Italy,Reggio Emilia,Italy,4,0.0755,6,44.69825,10.63125,58.0,Europe/Rome
Italy,Udine,Italy,4,0.0755,7,46.0693,13.23715,113.0,Europe/Rome
Italy,Bergamo,Italy,3,0.0566,8,45.69601,9.66721,249.0,Europe/Rome
Italy,Palermo,Italy,3,0.0566,9,38.1166,13.3636,14.0,Europe/Rome
Italy,Bari,Italy,2,0.0377,10,41.12066,16.86982,5.0,Europe/Rome
Italy,Empoli,Italy,2,0.0377,11,43.71795,10.94758,28.0,Europe/Rome
Italy,Parma,Italy,2,0.0377,12,44.79935,10.32618,57.0,Europe/Rome
Italy,Cagliari,Italy,1,0.0189,13,39.23054,9.11917,6.0,Europe/Rome
Italy,Cesena,Italy,1,0.0189,14,44.1391,12.24315,44.0,Europe/Rome
Italy,Genoa,Italy,1,0.0189,15,44.40478,8.94439,19.0,Europe/Rome
Italy,Napoli,Italy,1,0.0189,16,40.87618,14.5195,58.0,Europe/Rome
Ivory Coast,Abidjan,Ivory Coast,15,0.4054,1,5.35444,-4.00167,50.0,Africa/Abidjan
Ivory Coast,Bouaké,Ivory Coast,8,0.2162,2,7.69385,-5.03031,339.0,Africa/Abidjan
Ivory Coast,Ebimpé,Ivory Coast,7,0.1892,3,5.49901,-4.08207,93.0,Africa/Abidjan
Ivory Coast,San-Pédro,Ivory Coast,3,0.0811,4,4.74851,-6.6363,9.0,Africa/Abidjan
Ivory Coast,Yamoussoukro,Ivory Coast,2,0.0541,5,6.82055,-5.27674,214.0,Africa/Abidjan
Ivory Coast,Amiens,France,1,0.027,6,49.9,2.3,28.0,Europe/Paris
Ivory Coast,Korhogo,Ivory Coast,1,0.027,7,9.45803,-5.62961,360.0,Africa/Abidjan
Jamaica,Kingston,Jamaica,30,0.8824,1,17.99702,-76.79358,65.0,America/Jamaica
Jamaica,Montego Bay,Jamaica,4,0.1176,2,18.47116,-77.91883,12.0,America/Jamaica
Japan,Saitama,Japan,15,0.2419,1,35.90807,139.65657,16.0,Asia/Tokyo
Japan,Suita,Japan,9,0.1452,2,34.76143,135.51567,4.0,Asia/Tokyo
Japan,Tokyo,Japan,7,0.1129,3,35.6895,139.69171,44.0,Asia/Tokyo
Japan,Toyota,Japan,7,0.1129,4,35.08333,137.15,55.0,Asia/Tokyo
Japan,Chōfu,Japan,4,0.0645,5,35.65924,139.54837,44.0,Asia/Tokyo
Japan,Yokohama,Japan,4,0.0645,6,35.43333,139.65,21.0,Asia/Tokyo
Japan,Kashima,Japan,3,0.0484,7,35.96536,140.64474,38.0,Asia/Tokyo
Japan,Kobe,Japan,3,0.0484,8,34.6913,135.183,35.0,Asia/Tokyo
Japan,Chiba,Japan,2,0.0323,9,35.6,140.11667,5.0,Asia/Tokyo
Japan,Niigata,Japan,2,0.0323,10,37.92259,139.04124,1.0,Asia/Tokyo
Japan,Osaka,Japan,2,0.0323,11,34.69379,135.50107,4.0,Asia/Tokyo
Japan,Hiroshima,Japan,1,0.0161,12,34.4,132.45,16.0,Asia/Tokyo
Japan,Rifu,Japan,1,0.0161,13,38.33092,140.97691,7.0,Asia/Tokyo
Japan,Sapporo,Japan,1,0.0161,14,43.06667,141.35,26.0,Asia/Tokyo
Japan,Ōita,Japan,1,0.0161,15,33.23333,131.6,9.0,Asia/Tokyo
Jersey,Jersey,Jersey,2,0.6667,1,,,,
Jersey,St Helier,Jersey,1,0.3333,2,,,,
Jordan,Amman,Jordan,37,1.0,1,31.95522,35.94503,757.0,Asia/Amman
Kazakhstan,Astana,Kazakhstan,34,0.85,1,51.1801,71.44598,358.0,Asia/Almaty
Kazakhstan,Almaty,Kazakhstan,6,0.15,2,43.25249,76.9115,783.0,Asia/Almaty
Kenya,Nairobi,Kenya,18,0.5806,1,-1.28333,36.81667,1684.0,Africa/Nairobi
Kenya,Machakos,Kenya,8,0.2581,2,-1.52233,37.26521,1619.0,Africa/Nairobi
Kenya,Kasarani,Kenya,2,0.0645,3,-1.10972,37.07692,1485.0,Africa/Nairobi
Kenya,Bondoufle,Kenya,1,0.0323,4,,,,
Kenya,Kakamega,Kenya,1,0.0323,5,0.28422,34.75229,1563.0,Africa/Nairobi
Kenya,Kisumu,Kenya,1,0.0323,6,-0.10221,34.76171,1174.0,Africa/Nairobi
Kernow,Bodmin,England,1,0.5,1,50.47151,-4.7243,98.0,Europe/London
Kernow,Falmouth,England,1,0.5,2,50.15441,-5.07113,34.0,Europe/London
Kosovo,Pristina,Kosovo,41,0.9762,1,42.67272,21.16688,597.0,Europe/Belgrade
Kosovo,Mitrovica,Kosovo,1,0.0238,2,42.88333,20.86667,509.0,Europe/Belgrade
Kuwait,Kuwait City,Kuwait,34,0.8718,1,29.367,47.97429,11.0,Asia/Kuwait
Kuwait,Al Farwaniyah,Kuwait,3,0.0769,2,29.2775,47.95861,44.0,Asia/Kuwait
Kuwait,Al Ahmadi,Kuwait,2,0.0513,3,29.07694,48.08389,70.0,Asia/Kuwait
Kyrgyzstan,Bishkek,Kyrgyzstan,29,1.0,1,42.87,74.59,767.0,Asia/Bishkek
Laos,Vientiane,Laos,20,1.0,1,17.96667,102.6,174.0,Asia/Vientiane
Latvia,Riga,Latvia,44,0.9565,1,56.946,24.10589,6.0,Europe/Riga
Latvia,Liepāja,Latvia,2,0.0435,2,56.50474,21.01085,6.0,Europe/Riga
Lebanon,Beirut,Lebanon,10,0.6667,1,33.89332,35.50157,40.0,Asia/Beirut
Lebanon,Sidon,Lebanon,5,0.3333,2,33.55751,35.37148,9.0,Asia/Beirut
Lesotho,Maseru,Lesotho,8,1.0,1,-29.31667,27.48333,1552.0,Africa/Maseru
Liberia,Monrovia,Liberia,18,1.0,1,6.30054,-10.7969,32.0,Africa/Monrovia
Libya,Benghazi,Libya,10,0.5882,1,32.11486,20.06859,3.0,Africa/Tripoli
Libya,Benina,Libya,4,0.2353,2,32.08556,20.25699,122.0,Africa/Tripoli
Libya,Tripoli,Libya,3,0.1765,3,32.88743,13.18733,15.0,Africa/Tripoli
Liechtenstein,Vaduz,Liechtenstein,36,1.0,1,47.14151,9.52154,465.0,Europe/Vaduz
Lithuania,Vilnius,Lithuania,27,0.6136,1,54.68916,25.2798,98.0,Europe/Vilnius
Lithuania,Kaunas,Lithuania,17,0.3864,2,54.90156,23.90909,96.0,Europe/Vilnius
Luhansk PR,Luhansk,Ukraine,1,1.0,1,48.56814,39.30553,104.0,Europe/Kyiv
Luxembourg,Luxembourg,Luxembourg,51,0.9808,1,49.75,6.16667,406.0,Europe/Luxembourg
Luxembourg,Hesperange,Luxembourg,1,0.0192,2,49.56806,6.15139,270.0,Europe/Luxembourg
Macau,Macau,Macau,5,0.4545,1,,,,
Macau,Taipa,Macau,5,0.4545,2,,,,
Macau,Zhuhai,Macau,1,0.0909,3,22.27694,113.56778,35.0,Asia/Shanghai
Madagascar,Antananarivo,Madagascar,15,0.8824,1,-18.91368,47.53613,1274.0,Indian/Antananarivo
Madagascar,Toamasina,Madagascar,2,0.1176,2,-18.1492,49.40234,12.0,Indian/Antananarivo
Malawi,Lilongwe,Malawi,14,0.6667,1,-13.96692,33.78725,1056.0,Africa/Blantyre
Malawi,Blantyre,Malawi,7,0.3333,2,-15.78499,35.00854,1041.0,Africa/Blantyre
Malaysia,Kuala Lumpur,Malaysia,41,0.7736,1,3.1412,101.68653,56.0,Asia/Kuala_Lumpur
Malaysia,Johor Bahru,Malaysia,3,0.0566,2,1.4655,103.7578,32.0,Asia/Kuala_Lumpur
Malaysia,Johor,Malaysia,2,0.0377,3,1.4655,103.7578,32.0,Asia/Kuala_Lumpur
Malaysia,Paya Rumput,Malaysia,2,0.0377,4,2.2973,102.2156,20.0,Asia/Kuala_Lumpur
Malaysia,Shah Alam,Malaysia,2,0.0377,5,3.08507,101.53281,53.0,Asia/Kuala_Lumpur
Malaysia,Terengganu,Malaysia,2,0.0377,6,,,,
Malaysia,Malacca City,Malaysia,1,0.0189,7,,,,
Maldives,Malé,Maldives,19,0.95,1,4.17521,73.50916,8.0,Indian/Maldives
Maldives,Laamu,Maldives,1,0.05,2,,,,
Mali,Bamako,Mali,24,1.0,1,12.60915,-7.97522,374.0,Africa/Bamako
Malta,Ta' Qali,Malta,33,0.66,1,,,,
Malta,Attard,Malta,17,0.34,2,35.88967,14.4425,69.0,Europe/Malta
Martinique,Fort-de-France,Martinique,14,0.9333,1,,,,
Martinique,Le Lamentin,Martinique,1,0.0667,2,,,,
Mauritania,Nouakchott,Mauritania,24,0.8889,1,18.08581,-15.9785,10.0,Africa/Nouakchott
Mauritania,Nouadhibou,Mauritania,3,0.1111,2,20.94188,-17.03842,16.0,Africa/Nouakchott
Mauritius,Saint Pierre,Mauritius,11,0.5789,1,-20.2215,57.53431,392.0,Indian/Mauritius
Mauritius,Curepipe,Mauritius,3,0.1579,2,-20.31628,57.52594,559.0,Indian/Mauritius
Mauritius,Belle Vue Harel,Mauritius,2,0.1053,3,-20.06583,57.59417,80.0,Indian/Mauritius
Mauritius,Belle Vue Maurel,Mauritius,1,0.0526,4,-20.12028,57.66361,108.0,Indian/Mauritius
Mauritius,Centre de Flacq,Mauritius,1,0.0526,5,-20.18972,57.71444,53.0,Indian/Mauritius
Mauritius,Mapou,Mauritius,1,0.0526,6,-20.07583,57.60139,91.0,Indian/Mauritius
Mexico,Mexico City,Mexico,22,0.6111,1,19.42847,-99.12766,2240.0,America/Mexico_City
Mexico,Toluca,Mexico,3,0.0833,2,19.28786,-99.65324,2671.0,America/Mexico_City
Mexico,Zapopan,Mexico,3,0.0833,3,20.72111,-103.38742,1565.0,America/Mexico_City
Mexico,Querétaro,Mexico,2,0.0556,4,15.83752,-92.75774,683.0,America/Mexico_City
Mexico,Torreón,Mexico,2,0.0556,5,25.54389,-103.41898,1124.0,America/Monterrey
Mexico,Mazatlán,Mexico,1,0.0278,6,23.22163,-106.41885,1.0,America/Mazatlan
Mexico,Puebla,Mexico,1,0.0278,7,19.04778,-98.20723,2166.0,America/Mexico_City
Mexico,San Luis Potosí,Mexico,1,0.0278,8,22.15234,-100.97135,1886.0,America/Monterrey
Mexico,San Nicolás de los Garza,Mexico,1,0.0278,9,25.74167,-100.30222,510.0,America/Monterrey
Moldova,Chișinău,Moldova,44,1.0,1,47.00902,28.85938,24.0,Europe/Chisinau
Mongolia,Ulaanbaatar,Mongolia,14,1.0,1,47.90771,106.88324,1284.0,Asia/Ulaanbaatar
Montenegro,Podgorica,Montenegro,46,0.902,1,42.44124,19.26309,49.0,Europe/Podgorica
Montenegro,Nikšić,Montenegro,5,0.098,2,42.7731,18.94446,630.0,Europe/Podgorica
Montserrat,Lookout,Montserrat,8,1.0,1,,,,
Morocco,Rabat,Morocco,25,0.3788,1,34.01325,-6.83255,46.0,Africa/Casablanca
Morocco,Casablanca,Morocco,10,0.1515,2,33.58831,-7.61138,27.0,Africa/Casablanca
Morocco,Agadir,Morocco,9,0.1364,3,30.42018,-9.59815,31.0,Africa/Casablanca
Morocco,Marrakesh,Morocco,9,0.1364,4,31.63416,-7.99994,457.0,Africa/Casablanca
Morocco,Oujda,Morocco,5,0.0758,5,34.68139,-1.90858,549.0,Africa/Casablanca
Morocco,Tangier,Morocco,5,0.0758,6,35.76727,-5.79975,20.0,Africa/Casablanca
Morocco,Fez,Morocco,2,0.0303,7,34.03313,-5.00028,406.0,Africa/Casablanca
Morocco,Salé,Morocco,1,0.0152,8,34.0531,-6.79846,34.0,Africa/Casablanca
Mozambique,Maputo,Mozambique,25,0.9615,1,-25.96553,32.58322,70.0,Africa/Maputo
Mozambique,Beira,Mozambique,1,0.0385,2,-19.84361,34.83889,6.0,Africa/Maputo
Myanmar,Yangon,Myanmar,29,0.8286,1,16.80528,96.15611,30.0,Asia/Yangon
Myanmar,Mandalay,Myanmar,6,0.1714,2,21.97473,96.08359,83.0,Asia/Yangon
Namibia,Windhoek,Namibia,10,1.0,1,-22.55941,17.08323,1700.0,Africa/Windhoek
Nepal,Kathmandu,Nepal,15,0.8824,1,27.70169,85.3206,1317.0,Asia/Kathmandu
Nepal,Lalitpur,Nepal,2,0.1176,2,27.67658,85.31417,1334.0,Asia/Kathmandu
Netherlands,Amsterdam,Netherlands,31,0.5536,1,52.37403,4.88969,13.0,Europe/Amsterdam
Netherlands,Rotterdam,Netherlands,17,0.3036,2,51.9225,4.47917,9.0,Europe/Amsterdam
Netherlands,Eindhoven,Netherlands,5,0.0893,3,51.44083,5.47778,22.0,Europe/Amsterdam
Netherlands,Enschede,Netherlands,2,0.0357,4,52.21833,6.89583,45.0,Europe/Amsterdam
Netherlands,Groningen,Netherlands,1,0.0179,5,53.21917,6.56667,16.0,Europe/Amsterdam
New Caledonia,New Caledonia,New Caledonia,3,0.5,1,,,,
New Caledonia,Nouméa,New Caledonia,2,0.3333,2,,,,
New Caledonia,Koné,New Caledonia,1,0.1667,3,,,,
New Zealand,Auckland,New Zealand,10,0.6667,1,-36.84853,174.76349,43.0,Pacific/Auckland
New Zealand,Wellington,New Zealand,4,0.2667,2,-41.28664,174.77557,31.0,Pacific/Auckland
New Zealand,Hamilton,New Zealand,1,0.0667,3,-37.78333,175.28333,39.0,Pacific/Auckland
Nicaragua,Managua,Nicaragua,34,0.9714,1,12.13282,-86.2504,108.0,America/Managua
Nicaragua,Diriamba,Nicaragua,1,0.0286,2,11.85812,-86.23922,583.0,America/Managua
Niger,Niamey,Niger,14,1.0,1,13.51366,2.1098,206.0,Africa/Niamey
Nigeria,Uyo,Nigeria,16,0.5517,1,5.05127,7.9335,45.0,Africa/Lagos
Nigeria,Asaba,Nigeria,4,0.1379,2,6.19824,6.73187,46.0,Africa/Lagos
Nigeria,Lagos,Nigeria,4,0.1379,3,6.45407,3.39467,11.0,Africa/Lagos
Nigeria,Abuja,Nigeria,3,0.1034,4,9.05785,7.49508,476.0,Africa/Lagos
Nigeria,Benin City,Nigeria,1,0.0345,5,6.33815,5.62575,88.0,Africa/Lagos
Nigeria,Port Harcourt,Nigeria,1,0.0345,6,4.77742,7.0134,16.0,Africa/Lagos
North Korea,Pyongyang,North Korea,4,1.0,1,39.03385,125.75432,43.0,Asia/Pyongyang
North Macedonia,Skopje,North Macedonia,43,0.9348,1,41.99646,21.43141,247.0,Europe/Skopje
North Macedonia,Strumica,North Macedonia,3,0.0652,2,41.43763,22.64288,228.0,Europe/Skopje
Northern Cyprus,Nicosia,Northern Cyprus,3,0.6,1,35.17284,33.35397,155.0,Asia/Nicosia
Northern Cyprus,Kyrenia,Northern Cyprus,1,0.2,2,35.33634,33.31729,20.0,Asia/Famagusta
Northern Cyprus,Morphou,Northern Cyprus,1,0.2,3,,,,
Northern Ireland,Belfast,Northern Ireland,43,1.0,1,54.59682,-5.92541,7.0,Europe/London
Northern Mariana Islands,Koblerville,Northern Mariana Islands,2,1.0,1,,,,
Norway,Oslo,Norway,51,1.0,1,59.91273,10.74609,26.0,Europe/Oslo
Oman,Muscat,Oman,34,0.9189,1,23.58413,58.40778,14.0,Asia/Muscat
Oman,Seeb,Oman,3,0.0811,2,23.67027,58.18911,7.0,Asia/Muscat
Orkney,Kirkwall,Scotland,3,0.75,1,58.98479,-2.95873,3.0,Europe/London
Orkney,Stromness,Scotland,1,0.25,2,58.96498,-3.29601,7.0,Europe/London
Padania,Carate Brianza,Italy,3,1.0,1,45.67574,9.23723,250.0,Europe/Rome
Pakistan,Islamabad,Pakistan,6,1.0,1,33.72148,73.04329,579.0,Asia/Karachi
Palestine,Al-Ram,Palestine,5,0.625,1,31.38328,34.86256,438.0,Asia/Jerusalem
Palestine,Hebron,Palestine,2,0.25,2,,,,
Palestine,Jenin,Palestine,1,0.125,3,,,,
Panama,Panama City,Panama,38,0.9744,1,8.9936,-79.51973,17.0,America/Panama
Panama,Penonomé,Panama,1,0.0256,2,8.51889,-80.35727,90.0,America/Panama
Papua New Guinea,Port Moresby,Papua New Guinea,7,1.0,1,-9.47723,147.1509,25.0,Pacific/Port_Moresby
Paraguay,Asunción,Paraguay,25,0.8929,1,-25.28646,-57.647,113.0,America/Asuncion
Paraguay,Ciudad del Este,Paraguay,3,0.1071,2,-25.5036,-54.65067,197.0,America/Asuncion
Parishes of Jersey,Harrogate,England,1,0.5,1,53.99078,-1.5373,127.0,Europe/London
Parishes of Jersey,St. Peter,Jersey,1,0.5,2,51.53535,-0.09725,25.0,Europe/London
Peru,Lima,Peru,36,0.9,1,-12.04318,-77.02824,152.0,America/Lima
Peru,Arequipa,Peru,3,0.075,2,-16.39899,-71.53747,2397.0,America/Lima
Peru,Trujillo,Peru,1,0.025,3,-8.11599,-79.02998,31.0,America/Lima
Philippines,Manila,Philippines,20,0.625,1,14.6042,120.9822,13.0,Asia/Manila
Philippines,Bacolod,Philippines,6,0.1875,2,10.66667,122.95,14.0,Asia/Manila
Philippines,Bocaue,Philippines,3,0.0938,3,14.79833,120.92611,9.0,Asia/Manila
Philippines,Capas,Philippines,3,0.0938,4,15.33117,120.5898,53.0,Asia/Manila
Poland,Warsaw,Poland,37,0.6271,1,52.22977,21.01178,113.0,Europe/Warsaw
Poland,Chorzów,Poland,9,0.1525,2,50.30582,18.9742,319.0,Europe/Warsaw
Poland,Wrocław,Poland,7,0.1186,3,51.10286,17.03006,115.0,Europe/Warsaw
Poland,Gdańsk,Poland,4,0.0678,4,54.35227,18.64912,8.0,Europe/Warsaw
Poland,Poznań,Poland,2,0.0339,5,52.40692,16.92993,69.0,Europe/Warsaw
Portugal,Lisbon,Portugal,25,0.4545,1,38.72509,-9.1498,68.0,Europe/Lisbon
Portugal,Porto,Portugal,10,0.1818,2,41.1485,-8.61097,91.0,Europe/Lisbon
Portugal,Faro-Loulé,Portugal,5,0.0909,3,,,,
Portugal,Aveiro,Portugal,2,0.0364,4,40.64575,-8.64643,19.0,Europe/Lisbon
Portugal,Braga,Portugal,2,0.0364,5,41.5514,-8.42311,190.0,Europe/Lisbon
Portugal,Guimarães,Portugal,2,0.0364,6,41.44443,-8.29619,189.0,Europe/Lisbon
Portugal,Leiria,Portugal,2,0.0364,7,39.74362,-8.80705,33.0,Europe/Lisbon
Portugal,Oeiras,Portugal,2,0.0364,8,38.69105,-9.31085,36.0,Europe/Lisbon
Portugal,Estoril,Portugal,1,0.0182,9,38.70571,-9.39773,24.0,Europe/Lisbon
Portugal,Faro,Portugal,1,0.0182,10,37.01869,-7.92716,24.0,Europe/Lisbon
Portugal,Funchal,Portugal,1,0.0182,11,32.66568,-16.92547,280.0,Atlantic/Madeira
Portugal,São João da Venda,Portugal,1,0.0182,12,,,,
Portugal,Viseu,Portugal,1,0.0182,13,40.66165,-7.90905,469.0,Europe/Lisbon
Puerto Rico,Bayamón,Puerto Rico,10,0.5,1,,,,
Puerto Rico,Mayagüez,Puerto Rico,9,0.45,2,,,,
Puerto Rico,Añasco,Puerto Rico,1,0.05,3,,,,
Qatar,Doha,Qatar,41,0.5616,1,25.28545,51.53096,11.0,Asia/Qatar
Qatar,Al Rayyan,Qatar,16,0.2192,2,25.29194,51.42444,23.0,Asia/Qatar
Qatar,Al Khor,Qatar,10,0.137,3,25.68389,51.50583,10.0,Asia/Qatar
Qatar,Al Wakrah,Qatar,4,0.0548,4,25.17151,51.60337,9.0,Asia/Qatar
Qatar,Lusail,Qatar,2,0.0274,5,25.4175,51.5075,4.0,Asia/Qatar
Raetia,Chur,Switzerland,2,0.5,1,46.84986,9.53287,601.0,Europe/Zurich
Raetia,Domat/Ems,Switzerland,2,0.5,2,,,,
Republic of Ireland,Dublin,Republic of Ireland,52,1.0,1,,,,
Romania,Bucharest,Romania,35,0.6863,1,44.43225,26.10626,83.0,Europe/Bucharest
Romania,Ploiești,Romania,9,0.1765,2,44.95,26.01667,161.0,Europe/Bucharest
Romania,Cluj,Romania,6,0.1176,3,46.76667,23.6,352.0,Europe/Bucharest
Romania,Craiova,Romania,1,0.0196,4,44.31667,23.8,105.0,Europe/Bucharest
Russia,Moscow,Russia,23,0.3966,1,55.75204,37.61781,155.0,Europe/Moscow
Russia,Saint Petersburg,Russia,11,0.1897,2,59.93863,30.31413,11.0,Europe/Moscow
Russia,Sochi,Russia,5,0.0862,3,43.59699,39.72477,28.0,Europe/Moscow
Russia,Krasnodar,Russia,4,0.069,4,45.04534,38.98178,36.0,Europe/Moscow
Russia,Volgograd,Russia,4,0.069,5,48.71378,44.4976,42.0,Europe/Volgograd
Russia,Kaliningrad,Russia,3,0.0517,6,54.70639,20.51102,2.0,Europe/Kaliningrad
Russia,Kazan,Russia,3,0.0517,7,55.78874,49.12214,61.0,Europe/Moscow
Russia,Groznyy,Russia,1,0.0172,8,52.7032,31.6823,149.0,Europe/Moscow
Russia,Nizhny Novgorod,Russia,1,0.0172,9,56.32867,44.00205,141.0,Europe/Moscow
Russia,Rostov-on-Don,Russia,1,0.0172,10,47.21997,39.70769,54.0,Europe/Moscow
Russia,Samara,Russia,1,0.0172,11,53.20767,50.13553,107.0,Europe/Samara
Russia,Saransk,Russia,1,0.0172,12,54.18485,45.17166,168.0,Europe/Moscow
Rwanda,Kigali,Rwanda,26,0.8387,1,-1.94995,30.05885,1542.0,Africa/Kigali
Rwanda,Butare,Rwanda,5,0.1613,2,-2.59667,29.73944,1769.0,Africa/Kigali
Saint Barthélemy,Saint-Jean,Saint Barthélemy,6,1.0,1,,,,
Saint Kitts and Nevis,Basseterre,Saint Kitts and Nevis,27,0.9643,1,17.2955,-62.72499,22.0,America/St_Kitts
Saint Kitts and Nevis,Old Road Town,Saint Kitts and Nevis,1,0.0357,2,17.32215,-62.80337,18.0,America/St_Kitts
Saint Lucia,Gros Islet,Saint Lucia,14,1.0,1,14.06667,-60.95,58.0,America/St_Lucia
Saint Martin,Quartier-d'Orleans,Saint Martin,1,1.0,1,,,,
Saint Vincent and the Grenadines,Kingstown,Saint Vincent and the Grenadines,14,0.5833,1,13.15527,-61.22742,9.0,America/St_Vincent
Saint Vincent and the Grenadines,Arnos Vale,Saint Vincent and the Grenadines,6,0.25,2,13.14186,-61.20764,16.0,America/St_Vincent
Saint Vincent and the Grenadines,Georgetown,Saint Vincent and the Grenadines,3,0.125,3,,,,
Saint Vincent and the Grenadines,Saint George's,Saint Vincent and the Grenadines,1,0.0417,4,,,,
Samoa,Apia,Samoa,5,1.0,1,-13.83333,-171.76666,9.0,Pacific/Apia
San Marino,Serravalle,San Marino,42,1.0,1,43.96897,12.48167,119.0,Europe/San_Marino
Saudi Arabia,Jeddah,Saudi Arabia,22,0.4889,1,21.49012,39.18624,7.0,Asia/Riyadh
Saudi Arabia,Riyadh,Saudi Arabia,19,0.4222,2,24.68773,46.72185,612.0,Asia/Riyadh
Saudi Arabia,Dammam,Saudi Arabia,2,0.0444,3,26.43442,50.10326,10.0,Asia/Riyadh
Saudi Arabia,Al Hofuf,Saudi Arabia,1,0.0222,4,,,,
Saudi Arabia,Buraidah,Saudi Arabia,1,0.0222,5,26.32599,43.97497,606.0,Asia/Riyadh
Scotland,Glasgow,Scotland,48,0.96,1,55.86515,-4.25763,40.0,Europe/London
Scotland,Aberdeen,Scotland,1,0.02,2,57.14369,-2.09814,13.0,Europe/London
Scotland,Edinburgh,Scotland,1,0.02,3,55.95206,-3.19648,66.0,Europe/London
Senegal,Diamniadio,Senegal,13,0.3939,1,14.72051,-17.1816,23.0,Africa/Dakar
Senegal,Dakar,Senegal,11,0.3333,2,14.6937,-17.44406,12.0,Africa/Dakar
Senegal,Thiès,Senegal,9,0.2727,3,14.78944,-16.92602,72.0,Africa/Dakar
Serbia,Belgrade,Serbia,31,0.8158,1,44.80401,20.46513,120.0,Europe/Belgrade
Serbia,Leskovac,Serbia,6,0.1579,2,42.99806,21.94611,230.0,Europe/Belgrade
Serbia,Bačka Topola,Serbia,1,0.0263,3,45.81516,19.6318,94.0,Europe/Belgrade
Seychelles,Victoria,Seychelles,6,1.0,1,-4.62001,55.45501,4.0,Indian/Mahe
Sierra Leone,Freetown,Sierra Leone,3,0.75,1,8.48714,-13.2356,38.0,Africa/Freetown
Sierra Leone,Bo,Sierra Leone,1,0.25,2,7.96472,-11.73833,104.0,Africa/Freetown
Singapore,Kallang,Singapore,33,0.66,1,1.33333,103.86667,18.0,Asia/Singapore
Singapore,Singapore,Singapore,10,0.2,2,1.28967,103.85007,23.0,Asia/Singapore
Singapore,Bishan,Singapore,7,0.14,3,1.3504,103.84875,16.0,Asia/Singapore
Sint Maarten,Philipsburg,Sint Maarten,2,1.0,1,,,,
Slovakia,Trnava,Slovakia,26,0.5652,1,48.37773,17.58603,147.0,Europe/Bratislava
Slovakia,Bratislava,Slovakia,16,0.3478,2,48.14816,17.10674,157.0,Europe/Bratislava
Slovakia,Košice,Slovakia,3,0.0652,3,48.71441,21.25802,205.0,Europe/Bratislava
Slovakia,Dunajská Streda,Slovakia,1,0.0217,4,47.99268,17.61211,117.0,Europe/Bratislava
Slovenia,Ljubljana,Slovenia,43,0.9348,1,46.05108,14.50513,295.0,Europe/Ljubljana
Slovenia,Celje,Slovenia,1,0.0217,2,46.23092,15.26044,240.0,Europe/Ljubljana
Slovenia,Koper,Slovenia,1,0.0217,3,45.5482,13.72963,12.0,Europe/Ljubljana
Slovenia,Maribor,Slovenia,1,0.0217,4,46.55583,15.64593,262.0,Europe/Ljubljana
Solomon Islands,Honiara,Solomon Islands,15,1.0,1,-9.43333,159.95,49.0,Pacific/Guadalcanal
South Africa,Johannesburg,South Africa,19,0.2603,1,-26.20227,28.04363,1767.0,Africa/Johannesburg
South Africa,Durban,South Africa,16,0.2192,2,-29.8579,31.0292,21.0,Africa/Johannesburg
South Africa,Port Elizabeth,South Africa,8,0.1096,3,-33.96109,25.61494,61.0,Africa/Johannesburg
South Africa,Polokwane,South Africa,7,0.0959,4,-23.90449,29.46885,1315.0,Africa/Johannesburg
South Africa,Bloemfontein,South Africa,3,0.0411,5,-29.12107,26.214,1396.0,Africa/Johannesburg
South Africa,Mbombela,South Africa,3,0.0411,6,-25.47512,30.96935,658.0,Africa/Johannesburg
South Africa,Rustenburg,South Africa,3,0.0411,7,-25.66756,27.24208,1171.0,Africa/Johannesburg
South Africa,Saulspoort,South Africa,3,0.0411,8,-25.16092,27.16296,1086.0,Africa/Johannesburg
South Africa,Cape Town,South Africa,2,0.0274,9,-33.92584,18.42322,25.0,Africa/Johannesburg
South Africa,Clermont,South Africa,2,0.0274,10,,,,
South Africa,Gqeberha,South Africa,2,0.0274,11,-33.96109,25.61494,61.0,Africa/Johannesburg
South Africa,KwaMashu,South Africa,2,0.0274,12,-29.75105,30.96204,126.0,Africa/Johannesburg
South Africa,East London,South Africa,1,0.0137,13,-33.01529,27.91162,48.0,Africa/Johannesburg
South Africa,Nelspruit,South Africa,1,0.0137,14,-25.5005,30.91358,885.0,Africa/Johannesburg
South Africa,Pretoria,South Africa,1,0.0137,15,-25.74486,28.18783,1332.0,Africa/Johannesburg
South Korea,Seoul,South Korea,22,0.4,1,37.566,126.9784,38.0,Asia/Seoul
South Korea,Goyang,South Korea,7,0.1273,2,36.21689,127.19731,27.0,Asia/Seoul
South Korea,Suwon,South Korea,7,0.1273,3,37.29111,127.00889,58.0,Asia/Seoul
South Korea,Busan,South Korea,5,0.0909,4,35.10168,129.03004,15.0,Asia/Seoul
South Korea,Daejeon,South Korea,3,0.0545,5,36.34913,127.38493,58.0,Asia/Seoul
South Korea,Ulsan,South Korea,3,0.0545,6,35.53722,129.31667,10.0,Asia/Seoul
South Korea,Cheonan,South Korea,2,0.0364,7,36.8065,127.1522,40.0,Asia/Seoul
South Korea,Hwaseong,South Korea,2,0.0364,8,35.24246,126.59882,94.0,Asia/Seoul
South Korea,Ansan,South Korea,1,0.0182,9,35.46836,126.52613,15.0,Asia/Seoul
South Korea,Daegu,South Korea,1,0.0182,10,35.87028,128.59111,45.0,Asia/Seoul
South Korea,Jeonju,South Korea,1,0.0182,11,35.82194,127.14889,44.0,Asia/Seoul
South Korea,Yongin,South Korea,1,0.0182,12,34.53333,126.28333,3.0,Asia/Seoul
South Ossetia,Tskhinvali,Georgia,1,1.0,1,42.18846,43.93788,844.0,Asia/Tbilisi
South Sudan,Juba,South Sudan,11,1.0,1,4.85165,31.58247,518.0,Africa/Juba
Spain,Seville,Spain,10,0.2,1,37.38283,-5.97317,16.0,Europe/Madrid
Spain,Madrid,Spain,8,0.16,2,40.4165,-3.70256,665.0,Europe/Madrid
Spain,Granada,Spain,3,0.06,3,37.18817,-3.60667,689.0,Europe/Madrid
Spain,Málaga,Spain,3,0.06,4,36.72016,-4.42034,22.0,Europe/Madrid
Spain,A Coruña,Spain,2,0.04,5,43.37135,-8.396,22.0,Europe/Madrid
Spain,Badajoz,Spain,2,0.04,6,38.87789,-6.97061,192.0,Europe/Madrid
Spain,Barcelona,Spain,2,0.04,7,41.38879,2.15899,15.0,Europe/Madrid
Spain,Elche,Spain,2,0.04,8,38.26218,-0.70107,96.0,Europe/Madrid
Spain,Murcia,Spain,2,0.04,9,37.98704,-1.13004,53.0,Europe/Madrid
Spain,Valencia,Spain,2,0.04,10,39.47391,-0.37966,15.0,Europe/Madrid
Spain,Valladolid,Spain,2,0.04,11,41.65541,-4.72353,702.0,Europe/Madrid
Spain,Villarreal,Spain,2,0.04,12,38.72572,-7.21533,42.0,Europe/Madrid
Spain,Alicante,Spain,1,0.02,13,38.34517,-0.48149,18.0,Europe/Madrid
Spain,Cádiz,Spain,1,0.02,14,36.52672,-6.2891,22.0,Europe/Madrid
Spain,Córdoba,Spain,1,0.02,15,37.89155,-4.77275,117.0,Europe/Madrid
Spain,Gijón,Spain,1,0.02,16,43.53573,-5.66152,22.0,Europe/Madrid
Spain,Las Palmas,Spain,1,0.02,17,28.10178,-15.41573,122.0,Atlantic/Canary
Spain,Leganés,Spain,1,0.02,18,40.32718,-3.7635,672.0,Europe/Madrid
Spain,León,Spain,1,0.02,19,42.60003,-5.57032,844.0,Europe/Madrid
Spain,Mallorca,Spain,1,0.02,20,39.6078,3.01197,201.0,Europe/Madrid
Spain,Santa Cruz de Tenerife,Spain,1,0.02,21,28.46824,-16.25462,10.0,Atlantic/Canary
Spain,Zaragoza,Spain,1,0.02,22,41.65606,-0.87734,214.0,Europe/Madrid
Sri Lanka,Colombo,Sri Lanka,18,1.0,1,6.93548,79.84868,7.0,Asia/Colombo
Sudan,Omdurman,Sudan,9,0.75,1,15.64453,32.47773,391.0,Africa/Khartoum
Sudan,Khartoum,Sudan,2,0.1667,2,15.55177,32.53241,381.0,Africa/Khartoum
Sudan,al-Ubayyid,Sudan,1,0.0833,3,13.18421,30.21669,573.0,Africa/Khartoum
Suriname,Paramaribo,Suriname,23,1.0,1,5.86638,-55.16682,5.0,America/Paramaribo
Sweden,Stockholm,Sweden,32,0.6275,1,59.32938,18.06871,17.0,Europe/Stockholm
Sweden,Solna,Sweden,16,0.3137,2,59.36004,18.00086,22.0,Europe/Stockholm
Sweden,Gothenburg,Sweden,2,0.0392,3,57.70716,11.96679,10.0,Europe/Stockholm
Sweden,Malmö,Sweden,1,0.0196,4,55.60587,13.00073,10.0,Europe/Stockholm
Switzerland,St. Gallen,Switzerland,14,0.2917,1,47.42391,9.37477,684.0,Europe/Zurich
Switzerland,Basel,Switzerland,12,0.25,2,47.55839,7.57327,279.0,Europe/Zurich
Switzerland,Geneva,Switzerland,8,0.1667,3,46.20222,6.14569,400.0,Europe/Zurich
Switzerland,Lucerne,Switzerland,7,0.1458,4,47.05048,8.30635,437.0,Europe/Zurich
Switzerland,Lugano,Switzerland,2,0.0417,5,46.01008,8.96004,284.0,Europe/Zurich
Switzerland,Sion,Switzerland,2,0.0417,6,46.22739,7.35559,500.0,Europe/Zurich
Switzerland,Zürich,Switzerland,2,0.0417,7,47.36667,8.55,429.0,Europe/Zurich
Switzerland,Neuchâtel,Switzerland,1,0.0208,8,46.99179,6.931,441.0,Europe/Zurich
Székely Land,Miercurea Ciuc,Hungary,2,1.0,1,,,,
São Tomé and Príncipe,São Tomé,São Tomé and Príncipe,5,1.0,1,0.33756,6.7299,140.0,Africa/Sao_Tome
Tahiti,Pirae,Tahiti,8,1.0,1,,,,
Taiwan,Taipei,Taiwan,17,0.6538,1,25.05306,121.52639,5.0,Asia/Taipei
Taiwan,Kaohsiung,Taiwan,9,0.3462,2,22.61626,120.31333,9.0,Asia/Taipei
Tajikistan,Dushanbe,Tajikistan,16,0.7273,1,38.53575,68.77905,767.0,Asia/Dushanbe
Tajikistan,Hisor,Tajikistan,4,0.1818,2,38.52504,68.55124,800.0,Asia/Dushanbe
Tajikistan,Khujand,Tajikistan,1,0.0455,3,40.28256,69.62216,340.0,Asia/Dushanbe
Tajikistan,Tursunzoda,Tajikistan,1,0.0455,4,38.51271,68.23163,707.0,Asia/Dushanbe
Tanzania,Dar es Salaam,Tanzania,26,0.9286,1,-6.82349,39.26951,24.0,Africa/Dar_es_Salaam
Tanzania,Unguja,Tanzania,2,0.0714,2,-6.16394,39.19793,14.0,Africa/Dar_es_Salaam
Thailand,Bangkok,Thailand,27,0.4909,1,13.75398,100.50144,12.0,Asia/Bangkok
Thailand,Pathum Thani,Thailand,15,0.2727,2,14.01346,100.53049,4.0,Asia/Bangkok
Thailand,Chiang Mai,Thailand,4,0.0727,3,18.79038,98.98468,313.0,Asia/Bangkok
Thailand,Kanchanaburi,Thailand,2,0.0364,4,14.00412,99.54832,33.0,Asia/Bangkok
Thailand,Songkhla,Thailand,2,0.0364,5,7.19882,100.5951,12.0,Asia/Bangkok
Thailand,Chonburi,Thailand,1,0.0182,6,,,,
Thailand,Pak Kret,Thailand,1,0.0182,7,13.91179,100.49774,2.0,Asia/Bangkok
Thailand,Sisaket,Thailand,1,0.0182,8,15.1,104.33333,131.0,Asia/Bangkok
Thailand,Suphan Buri,Thailand,1,0.0182,9,14.47418,100.12218,12.0,Asia/Bangkok
Thailand,Thanyaburi,Thailand,1,0.0182,10,14.02114,100.73433,8.0,Asia/Bangkok
Ticino,Tenero-Contra,Switzerland,1,1.0,1,,,,
Togo,Lomé,Togo,27,1.0,1,6.12874,1.22154,13.0,Africa/Lome
Tonga,Nuku'alofa,Tonga,2,1.0,1,-21.13683,-175.20114,1.0,Pacific/Tongatapu
Trinidad and Tobago,Port of Spain,Trinidad and Tobago,21,0.5526,1,10.66668,-61.51889,21.0,America/Port_of_Spain
Trinidad and Tobago,Couva,Trinidad and Tobago,12,0.3158,2,10.42248,-61.46748,15.0,America/Port_of_Spain
Trinidad and Tobago,Bacolet,Trinidad and Tobago,3,0.0789,3,11.17539,-60.72263,61.0,America/Port_of_Spain
Trinidad and Tobago,Arima,Trinidad and Tobago,1,0.0263,4,10.63737,-61.28228,62.0,America/Port_of_Spain
Trinidad and Tobago,San Fernando,Trinidad and Tobago,1,0.0263,5,10.27969,-61.46835,28.0,America/Port_of_Spain
Tunisia,Radès,Tunisia,37,0.8409,1,36.76946,10.27468,5.0,Africa/Tunis
Tunisia,Monastir,Tunisia,3,0.0682,2,35.77799,10.82617,20.0,Africa/Tunis
Tunisia,Tunis,Tunisia,3,0.0682,3,36.81897,10.16579,23.0,Africa/Tunis
Tunisia,Gabès,Tunisia,1,0.0227,4,33.88146,10.0982,9.0,Africa/Tunis
Turkey,Istanbul,Turkey,17,0.3333,1,,,,
Turkey,Antalya,Turkey,8,0.1569,2,,,,
Turkey,Konya,Turkey,6,0.1176,3,,,,
Turkey,Eskişehir,Turkey,5,0.098,4,,,,
Turkey,Alanya,Turkey,2,0.0392,5,,,,
Turkey,Bursa,Turkey,2,0.0392,6,,,,
Turkey,İzmir,Turkey,2,0.0392,7,,,,
Turkey,Diyarbakir,Turkey,1,0.0196,8,,,,
Turkey,Gaziantep,Turkey,1,0.0196,9,,,,
Turkey,Kayseri,Turkey,1,0.0196,10,,,,
Turkey,Rize,Turkey,1,0.0196,11,,,,
Turkey,Samsun,Turkey,1,0.0196,12,,,,
Turkey,Sivas,Turkey,1,0.0196,13,,,,
Turkey,Tekkeköy,Turkey,1,0.0196,14,,,,
Turkey,Trabzon,Turkey,1,0.0196,15,,,,
Turkey,İzmit,Turkey,1,0.0196,16,,,,
Turkmenistan,Ashgabat,Turkmenistan,8,0.6667,1,37.95,58.38333,219.0,Asia/Ashgabat
Turkmenistan,Arkadag,Turkmenistan,2,0.1667,2,38.07127,58.06562,229.0,Asia/Ashgabat
Turkmenistan,Balkanabat,Turkmenistan,1,0.0833,3,39.51075,54.36713,11.0,Asia/Ashgabat
Turkmenistan,Daşoguz,Turkmenistan,1,0.0833,4,41.83625,59.96661,87.0,Asia/Ashgabat
Turks and Caicos Islands,Providenciales,Turks and Caicos Islands,13,1.0,1,,,,
Uganda,Kampala,Uganda,13,0.5,1,0.31628,32.58219,1223.0,Africa/Kampala
Uganda,Kira,Uganda,9,0.3462,2,0.4,32.63333,1168.0,Africa/Kampala
Uganda,Entebbe,Uganda,4,0.1538,3,0.05621,32.47949,1151.0,Africa/Kampala
Ukraine,Kyiv,Ukraine,8,0.32,1,50.45466,30.5238,179.0,Europe/Kyiv
Ukraine,Kharkiv,Ukraine,6,0.24,2,49.98177,36.25475,94.0,Europe/Kyiv
Ukraine,Lviv,Ukraine,6,0.24,3,49.83826,24.02324,284.0,Europe/Kyiv
Ukraine,Dnipro,Ukraine,2,0.08,4,48.46664,35.04066,120.0,Europe/Kyiv
Ukraine,Odessa,Ukraine,2,0.08,5,46.48572,30.74383,50.0,Europe/Kyiv
Ukraine,Zaporizhia,Ukraine,1,0.04,6,47.86722,35.31639,114.0,Europe/Kyiv
United Arab Emirates,Dubai,United Arab Emirates,26,0.4815,1,25.07725,55.30927,24.0,Asia/Dubai
United Arab Emirates,Abu Dhabi,United Arab Emirates,20,0.3704,2,24.45118,54.39696,6.0,Asia/Dubai
United Arab Emirates,Al Ain,United Arab Emirates,8,0.1481,3,24.19167,55.76056,275.0,Asia/Dubai
United States,Orlando,United States,8,0.069,1,28.53834,-81.37924,30.0,America/New_York
United States,Austin,United States,7,0.0603,2,30.26715,-97.74306,149.0,America/Chicago
United States,Kansas City,United States,7,0.0603,3,39.09973,-94.57857,274.0,America/Chicago
United States,Arlington,United States,6,0.0517,4,32.73569,-97.10807,184.0,America/Chicago
United States,Nashville,United States,6,0.0517,5,36.16589,-86.78444,170.0,America/Chicago
United States,Cincinnati,United States,5,0.0431,6,39.12711,-84.51439,191.0,America/New_York
United States,St. Louis,United States,5,0.0431,7,38.62727,-90.19789,142.0,America/Chicago
United States,Columbus,United States,4,0.0345,8,39.96118,-82.99879,235.0,America/New_York
United States,East Hartford,United States,4,0.0345,9,41.78232,-72.61203,16.0,America/New_York
United States,Inglewood,United States,4,0.0345,10,33.96168,-118.35313,40.0,America/Los_Angeles
United States,Atlanta,United States,3,0.0259,11,33.749,-84.38798,320.0,America/New_York
United States,Carson,United States,3,0.0259,12,39.1638,-119.7674,1427.0,America/Los_Angeles
United States,Chicago,United States,3,0.0259,13,41.85003,-87.65005,179.0,America/Chicago
United States,Denver,United States,3,0.0259,14,39.73915,-104.9847,1609.0,America/Denver
United States,Las Vegas,United States,3,0.0259,15,36.17497,-115.13722,610.0,America/Los_Angeles
United States,Saint Paul,United States,3,0.0259,16,44.94441,-93.09327,242.0,America/Chicago
United States,San Jose,United States,3,0.0259,17,37.33939,-121.89496,26.0,America/Los_Angeles
United States,Tampa,United States,3,0.0259,18,27.94752,-82.45843,1.0,America/New_York
United States,Charlotte,United States,2,0.0172,19,35.22709,-80.84313,229.0,America/New_York
United States,Chester,United States,2,0.0172,20,37.91366,-89.82205,204.0,America/Chicago
United States,Cleveland,United States,2,0.0172,21,41.4995,-81.69541,199.0,America/New_York
United States,East Rutherford,United States,2,0.0172,22,40.83399,-74.09709,24.0,America/New_York
United States,Fort Lauderdale,United States,2,0.0172,23,26.12231,-80.14338,1.0,America/New_York
United States,Glendale,United States,2,0.0172,24,33.53865,-112.18599,351.0,America/Phoenix
United States,Harrison,United States,2,0.0172,25,41.40916,-75.6649,230.0,America/New_York
United States,Houston,United States,2,0.0172,26,29.76328,-95.36327,12.0,America/Chicago
United States,Los Angeles,United States,2,0.0172,27,34.05223,-118.24368,89.0,America/Los_Angeles
United States,Philadelphia,United States,2,0.0172,28,39.95238,-75.16362,12.0,America/New_York
United States,San Diego,United States,2,0.0172,29,32.71571,-117.16472,20.0,America/Los_Angeles
United States,Sandy,United States,2,0.0172,30,40.59161,-111.8841,1361.0,America/Denver
United States,Santa Clara,United States,2,0.0172,31,37.35411,-121.95524,23.0,America/Los_Angeles
United States,Seattle,United States,2,0.0172,32,47.60621,-122.33207,56.0,America/Los_Angeles
United States,"Washington, D.C.",United States,2,0.0172,33,38.89511,-77.03637,7.0,America/New_York
United States,Cary,United States,1,0.0086,34,35.79154,-78.78112,152.0,America/New_York
United States,Commerce City,United States,1,0.0086,35,39.80832,-104.93387,1572.0,America/Denver
United States,Jacksonville,United States,1,0.0086,36,30.33218,-81.65565,5.0,America/New_York
United States,Landover,United States,1,0.0086,37,38.934,-76.89664,17.0,America/New_York
United States,Minneapolis,United States,1,0.0086,38,44.97997,-93.26384,253.0,America/Chicago
United States,San Antonio,United States,1,0.0086,39,29.42412,-98.49363,198.0,America/Chicago
United States Virgin Islands,Saint Croix,United States Virgin Islands,12,0.9231,1,,,,
United States Virgin Islands,Upper Bethlehem,United States Virgin Islands,1,0.0769,2,,,,
Uruguay,Montevideo,Uruguay,30,1.0,1,-34.90328,-56.18816,34.0,America/Montevideo
Uzbekistan,Tashkent,Uzbekistan,38,0.8837,1,41.26465,69.21627,424.0,Asia/Tashkent
Uzbekistan,Namangan,Uzbekistan,5,0.1163,2,40.9983,71.67257,442.0,Asia/Tashkent
Vanuatu,Port Vila,Vanuatu,17,1.0,1,-17.73648,168.31366,10.0,Pacific/Efate
Vatican City,Rome,Italy,2,1.0,1,41.89193,12.51133,20.0,Europe/Rome
Venezuela,Maturín,Venezuela,11,0.4231,1,9.74569,-63.18323,71.0,America/Caracas
Venezuela,Caracas,Venezuela,8,0.3077,2,10.48801,-66.87919,887.0,America/Caracas
Venezuela,Mérida,Venezuela,3,0.1154,3,8.57899,-71.16922,1389.0,America/Caracas
Venezuela,San Cristóbal,Venezuela,2,0.0769,4,7.76593,-72.23576,692.0,America/Caracas
Venezuela,Barinas,Venezuela,1,0.0385,5,8.62064,-70.23105,221.0,America/Caracas
Venezuela,Guayana,Venezuela,1,0.0385,6,10.37674,-69.87398,373.0,America/Caracas
Vietnam,Hanoi,Vietnam,29,0.6304,1,21.0245,105.84117,10.0,Asia/Bangkok
Vietnam,Ho Chi Minh City,Vietnam,7,0.1522,2,10.82302,106.62965,7.0,Asia/Ho_Chi_Minh
Vietnam,Việt Trì,Vietnam,4,0.087,3,21.32274,105.40198,25.0,Asia/Bangkok
Vietnam,Nam Định,Vietnam,3,0.0652,4,20.43389,106.17729,5.0,Asia/Bangkok
Vietnam,Thủ Dầu Một,Vietnam,2,0.0435,5,10.9804,106.6519,20.0,Asia/Ho_Chi_Minh
Vietnam,Haiphong,Vietnam,1,0.0217,6,20.86481,106.68345,12.0,Asia/Bangkok
Wales,Cardiff,Wales,49,0.9608,1,51.48,-3.18,17.0,Europe/London
Wales,Wrexham,Wales,2,0.0392,2,53.04664,-2.99132,87.0,Europe/London
Ynys Môn,Anglesey,Wales,6,1.0,1,53.28333,-4.33333,55.0,Europe/London
Yorkshire,Fitzwilliam,England,2,0.4,1,53.63288,-1.3769,65.0,Europe/London
Yorkshire,Ossett,England,2,0.4,2,53.67978,-1.58006,105.0,Europe/London
Yorkshire,Athersley,England,1,0.2,3,53.58032,-1.47363,84.0,Europe/London
Zambia,Ndola,Zambia,16,0.5926,1,-12.95867,28.63659,1307.0,Africa/Lusaka
Zambia,Lusaka,Zambia,11,0.4074,2,-15.40669,28.28713,1277.0,Africa/Lusaka
Zanzibar,Gombani,Zanzibar,4,1.0,1,,,,
Zimbabwe,Harare,Zimbabwe,14,1.0,1,-17.82772,31.05337,1494.0,Africa/Harare
