recorded_at,match_date,competition,team,player,reason,status
2026-07-06T17:21:45+00:00,2026-07-07,Champions League,ETO FC Győr,Ahmed Nadhir Benbouali,,injured
2026-07-06T17:21:45+00:00,2026-07-07,Champions League,Shamrock Rovers,Daniel Grant,Muscle Injury,injured
2026-07-06T17:21:45+00:00,2026-07-07,Champions League,Shamrock Rovers,Victor Ozhianvuna,Muscle Injury,injured
2026-07-06T17:21:45+00:00,2026-07-14,Champions League,ETO FC Győr,Ahmed Nadhir Benbouali,,injured
2026-07-06T17:21:45+00:00,2026-07-14,Champions League,Shamrock Rovers,Daniel Grant,Muscle Injury,injured
2026-07-06T17:21:45+00:00,2026-07-14,Champions League,Shamrock Rovers,Victor Ozhianvuna,Muscle Injury,injured
2026-07-21T06:08:20+00:00,2026-07-21,Champions League,FC Thun,Marco Bürki,red_card_suspension,suspended
2026-07-21T06:08:20+00:00,2026-07-21,Champions League,Fenerbahçe,Mason Greenwood,,injured
2026-07-21T06:08:20+00:00,2026-07-21,Champions League,Fenerbahçe,N'Golo Kanté,,injured
2026-07-21T06:08:20+00:00,2026-07-21,Champions League,Fenerbahçe,Nathan Aké,,injured
2026-07-21T06:08:20+00:00,2026-07-21,Champions League,Fenerbahçe,Vedat Muriqi,Hamstring Injury,injured
2026-07-21T06:08:20+00:00,2026-07-21,Champions League,GNK Dinamo Zagreb,Luka Stojković,,injured
2026-07-20T17:31:33+00:00,2026-07-21,Champions League,Klaksvíkar Ítróttarfelag,Mansour Sinyan,Hamstring Injury,injured
2026-07-21T06:08:20+00:00,2026-07-21,Champions League,Lech Poznań,Ali Gholizadeh,Cruciate Ligament Injury,injured
2026-07-20T17:31:33+00:00,2026-07-21,Champions League,Mjällby AIF,Abdoulie Manneh,Back Injury,injured
2026-07-20T17:31:33+00:00,2026-07-21,Champions League,Mjällby AIF,Max Nielsen,Unknown,injured
2026-07-21T06:08:20+00:00,2026-07-21,Champions League,Mjällby AIF,Timo Stavitski,Back Injury,injured
2026-07-21T06:08:20+00:00,2026-07-21,Champions League,SK Sturm Graz,Emran Soglo,Knock,injured
2026-07-22T20:44:13+00:00,2026-07-23,Europa League,FC Midtjylland,Júnior Brumado,Knee Injury,injured
2026-07-22T20:44:13+00:00,2026-07-23,Europa League,FC Midtjylland,Mads Bech Sørensen,Unknown,injured
2026-07-22T20:44:13+00:00,2026-07-23,Europa League,FC Midtjylland,Mikel Gogorza,Hip Injury,injured
2026-07-22T20:44:13+00:00,2026-07-23,Europa League,FC Midtjylland,Ousmane Diao,Unknown,injured
2026-07-22T20:44:13+00:00,2026-07-23,Europa League,HNK Hajduk Split,Niko Sigur,,injured
2026-07-22T20:44:13+00:00,2026-07-23,Europa League,Hammarby IF,Sourou Koné,Knee Injury,injured
2026-07-20T17:31:33+00:00,2026-07-23,Europa League,RSC Anderlecht,Cedric Hatenboer,Shoulder Injury,injured
2026-07-22T20:44:13+00:00,2026-07-23,Europa League,Tromsø IL,Casper Öyvann,Unknown,injured
2026-07-20T17:31:33+00:00,2026-07-23,Europa League,Tromsø IL,Jesper Andreas Grundt,Foot Injury,injured
2026-07-22T20:44:13+00:00,2026-07-23,Europa League,Tromsø IL,Viktor Ekblom,Groin Injury,injured
2026-07-22T20:44:13+00:00,2026-07-24,Ekstraklasa,Legia Warszawa,Antonio Čolak,Broken Cheekbone,injured
2026-07-22T20:44:13+00:00,2026-07-24,Ekstraklasa,Pogoń Szczecin,Rajmund Molnár,Cruciate Ligament Injury,injured
2026-07-22T20:44:13+00:00,2026-07-24,Allsvenskan,Västerås SK,Abdelrahman Boudah,Unknown,injured
2026-07-22T20:44:13+00:00,2026-07-24,Allsvenskan,Västerås SK,Frédéric Nsabiyumva,Foot Injury,injured
2026-07-22T20:44:13+00:00,2026-07-24,Allsvenskan,Örgryte IS,Aydarus Abukar,Knee Surgery,injured
2026-07-22T20:44:13+00:00,2026-07-24,Allsvenskan,Örgryte IS,Jonathan Azulay,Unknown,injured
2026-07-22T20:44:13+00:00,2026-07-24,Allsvenskan,Örgryte IS,Mikael Dyrestam,Unknown,injured
2026-07-22T20:44:13+00:00,2026-07-24,Allsvenskan,Örgryte IS,Rasmus Alm,Knee Injury,injured
2026-07-22T20:44:13+00:00,2026-07-25,Swiss Super League,Basel,Evann Senaya,Ankle Injury,injured
2026-07-22T20:44:13+00:00,2026-07-25,Swiss Super League,Basel,Marwin Hitz,Foot Injury,injured
2026-07-22T20:44:13+00:00,2026-07-25,Allsvenskan,Degerfors IF,Daniel Sundgren,Heel Injury,injured
2026-07-22T20:44:13+00:00,2026-07-25,Allsvenskan,Degerfors IF,Juhani Pikkarainen,Cruciate Ligament Injury,injured
2026-07-22T20:44:13+00:00,2026-07-25,Allsvenskan,Degerfors IF,Ziyad Salifu,Unknown,injured
2026-07-22T20:44:13+00:00,2026-07-25,Allsvenskan,Djurgårdens IF,Leon Hien,Unknown,injured
2026-07-22T20:44:13+00:00,2026-07-25,Romanian Superliga,FC Dinamo București,Alaa Bellaarouch,,doubtful
2026-07-22T20:44:13+00:00,2026-07-25,Romanian Superliga,FC Dinamo București,Darío Benavides,Unknown,injured
2026-07-22T20:44:13+00:00,2026-07-25,Swiss Super League,FC Luzern,Bung Meng Freimann,red_card_suspension,suspended
2026-07-22T20:44:13+00:00,2026-07-25,Swiss Super League,FC Thun,Marco Bürki,red_card_suspension,suspended
2026-07-22T20:44:13+00:00,2026-07-25,Swiss Super League,Grasshopper Club Zürich,Óscar Clemente,Broken Collarbone,injured
2026-07-22T20:44:13+00:00,2026-07-25,Ekstraklasa,Górnik Zabrze,Jarosław Kubicki,Broken Hand,injured
2026-07-22T20:44:13+00:00,2026-07-25,Ekstraklasa,KS Cracovia,Wiktor Bogacz,Thigh Injury,injured
2026-07-22T20:44:13+00:00,2026-07-25,Allsvenskan,Kalmar FF,Malcolm Stolt,Thigh Injury,injured
2026-07-22T20:44:13+00:00,2026-07-25,Ekstraklasa,Lech Poznań,Ali Gholizadeh,Cruciate Ligament Injury,injured
2026-07-22T20:44:13+00:00,2026-07-25,Ekstraklasa,Lech Poznań,Kamil Jakóbczyk,Ankle Injury,injured
2026-07-22T20:44:13+00:00,2026-07-25,Allsvenskan,Mjällby AIF,Timo Stavitski,Back Injury,injured
2026-07-22T20:44:13+00:00,2026-07-25,Swiss Super League,Servette FC,Miroslav Stevanović,Unknown,injured
2026-07-26T08:54:36+00:00,2026-07-26,Eliteserien,Aalesunds FK,Aleksander Kjelsen,Thigh Injury,injured
2026-07-26T08:54:36+00:00,2026-07-26,Eliteserien,Aalesunds FK,Davíð Snær Jóhannsson,Hamstring Injury,injured
2026-07-22T20:44:13+00:00,2026-07-26,Eliteserien,Aalesunds FK,Ivan Djantou,Illness,injured
2026-07-26T08:54:36+00:00,2026-07-26,Eliteserien,Aalesunds FK,Marcus Haagensen Reed,Unknown,injured
2026-07-26T08:54:36+00:00,2026-07-26,Eliteserien,Aalesunds FK,Mathias Kristensen,Calf Injury,injured
2026-07-26T08:54:36+00:00,2026-07-26,Eliteserien,Aalesunds FK,Paul Ngongo Iversen,Thigh Injury,injured
2026-07-26T08:54:36+00:00,2026-07-26,Brasileirao Serie A,Bahia,Caio Alexandre,Thigh Injury,injured
2026-07-26T08:54:36+00:00,2026-07-26,Brasileirao Serie A,Bahia,Cristian Olivera,,doubtful
2026-07-26T08:54:36+00:00,2026-07-26,Brasileirao Serie A,Bahia,Iago Borduchi,Thigh Injury,doubtful
2026-07-26T08:54:36+00:00,2026-07-26,Brasileirao Serie A,Bahia,Léo Vieira,Knee Surgery,injured
2026-07-26T08:54:36+00:00,2026-07-26,Brasileirao Serie A,Bahia,Marco Moreno,Physical Discomfort,injured
2026-07-26T08:54:36+00:00,2026-07-26,Brasileirao Serie A,Bahia,Ruan Pablo,Sprained Ankle,injured
2026-07-26T08:54:36+00:00,2026-07-26,Brasileirao Serie A,Bahia,Santiago Ramos Mingo,Hip Injury,doubtful
2026-07-26T08:54:36+00:00,2026-07-26,Eliteserien,Bodø/Glimt,August Mikkelsen,Knock Injury,injured
2026-07-26T08:54:36+00:00,2026-07-26,Eliteserien,Bodø/Glimt,Daniel Bassi,Hamstring Injury,injured
2026-07-22T20:44:13+00:00,2026-07-26,Eliteserien,Bodø/Glimt,Magnus Riisnæs,Knock Injury,injured
2026-07-26T08:54:36+00:00,2026-07-26,Brasileirao Serie A,Botafogo,Allan,,injured
2026-07-26T08:54:36+00:00,2026-07-26,Brasileirao Serie A,Botafogo,Bastos,,injured
2026-07-26T08:54:36+00:00,2026-07-26,Brasileirao Serie A,Botafogo,Júnior Santos,Foot Injury,injured
2026-07-26T08:54:36+00:00,2026-07-26,Brasileirao Serie A,Botafogo,Kaio Pantaleão,Cruciate Ligament Injury,injured
2026-07-26T08:54:36+00:00,2026-07-26,Brasileirao Serie A,Botafogo,Nathan Fernandes,,injured
2026-07-26T08:54:36+00:00,2026-07-26,Brasileirao Serie A,Botafogo,Patrick de Paula,Groin Injury,injured
2026-07-26T08:54:36+00:00,2026-07-26,Brasileirao Serie B,Ceará,Vinicius Zanocelo,PCL Knee Injury,injured
2026-07-26T08:54:36+00:00,2026-07-26,Brasileirao Serie A,Corinthians,Alex Santana,Thigh Injury,injured
2026-07-26T08:54:36+00:00,2026-07-26,Brasileirao Serie A,Corinthians,Hugo,Meniscus Injury,injured
2026-07-26T08:54:36+00:00,2026-07-26,Brasileirao Serie A,Corinthians,Matheus Bidu,Thigh Injury,injured
2026-07-26T08:54:36+00:00,2026-07-26,Brasileirao Serie A,Corinthians,Raniele,Bruised Knee,injured
2026-07-26T08:54:36+00:00,2026-07-26,Brasileirao Serie A,Cruzeiro,Cássio,,injured
2026-07-26T08:54:36+00:00,2026-07-26,Brasileirao Serie A,Cruzeiro,Gabriel Pec,Broken Leg,injured
2026-07-26T08:54:36+00:00,2026-07-26,Brasileirao Serie A,Cruzeiro,Gerson,yellow_card_accumulation_suspension,suspended
2026-07-26T08:54:36+00:00,2026-07-26,Brasileirao Serie A,Cruzeiro,Kauã Prates,Thigh Injury,injured
2026-07-26T08:54:36+00:00,2026-07-26,Brasileirao Serie A,Cruzeiro,Keny Arroyo,Thigh Injury,injured
2026-07-26T08:54:36+00:00,2026-07-26,Brasileirao Serie A,Cruzeiro,Matheus Pereira,yellow_card_accumulation_suspension,suspended
2026-07-26T08:54:36+00:00,2026-07-26,Danish Superliga,FC København,Dominik Sarapata,Shoulder Injury,injured
2026-07-26T08:54:36+00:00,2026-07-26,Danish Superliga,FC København,Hunor Németh,Unknown,injured
2026-07-22T20:44:13+00:00,2026-07-26,Swiss Super League,FC Lugano,Daniel Dos Santos,Unknown,injured
2026-07-22T20:44:13+00:00,2026-07-26,Swiss Super League,FC Lugano,Martim Marques,Knee Injury,injured
2026-07-26T08:54:36+00:00,2026-07-26,Danish Superliga,FC Midtjylland,Júnior Brumado,Knee Injury,injured
2026-07-26T08:54:36+00:00,2026-07-26,Danish Superliga,FC Midtjylland,Mads Bech Sørensen,Unknown,injured
2026-07-26T08:54:36+00:00,2026-07-26,Danish Superliga,FC Midtjylland,Mikel Gogorza,Hip Injury,injured
2026-07-26T08:54:36+00:00,2026-07-26,Danish Superliga,FC Midtjylland,Ousmane Diao,Unknown,injured
2026-07-26T08:54:36+00:00,2026-07-26,Swiss Super League,FC Sion,Kreshnik Hajrizi,Muscle Injury,injured
2026-07-26T08:54:36+00:00,2026-07-26,Swiss Super League,FC St. Gallen 1879,Lukas Watkowiak,red_card_suspension,suspended
2026-07-22T20:44:13+00:00,2026-07-26,Allsvenskan,GAIS,Blessing Asuman Dankwa,Concussion,injured
2026-07-26T08:54:36+00:00,2026-07-26,Allsvenskan,GAIS,Jonas Lindberg,Concussion,injured
2026-07-26T08:54:36+00:00,2026-07-26,Allsvenskan,GAIS,Kees Sims,Sprained Foot,injured
2026-07-26T08:54:36+00:00,2026-07-26,Allsvenskan,GAIS,Rasmus Niklasson,Concussion,injured
2026-07-26T08:54:36+00:00,2026-07-26,Ekstraklasa,GKS Katowice,Damian Rasak,Knee Injury,injured
2026-07-26T08:54:36+00:00,2026-07-26,Ekstraklasa,GKS Katowice,Rafał Strączek,Shoulder Injury,injured
2026-07-26T08:54:36+00:00,2026-07-26,Allsvenskan,Hammarby IF,Amin Boudri,Leg Injury,injured
2026-07-26T08:54:36+00:00,2026-07-26,Allsvenskan,Hammarby IF,Sourou Koné,Knee Injury,injured
2026-07-26T08:54:36+00:00,2026-07-26,Allsvenskan,IF Brommapojkarna,Mads Hansen,red_card_suspension,suspended
2026-07-26T08:54:36+00:00,2026-07-26,Allsvenskan,IF Brommapojkarna,Oliver Berg,yellow_card_accumulation_suspension,suspended
2026-07-22T20:44:13+00:00,2026-07-26,Allsvenskan,IF Elfsborg,Niklas Hult,Back Injury,injured
2026-07-26T08:54:36+00:00,2026-07-26,Allsvenskan,IFK Göteborg,Arbnor Mucolli,Cruciate Ligament Injury,injured
2026-07-26T08:54:36+00:00,2026-07-26,Allsvenskan,IFK Göteborg,Filip Ottosson,Unknown,doubtful
2026-07-26T08:54:36+00:00,2026-07-26,Allsvenskan,IFK Göteborg,Jonathan Rasheed,Broken Ankle,injured
2026-07-26T08:54:36+00:00,2026-07-26,Allsvenskan,IFK Göteborg,Saidou Alioum Moubarak,Ankle Injury,injured
2026-07-26T08:54:36+00:00,2026-07-26,Allsvenskan,IK Sirius,Noel Milleskog,Shoulder Injury,injured
2026-07-26T08:54:36+00:00,2026-07-26,Allsvenskan,IK Sirius,Oscar Krusnell,yellow_card_accumulation_suspension,suspended
2026-07-26T08:54:36+00:00,2026-07-26,Eliteserien,KFUM Oslo,Ayoub Aleesami,Groin Injury,injured
2026-07-26T08:54:36+00:00,2026-07-26,Eliteserien,KFUM Oslo,Moussa Njie,Unknown,injured
2026-07-26T08:54:36+00:00,2026-07-26,Allsvenskan,Malmö FF,Anders Christiansen,Leg Injury,injured
2026-07-26T08:54:36+00:00,2026-07-26,Allsvenskan,Malmö FF,Emmanuel Ekong,Knee Surgery,injured
2026-07-26T08:54:36+00:00,2026-07-26,Allsvenskan,Malmö FF,Kenan Busuladžić,yellow_card_accumulation_suspension,suspended
2026-07-26T08:54:36+00:00,2026-07-26,Allsvenskan,Malmö FF,Oscar Sjostrand,Cruciate Ligament Injury,injured
2026-07-26T08:54:36+00:00,2026-07-26,Allsvenskan,Malmö FF,Robin Olsen,Concussion,doubtful
2026-07-22T20:44:13+00:00,2026-07-26,Allsvenskan,Malmö FF,Yanis Karabelyov,Unknown,injured
2026-07-26T08:54:36+00:00,2026-07-26,Eliteserien,Molde FK,Mads Juhl Kikkenborg,Achilles Tendon Injury,injured
2026-07-26T08:54:36+00:00,2026-07-26,Eliteserien,Molde FK,Vebjørn Hoff,Knee Injury,injured
2026-07-26T08:54:36+00:00,2026-07-26,Eliteserien,SK Brann,Eggert Aron Guðmundsson,Knee Surgery,injured
2026-07-26T08:54:36+00:00,2026-07-26,Eliteserien,SK Brann,Sakarias Opsahl,Foot Injury,injured
2026-07-26T08:54:36+00:00,2026-07-26,Eliteserien,Sarpsborg 08,Frederik Carstensen,Unknown,injured
2026-07-26T08:54:36+00:00,2026-07-26,Eliteserien,Sarpsborg 08,Peter Reinhardsen,Ankle Injury,injured
2026-07-26T08:54:36+00:00,2026-07-26,Eliteserien,Sarpsborg 08,Sigurd Rosted,Ankle Injury,injured
2026-07-26T08:54:36+00:00,2026-07-26,Brasileirao Serie B,São Bernardo,Matheus Salustiano,Knee Injury,injured
2026-07-26T08:54:36+00:00,2026-07-26,Brasileirao Serie B,São Bernardo,Rodrigo Andrade,ACL Knee Injury,injured
2026-07-22T20:44:13+00:00,2026-07-26,Eliteserien,Viking FK,Gianni Stensness,national_team,injured
2026-07-26T08:54:36+00:00,2026-07-26,Eliteserien,Viking FK,Henrik Heggheim,yellow_card_accumulation_suspension,suspended
2026-07-26T08:54:36+00:00,2026-07-26,Eliteserien,Viking FK,Henrik Sælebakke Falchener,Thigh Injury,injured
2026-07-26T08:54:36+00:00,2026-07-26,Eliteserien,Viking FK,Martin Ove Roseth,Knee Injury,injured
2026-07-26T08:54:36+00:00,2026-07-26,Eliteserien,Viking FK,Romano Postema,Knock Injury,injured
2026-07-26T08:54:36+00:00,2026-07-26,Eliteserien,Viking FK,Veton Berisha,Knock Injury,injured
2026-07-26T08:54:36+00:00,2026-07-26,Eliteserien,Viking FK,Zlatko Tripić,yellow_card_accumulation_suspension,suspended
2026-07-26T08:54:36+00:00,2026-07-26,Eliteserien,Vålerenga IF,Odin Thiago Holm,Hamstring Injury,injured
2026-07-26T08:54:36+00:00,2026-07-26,Eliteserien,Vålerenga IF,Omar Bully Drammeh,Achilles Tendon Injury,injured
2026-07-26T08:54:36+00:00,2026-07-26,Ekstraklasa,Widzew Łódź,Lukas Lerager,Cruciate Ligament Injury,injured
2026-07-26T08:54:36+00:00,2026-07-26,Ekstraklasa,Widzew Łódź,Szymon Czyż,Cruciate Ligament Injury,injured
2026-07-26T08:54:36+00:00,2026-07-27,Allsvenskan,AIK,Andreas Redkin,Cruciate Ligament Injury,injured
2026-07-26T08:54:36+00:00,2026-07-27,Allsvenskan,AIK,Eskil Edh,Unknown,injured
2026-07-26T08:54:36+00:00,2026-07-27,Allsvenskan,AIK,Ibrahim Cissé,Ankle Injury,injured
2026-07-26T08:54:36+00:00,2026-07-27,Allsvenskan,AIK,Martin Ellingsen,Achilles Tendon Injury,injured
2026-07-26T08:54:36+00:00,2026-07-27,Allsvenskan,AIK,Stanley Wilson,Unknown,injured
2026-07-26T08:54:36+00:00,2026-07-27,Brasileirao Serie A,Atlético Mineiro,Gustavo Scarpa,Knee Injury,injured
2026-07-26T08:54:36+00:00,2026-07-27,Brasileirao Serie A,Atlético Mineiro,Léo Duarte,Thigh Injury,injured
2026-07-26T08:54:36+00:00,2026-07-27,Brasileirao Serie A,Atlético Mineiro,Patrick,Knee Injury,injured
2026-07-26T08:54:36+00:00,2026-07-27,Brasileirao Serie A,Atlético Mineiro,Tomás Cuello,Thigh Injury,injured
2026-07-26T08:54:36+00:00,2026-07-27,Allsvenskan,BK Häcken,Ben Engdahl,Unknown,injured
2026-07-26T08:54:36+00:00,2026-07-27,Allsvenskan,BK Häcken,Filip Ohman,Shoulder Injury,injured
2026-07-26T08:54:36+00:00,2026-07-27,Liga MX Apertura,CF Monterrey,Esteban Andrada,red_card_suspension,suspended
2026-07-26T08:54:36+00:00,2026-07-27,Brasileirao Serie A,Coritiba,Keno,Knee Injury,injured
2026-07-26T08:54:36+00:00,2026-07-27,Brasileirao Serie A,Coritiba,Maicon,Thigh Injury,injured
2026-07-26T08:54:36+00:00,2026-07-27,Brasileirao Serie A,Coritiba,Pedro Morisco,Dislocated Shoulder,injured
2026-07-26T08:54:36+00:00,2026-07-27,Brasileirao Serie A,Coritiba,Rodrigo Rodrigues,Knee Surgery,injured
2026-07-26T08:54:36+00:00,2026-07-27,Brasileirao Serie A,Coritiba,Sebastian Gomez,Concussion,injured
2026-07-26T08:54:36+00:00,2026-07-27,Brasileirao Serie A,Coritiba,Tinga,Calf Injury,injured
2026-07-26T08:54:36+00:00,2026-07-27,Brasileirao Serie A,Flamengo,Giorgian de Arrascaeta,Calf Injury,injured
2026-07-26T08:54:36+00:00,2026-07-27,Brasileirao Serie A,Flamengo,Gonzalo Plata,Bruised Knee,injured
2026-07-26T08:54:36+00:00,2026-07-27,Brasileirao Serie A,Flamengo,Jorge Carrascal,red_card_suspension,suspended
2026-07-26T08:54:36+00:00,2026-07-27,Brasileirao Serie A,Flamengo,Lucas Paquetá,Hamstring Injury,injured
2026-07-26T08:54:36+00:00,2026-07-27,Brasileirao Serie A,Flamengo,Luiz Araújo,Knee Injury,injured
2026-07-26T08:54:36+00:00,2026-07-27,Brasileirao Serie A,Fluminense,Jemmes,Thigh Injury,injured
2026-07-26T08:54:36+00:00,2026-07-27,Brasileirao Serie A,Fluminense,John Kennedy,red_card_suspension,suspended
2026-07-26T08:54:36+00:00,2026-07-27,Brasileirao Serie A,Fluminense,Julián Millán,Thigh Injury,injured
2026-07-26T08:54:36+00:00,2026-07-27,Brasileirao Serie A,Fluminense,Matheus Reis,,injured
2026-07-26T08:54:36+00:00,2026-07-27,Eliteserien,Fredrikstad FK,Sondre Sørløkk,Foot Injury,injured
2026-07-26T08:54:36+00:00,2026-07-27,Brasileirao Serie B,Goiás,Tadeu,Broken Leg,injured
2026-07-26T08:54:36+00:00,2026-07-27,Brasileirao Serie A,Grêmio,Francis Amuzu,Concussion,injured
2026-07-26T08:54:36+00:00,2026-07-27,Brasileirao Serie A,Grêmio,João Pedro,Thigh Injury,injured
2026-07-26T08:54:36+00:00,2026-07-27,Brasileirao Serie A,Grêmio,Leonel Pérez,yellow_card_accumulation_suspension,suspended
2026-07-26T08:54:36+00:00,2026-07-27,Brasileirao Serie A,Grêmio,Marlon,Ankle Injury,injured
2026-07-26T08:54:36+00:00,2026-07-27,Brasileirao Serie A,Palmeiras,Agustín Giay,Sprained Ankle,doubtful
2026-07-26T08:54:36+00:00,2026-07-27,Brasileirao Serie A,Palmeiras,Alexander Barboza,yellow_card_accumulation_suspension,suspended
2026-07-26T08:54:36+00:00,2026-07-27,Brasileirao Serie A,Palmeiras,Allan,red_card_suspension,suspended
2026-07-26T08:54:36+00:00,2026-07-27,Brasileirao Serie A,Palmeiras,Felipe Anderson,Thigh Injury,injured
2026-07-26T08:54:36+00:00,2026-07-27,Brasileirao Serie A,Palmeiras,Jefté,Meniscus Injury,injured
2026-07-26T08:54:36+00:00,2026-07-27,Brasileirao Serie A,Palmeiras,José Manuel López,rested,injured
2026-07-26T08:54:36+00:00,2026-07-27,Brasileirao Serie A,Palmeiras,Khellven,yellow_card_accumulation_suspension,suspended
2026-07-26T08:54:36+00:00,2026-07-27,Brasileirao Serie A,Palmeiras,Ramón Sosa,yellow_card_accumulation_suspension,suspended
2026-07-26T08:54:36+00:00,2026-07-27,Brasileirao Serie A,Red Bull Bragantino,Agustin Sant Anna,red_card_suspension,suspended
2026-07-26T08:54:36+00:00,2026-07-27,Brasileirao Serie A,Red Bull Bragantino,Fabinho,red_card_suspension,suspended
2026-07-26T08:54:36+00:00,2026-07-27,Brasileirao Serie A,Red Bull Bragantino,Fabrício,Ankle Injury,injured
2026-07-26T08:54:36+00:00,2026-07-27,Brasileirao Serie A,Red Bull Bragantino,Gabriel Girotto,Calf Injury,injured
2026-07-26T08:54:36+00:00,2026-07-27,Brasileirao Serie A,Red Bull Bragantino,Vanderlan,Knee Injury,injured
2026-07-26T08:54:36+00:00,2026-07-27,Brasileirao Serie A,Remo,Duplexe Tchamba,Muscle Injury,injured
2026-07-26T08:54:36+00:00,2026-07-27,Brasileirao Serie A,Remo,Eduardo Melo,Thigh Injury,injured
2026-07-26T08:54:36+00:00,2026-07-27,Brasileirao Serie A,Remo,Gabriel Taliari,Thigh Injury,injured
2026-07-26T08:54:36+00:00,2026-07-27,Brasileirao Serie A,Remo,João Lucas,Meniscus Injury,injured
2026-07-26T08:54:36+00:00,2026-07-27,Brasileirao Serie A,Remo,Marcelo Rangel,Medial Collateral Ligament Injury,injured
2026-07-26T08:54:36+00:00,2026-07-27,Brasileirao Serie A,Remo,Marllon,yellow_card_accumulation_suspension,suspended
2026-07-26T08:54:36+00:00,2026-07-27,Eliteserien,Rosenborg BK,Dino Islamović,Calf Injury,injured
2026-07-26T08:54:36+00:00,2026-07-27,Eliteserien,Rosenborg BK,Simen Nordli,Thigh Injury,injured
2026-07-26T08:54:36+00:00,2026-07-27,Danish Superliga,Silkeborg IF,Pedro Ganchas,Unknown,injured
2026-07-26T08:54:36+00:00,2026-07-27,Brasileirao Serie A,São Paulo,Enzo Díaz,personal_reason,injured
2026-07-26T08:54:36+00:00,2026-07-27,Brasileirao Serie A,São Paulo,Lucas Moura,,injured
2026-07-26T08:54:36+00:00,2026-07-27,Brasileirao Serie A,São Paulo,Maik,,injured
2026-07-26T08:54:36+00:00,2026-07-27,Brasileirao Serie A,São Paulo,Rafael Tolói,Thigh Injury,injured
2026-07-26T08:54:36+00:00,2026-07-27,Brasileirao Serie A,São Paulo,Ryan Francisco,Cruciate Ligament Injury,injured
2026-07-26T08:54:36+00:00,2026-07-27,Brasileirao Serie A,São Paulo,Sabino,,doubtful
2026-07-26T08:54:36+00:00,2026-07-27,Brasileirao Serie A,Vitória,Anderson Pato,Knee Surgery,injured
2026-07-26T08:54:36+00:00,2026-07-27,Brasileirao Serie A,Vitória,Camutanga,,injured
2026-07-26T08:54:36+00:00,2026-07-27,Brasileirao Serie A,Vitória,Dudu,,injured
2026-07-26T08:54:36+00:00,2026-07-27,Brasileirao Serie A,Vitória,Edu,,injured
2026-07-26T08:54:36+00:00,2026-07-27,Brasileirao Serie A,Vitória,Emmanuel Martínez,yellow_card_accumulation_suspension,suspended
2026-07-26T08:54:36+00:00,2026-07-27,Brasileirao Serie A,Vitória,Mateusinho,Muscle Injury,injured
2026-07-26T08:54:36+00:00,2026-07-27,Brasileirao Serie A,Vitória,Nathan Mendes,Cruciate Ligament Injury,injured
2026-07-26T08:54:36+00:00,2026-07-27,Brasileirao Serie A,Vitória,Riccieli,Calf Injury,injured
2026-07-26T08:54:36+00:00,2026-07-27,Brasileirao Serie A,Vitória,Rúben Ramos Ismael,Knee Surgery,injured
2026-07-26T08:54:36+00:00,2026-07-27,Brasileirao Serie A,Vitória,Wellington Rato,ACL Knee Injury,doubtful
2026-07-26T08:54:36+00:00,2026-07-27,Brasileirao Serie A,Vitória,Zé Vitor,Knee Injury,doubtful
2026-07-26T08:54:36+00:00,2026-07-28,Brasileirao Serie B,Clube De Regatas Brasil,Matheus Albino,Shoulder Injury,injured
2026-07-26T08:54:36+00:00,2026-07-28,Champions League,FC Thun,Marco Bürki,red_card_suspension,suspended
2026-07-26T08:54:36+00:00,2026-07-28,Champions League,GNK Dinamo Zagreb,Luka Stojković,,injured
2026-07-20T17:31:33+00:00,2026-07-28,Champions League,Mjällby AIF,Abdoulie Manneh,Back Injury,injured
2026-07-20T17:31:33+00:00,2026-07-28,Champions League,Mjällby AIF,Max Nielsen,Unknown,injured
2026-07-26T08:54:36+00:00,2026-07-28,Champions League,Mjällby AIF,Timo Stavitski,Back Injury,injured
2026-07-26T08:54:36+00:00,2026-07-28,Champions League,SK Sturm Graz,Emran Soglo,Knock,injured
2026-07-26T08:54:36+00:00,2026-07-28,Brasileirao Serie B,Sport Recife,Kayky Almeida,Knee Injury,injured
2026-07-26T08:54:36+00:00,2026-07-29,Champions League,AGF,Janni Serra,fa_charge_of_improper_conduct,injured
2026-07-26T08:54:36+00:00,2026-07-29,Champions League,AGF,Kevin Yakob,Unknown,injured
2026-07-26T08:54:36+00:00,2026-07-29,Champions League,AGF,Luka Callø,Unknown,injured
2026-07-26T08:54:36+00:00,2026-07-29,Champions League,AGF,Markus Solbakken,Unknown,injured
2026-07-26T08:54:36+00:00,2026-07-29,Champions League,AGF,Nicolai Poulsen,Unknown,injured
2026-07-26T08:54:36+00:00,2026-07-29,Brasileirao Serie B,Athletic Club,Ronaldo Tavares,ACL Knee Injury,injured
2026-07-26T08:54:36+00:00,2026-07-29,Brasileirao Serie A,Atlético Mineiro,Gustavo Scarpa,Knee Injury,injured
2026-07-26T08:54:36+00:00,2026-07-29,Brasileirao Serie A,Atlético Mineiro,Léo Duarte,Thigh Injury,injured
2026-07-26T08:54:36+00:00,2026-07-29,Brasileirao Serie A,Atlético Mineiro,Patrick,Knee Injury,injured
2026-07-26T08:54:36+00:00,2026-07-29,Brasileirao Serie A,Atlético Mineiro,Tomás Cuello,Thigh Injury,injured
2026-07-26T08:54:36+00:00,2026-07-29,Brasileirao Serie A,Botafogo,Allan,,injured
2026-07-26T08:54:36+00:00,2026-07-29,Brasileirao Serie A,Botafogo,Bastos,,injured
2026-07-26T08:54:36+00:00,2026-07-29,Brasileirao Serie A,Botafogo,Júnior Santos,Foot Injury,injured
2026-07-26T08:54:36+00:00,2026-07-29,Brasileirao Serie A,Botafogo,Kaio Pantaleão,Cruciate Ligament Injury,injured
2026-07-26T08:54:36+00:00,2026-07-29,Brasileirao Serie A,Botafogo,Nathan Fernandes,,injured
2026-07-26T08:54:36+00:00,2026-07-29,Brasileirao Serie A,Botafogo,Patrick de Paula,Groin Injury,injured
2026-07-26T08:54:36+00:00,2026-07-29,Brasileirao Serie B,Botafogo-SP,Carlão,LCL Knee Injury,injured
2026-07-26T08:54:36+00:00,2026-07-29,Brasileirao Serie A,Chapecoense,Anderson,Strain Injury,injured
2026-07-26T08:54:36+00:00,2026-07-29,Brasileirao Serie A,Chapecoense,Bruno Leonardo,Thigh Injury,injured
2026-07-26T08:54:36+00:00,2026-07-29,Brasileirao Serie A,Chapecoense,Eduardo Doma,Hamstring Injury,injured
2026-07-26T08:54:36+00:00,2026-07-29,Brasileirao Serie A,Chapecoense,João Paulo,Unknown,injured
2026-07-26T08:54:36+00:00,2026-07-29,Brasileirao Serie A,Chapecoense,Rafael Carvalheira,Cruciate Ligament Injury,injured
2026-07-26T08:54:36+00:00,2026-07-29,Brasileirao Serie A,Chapecoense,Victor Caetano,Foot Injury,injured
2026-07-26T08:54:36+00:00,2026-07-29,Conference League,FC København,Dominik Sarapata,Shoulder Injury,injured
2026-07-26T08:54:36+00:00,2026-07-29,Conference League,FC København,Hunor Németh,Unknown,injured
2026-07-26T08:54:36+00:00,2026-07-29,Champions League,FK Crvena zvezda,Rade Krunić,,injured
2026-07-21T06:08:20+00:00,2026-07-29,Champions League,Fenerbahçe,Mason Greenwood,,injured
2026-07-21T06:08:20+00:00,2026-07-29,Champions League,Fenerbahçe,N'Golo Kanté,,injured
2026-07-21T06:08:20+00:00,2026-07-29,Champions League,Fenerbahçe,Nathan Aké,,injured
2026-07-26T08:54:36+00:00,2026-07-29,Champions League,Fenerbahçe,Vedat Muriqi,Hamstring Injury,injured
2026-07-26T08:54:36+00:00,2026-07-29,Brasileirao Serie A,Grêmio,Francis Amuzu,Concussion,injured
2026-07-26T08:54:36+00:00,2026-07-29,Brasileirao Serie A,Grêmio,João Pedro,Thigh Injury,injured
2026-07-26T08:54:36+00:00,2026-07-29,Brasileirao Serie A,Grêmio,Leonel Pérez,yellow_card_accumulation_suspension,suspended
2026-07-26T08:54:36+00:00,2026-07-29,Brasileirao Serie A,Grêmio,Marlon,Ankle Injury,injured
2026-07-26T08:54:36+00:00,2026-07-29,Champions League,Górnik Zabrze,Jarosław Kubicki,Broken Hand,injured
2026-07-26T08:54:36+00:00,2026-07-29,Champions League,Hapoel Be'er Sheva,João Victor,Hamstring Injury,injured
2026-07-20T17:31:33+00:00,2026-07-29,Champions League,Klaksvíkar Ítróttarfelag,Mansour Sinyan,Hamstring Injury,injured
2026-07-26T08:54:36+00:00,2026-07-29,Champions League,Lech Poznań,Ali Gholizadeh,Cruciate Ligament Injury,injured
2026-07-26T08:54:36+00:00,2026-07-29,Champions League,Lech Poznań,Kamil Jakóbczyk,Ankle Injury,injured
2026-07-26T08:54:36+00:00,2026-07-29,Brasileirao Serie A,Red Bull Bragantino,Agustin Sant Anna,red_card_suspension,suspended
2026-07-26T08:54:36+00:00,2026-07-29,Brasileirao Serie A,Red Bull Bragantino,Fabinho,red_card_suspension,suspended
2026-07-26T08:54:36+00:00,2026-07-29,Brasileirao Serie A,Red Bull Bragantino,Fabrício,Ankle Injury,injured
2026-07-26T08:54:36+00:00,2026-07-29,Brasileirao Serie A,Red Bull Bragantino,Gabriel Girotto,Calf Injury,injured
2026-07-26T08:54:36+00:00,2026-07-29,Brasileirao Serie A,Red Bull Bragantino,Vanderlan,Knee Injury,injured
2026-07-26T08:54:36+00:00,2026-07-29,Brasileirao Serie A,Santos,Gustavo Henrique Pereira,Thigh Injury,injured
2026-07-26T08:54:36+00:00,2026-07-29,Brasileirao Serie A,Santos,João Schmidt,Thigh Injury,injured
2026-07-26T08:54:36+00:00,2026-07-29,Brasileirao Serie A,São Paulo,Enzo Díaz,personal_reason,injured
2026-07-26T08:54:36+00:00,2026-07-29,Brasileirao Serie A,São Paulo,Lucas Moura,,injured
2026-07-26T08:54:36+00:00,2026-07-29,Brasileirao Serie A,São Paulo,Maik,,injured
2026-07-26T08:54:36+00:00,2026-07-29,Brasileirao Serie A,São Paulo,Rafael Tolói,Thigh Injury,injured
2026-07-26T08:54:36+00:00,2026-07-29,Brasileirao Serie A,São Paulo,Ryan Francisco,Cruciate Ligament Injury,injured
2026-07-26T08:54:36+00:00,2026-07-29,Brasileirao Serie A,São Paulo,Sabino,,doubtful
2026-07-26T08:54:36+00:00,2026-07-29,Copa Sudamericana,Tigre,Bruno Leyes,Dislocated Shoulder,injured
2026-07-26T08:54:36+00:00,2026-07-29,Copa Sudamericana,Tigre,Ramón Arias,Knee Injury,injured
2026-07-26T08:54:36+00:00,2026-07-29,Brasileirao Serie A,Vasco da Gama,Alan Saldivia,Calf Injury,injured
2026-07-26T08:54:36+00:00,2026-07-29,Brasileirao Serie A,Vasco da Gama,Jair,Cruciate Ligament Injury,injured
2026-07-26T08:54:36+00:00,2026-07-30,Conference League,AFC Ajax,Kasper Dolberg,Unknown,injured
2026-07-26T08:54:36+00:00,2026-07-30,Brasileirao Serie A,Bahia,Caio Alexandre,Thigh Injury,injured
2026-07-26T08:54:36+00:00,2026-07-30,Brasileirao Serie A,Bahia,Cristian Olivera,,doubtful
2026-07-26T08:54:36+00:00,2026-07-30,Brasileirao Serie A,Bahia,Iago Borduchi,Thigh Injury,doubtful
2026-07-26T08:54:36+00:00,2026-07-30,Brasileirao Serie A,Bahia,Léo Vieira,Knee Surgery,injured
2026-07-26T08:54:36+00:00,2026-07-30,Brasileirao Serie A,Bahia,Marco Moreno,Physical Discomfort,injured
2026-07-26T08:54:36+00:00,2026-07-30,Brasileirao Serie A,Bahia,Ruan Pablo,Sprained Ankle,injured
2026-07-26T08:54:36+00:00,2026-07-30,Brasileirao Serie A,Bahia,Santiago Ramos Mingo,Hip Injury,doubtful
2026-07-26T08:54:36+00:00,2026-07-30,Conference League,Beitar Jerusalem,Luka Gadrani,Shin Injury,doubtful
2026-07-26T08:54:36+00:00,2026-07-30,Conference League,Beitar Jerusalem,Yarden Shua,Virus,doubtful
2026-07-26T08:54:36+00:00,2026-07-30,Copa Sudamericana,CA Lanús,Marcelino Moreno,Foot Injury,injured
2026-07-26T08:54:36+00:00,2026-07-30,Copa Sudamericana,CA Lanús,Walter Bou,Muscle Injury,injured
2026-07-26T08:54:36+00:00,2026-07-30,Copa Sudamericana,Cienciano,Neri Bandiera,Muscle Injury,doubtful
2026-07-26T08:54:36+00:00,2026-07-30,Copa Sudamericana,Club Sporting Cristal,Leandro Sosa,Muscle Injury,doubtful
2026-07-26T08:54:36+00:00,2026-07-30,Copa Sudamericana,Club Sporting Cristal,Renato Solís,Cruciate Ligament Injury,injured
2026-07-26T08:54:36+00:00,2026-07-30,Conference League,ETO FC Győr,Ahmed Nadhir Benbouali,,injured
2026-07-26T08:54:36+00:00,2026-07-30,Europa League,FC Midtjylland,Júnior Brumado,Knee Injury,injured
2026-07-26T08:54:36+00:00,2026-07-30,Europa League,FC Midtjylland,Mads Bech Sørensen,Unknown,injured
2026-07-26T08:54:36+00:00,2026-07-30,Europa League,FC Midtjylland,Mikel Gogorza,Hip Injury,injured
2026-07-26T08:54:36+00:00,2026-07-30,Europa League,FC Midtjylland,Ousmane Diao,Unknown,injured
2026-07-26T08:54:36+00:00,2026-07-30,Conference League,FC Sion,Kreshnik Hajrizi,Muscle Injury,injured
2026-07-26T08:54:36+00:00,2026-07-30,Europa League,FC St. Gallen 1879,Lukas Watkowiak,red_card_suspension,suspended
2026-07-26T08:54:36+00:00,2026-07-30,Brasileirao Serie A,Flamengo,Giorgian de Arrascaeta,Calf Injury,injured
2026-07-26T08:54:36+00:00,2026-07-30,Brasileirao Serie A,Flamengo,Gonzalo Plata,Bruised Knee,injured
2026-07-26T08:54:36+00:00,2026-07-30,Brasileirao Serie A,Flamengo,Jorge Carrascal,red_card_suspension,suspended
2026-07-26T08:54:36+00:00,2026-07-30,Brasileirao Serie A,Flamengo,Lucas Paquetá,Hamstring Injury,injured
2026-07-26T08:54:36+00:00,2026-07-30,Brasileirao Serie A,Flamengo,Luiz Araújo,Knee Injury,injured
2026-07-26T08:54:36+00:00,2026-07-30,Brasileirao Serie A,Fluminense,Jemmes,Thigh Injury,injured
2026-07-26T08:54:36+00:00,2026-07-30,Brasileirao Serie A,Fluminense,John Kennedy,red_card_suspension,suspended
2026-07-26T08:54:36+00:00,2026-07-30,Brasileirao Serie A,Fluminense,Julián Millán,Thigh Injury,injured
2026-07-26T08:54:36+00:00,2026-07-30,Brasileirao Serie A,Fluminense,Matheus Reis,,injured
2026-07-26T08:54:36+00:00,2026-07-30,Conference League,GAIS,Jonas Lindberg,Concussion,injured
2026-07-26T08:54:36+00:00,2026-07-30,Conference League,GAIS,Kees Sims,Sprained Foot,injured
2026-07-26T08:54:36+00:00,2026-07-30,Conference League,GAIS,Rasmus Niklasson,Concussion,injured
2026-07-26T08:54:36+00:00,2026-07-30,Conference League,GKS Katowice,Damian Rasak,Knee Injury,injured
2026-07-26T08:54:36+00:00,2026-07-30,Conference League,GKS Katowice,Rafał Strączek,Shoulder Injury,injured
2026-07-26T08:54:36+00:00,2026-07-30,Europa League,HNK Hajduk Split,Niko Sigur,,injured
2026-07-26T08:54:36+00:00,2026-07-30,Europa League,Hammarby IF,Amin Boudri,Leg Injury,injured
2026-07-26T08:54:36+00:00,2026-07-30,Europa League,Hammarby IF,Sourou Koné,Knee Injury,injured
2026-07-26T08:54:36+00:00,2026-07-30,Conference League,HŠK Zrinjski Mostar,Goran Karačić,,doubtful
2026-07-26T08:54:36+00:00,2026-07-30,Conference League,IFK Göteborg,Arbnor Mucolli,Cruciate Ligament Injury,injured
2026-07-26T08:54:36+00:00,2026-07-30,Conference League,IFK Göteborg,Filip Ottosson,Unknown,doubtful
2026-07-26T08:54:36+00:00,2026-07-30,Conference League,IFK Göteborg,Jonathan Rasheed,Broken Ankle,injured
2026-07-26T08:54:36+00:00,2026-07-30,Conference League,IFK Göteborg,Saidou Alioum Moubarak,Ankle Injury,injured
2026-07-26T08:54:36+00:00,2026-07-30,Copa Sudamericana,Independiente Medellín,Yony González,yellow_or_red_card_suspension,suspended
2026-07-26T08:54:36+00:00,2026-07-30,Brasileirao Serie A,Internacional,Benjamin Arhin,Thigh Injury,injured
2026-07-26T08:54:36+00:00,2026-07-30,Brasileirao Serie A,Internacional,Sergio Rochet,Back Injury,doubtful
2026-07-26T08:54:36+00:00,2026-07-30,Brasileirao Serie A,Internacional,Thiago Maia,Thigh Injury,injured
2026-07-26T08:54:36+00:00,2026-07-30,Brasileirao Serie A,Internacional,Victor Gabriel,red_card_suspension,suspended
2026-07-26T08:54:36+00:00,2026-07-30,Conference League,KAA Gent,Matisse Samoise,Anterior Cruciate Ligament,injured
2026-07-26T08:54:36+00:00,2026-07-30,Brasileirao Serie A,Mirassol,Alex Muralha,Calf Injury,injured
2026-07-26T08:54:36+00:00,2026-07-30,Brasileirao Serie A,Mirassol,Igor Formiga,Thigh Injury,injured
2026-07-26T08:54:36+00:00,2026-07-30,Brasileirao Serie A,Mirassol,Neto Moura,Hamstring Injury,doubtful
2026-07-26T08:54:36+00:00,2026-07-30,Brasileirao Serie A,Palmeiras,Agustín Giay,Sprained Ankle,doubtful
2026-07-26T08:54:36+00:00,2026-07-30,Brasileirao Serie A,Palmeiras,Alexander Barboza,yellow_card_accumulation_suspension,suspended
2026-07-26T08:54:36+00:00,2026-07-30,Brasileirao Serie A,Palmeiras,Allan,red_card_suspension,suspended
2026-07-26T08:54:36+00:00,2026-07-30,Brasileirao Serie A,Palmeiras,Felipe Anderson,Thigh Injury,injured
2026-07-26T08:54:36+00:00,2026-07-30,Brasileirao Serie A,Palmeiras,Jefté,Meniscus Injury,injured
2026-07-26T08:54:36+00:00,2026-07-30,Brasileirao Serie A,Palmeiras,José Manuel López,rested,injured
2026-07-26T08:54:36+00:00,2026-07-30,Brasileirao Serie A,Palmeiras,Khellven,yellow_card_accumulation_suspension,suspended
2026-07-26T08:54:36+00:00,2026-07-30,Brasileirao Serie A,Palmeiras,Ramón Sosa,yellow_card_accumulation_suspension,suspended
2026-07-26T08:54:36+00:00,2026-07-30,Conference League,Panathinaikos FC,Erik Palmer Brown,,injured
2026-07-26T08:54:36+00:00,2026-07-30,Conference League,Panathinaikos FC,Georgios Katris,,injured
2026-07-26T08:54:36+00:00,2026-07-30,Conference League,Panathinaikos FC,Georgios Kyriopoulos,,injured
2026-07-26T08:54:36+00:00,2026-07-30,Conference League,Panathinaikos FC,Moussa Sissoko,,injured
2026-07-20T17:31:33+00:00,2026-07-30,Europa League,RSC Anderlecht,Cedric Hatenboer,Shoulder Injury,injured
2026-07-26T08:54:36+00:00,2026-07-30,Copa Sudamericana,Red Bull Bragantino,Agustin Sant Anna,red_card_suspension,suspended
2026-07-26T08:54:36+00:00,2026-07-30,Copa Sudamericana,Red Bull Bragantino,Fabinho,red_card_suspension,suspended
2026-07-26T08:54:36+00:00,2026-07-30,Copa Sudamericana,Red Bull Bragantino,Fabrício,Ankle Injury,injured
2026-07-26T08:54:36+00:00,2026-07-30,Copa Sudamericana,Red Bull Bragantino,Gabriel Girotto,Calf Injury,injured
2026-07-26T08:54:36+00:00,2026-07-30,Copa Sudamericana,Red Bull Bragantino,Vanderlan,Knee Injury,injured
2026-07-26T08:54:36+00:00,2026-07-30,Brasileirao Serie A,Remo,Duplexe Tchamba,Muscle Injury,injured
2026-07-26T08:54:36+00:00,2026-07-30,Brasileirao Serie A,Remo,Eduardo Melo,Thigh Injury,injured
2026-07-26T08:54:36+00:00,2026-07-30,Brasileirao Serie A,Remo,Gabriel Taliari,Thigh Injury,injured
2026-07-26T08:54:36+00:00,2026-07-30,Brasileirao Serie A,Remo,João Lucas,Meniscus Injury,injured
2026-07-26T08:54:36+00:00,2026-07-30,Brasileirao Serie A,Remo,Marcelo Rangel,Medial Collateral Ligament Injury,injured
2026-07-26T08:54:36+00:00,2026-07-30,Brasileirao Serie A,Remo,Marllon,yellow_card_accumulation_suspension,suspended
2026-07-26T08:54:36+00:00,2026-07-30,Conference League,SK Brann,Eggert Aron Guðmundsson,Knee Surgery,injured
2026-07-26T08:54:36+00:00,2026-07-30,Conference League,SK Brann,Sakarias Opsahl,Foot Injury,injured
2026-07-26T08:54:36+00:00,2026-07-30,Conference League,Sporting Braga,Bright Arrey-Mbi,Unknown,injured
2026-07-26T08:54:36+00:00,2026-07-30,Conference League,Sporting Braga,Gabriel Martínez,,injured
2026-07-26T08:54:36+00:00,2026-07-30,Conference League,Sporting Braga,Ricardo Horta,Unknown,injured
2026-07-26T08:54:36+00:00,2026-07-30,Europa League,Tromsø IL,Casper Öyvann,Unknown,injured
2026-07-20T17:31:33+00:00,2026-07-30,Europa League,Tromsø IL,Jesper Andreas Grundt,Foot Injury,injured
2026-07-26T08:54:36+00:00,2026-07-30,Europa League,Tromsø IL,Viktor Ekblom,Groin Injury,injured
2026-07-26T08:54:36+00:00,2026-07-30,Copa Sudamericana,Vasco da Gama,Alan Saldivia,Calf Injury,injured
2026-07-26T08:54:36+00:00,2026-07-30,Copa Sudamericana,Vasco da Gama,Jair,Cruciate Ligament Injury,injured
2026-07-26T08:54:36+00:00,2026-07-30,Brasileirao Serie A,Vitória,Anderson Pato,Knee Surgery,injured
2026-07-26T08:54:36+00:00,2026-07-30,Brasileirao Serie A,Vitória,Camutanga,,injured
2026-07-26T08:54:36+00:00,2026-07-30,Brasileirao Serie A,Vitória,Dudu,,injured
2026-07-26T08:54:36+00:00,2026-07-30,Brasileirao Serie A,Vitória,Edu,,injured
2026-07-26T08:54:36+00:00,2026-07-30,Brasileirao Serie A,Vitória,Emmanuel Martínez,yellow_card_accumulation_suspension,suspended
2026-07-26T08:54:36+00:00,2026-07-30,Brasileirao Serie A,Vitória,Mateusinho,Muscle Injury,injured
2026-07-26T08:54:36+00:00,2026-07-30,Brasileirao Serie A,Vitória,Nathan Mendes,Cruciate Ligament Injury,injured
2026-07-26T08:54:36+00:00,2026-07-30,Brasileirao Serie A,Vitória,Riccieli,Calf Injury,injured
2026-07-26T08:54:36+00:00,2026-07-30,Brasileirao Serie A,Vitória,Rúben Ramos Ismael,Knee Surgery,injured
2026-07-26T08:54:36+00:00,2026-07-30,Brasileirao Serie A,Vitória,Wellington Rato,ACL Knee Injury,doubtful
2026-07-26T08:54:36+00:00,2026-07-30,Brasileirao Serie A,Vitória,Zé Vitor,Knee Injury,doubtful
2026-07-26T08:54:36+00:00,2026-07-31,Brasileirao Serie A,Athletico,Arthur Dias,yellow_card_accumulation_suspension,suspended
2026-07-26T08:54:36+00:00,2026-07-31,Brasileirao Serie A,Athletico,Mycael,Leg Injury,injured
2026-07-26T08:54:36+00:00,2026-07-31,Copa Sudamericana,Boca Juniors,Adam Bareiro,Muscle Injury,injured
2026-07-26T08:54:36+00:00,2026-07-31,Copa Sudamericana,Boca Juniors,Carlos Palacios,Muscle Injury,injured
2026-07-26T08:54:36+00:00,2026-07-31,Copa Sudamericana,Boca Juniors,Leandro Lozano,Muscle Injury,injured
2026-07-26T08:54:36+00:00,2026-07-31,Copa Sudamericana,Boca Juniors,Milton Giménez,Muscle Injury,injured
2026-07-26T08:54:36+00:00,2026-07-31,Copa Sudamericana,Boca Juniors,Rodrigo Battaglia,Achilles Tendon Injury,injured
2026-07-26T08:54:36+00:00,2026-07-31,Copa Sudamericana,Boca Juniors,Tomás Belmonte,Sprained Ankle,injured
2026-07-26T08:54:36+00:00,2026-07-31,Eliteserien,Bodø/Glimt,August Mikkelsen,Knock Injury,injured
2026-07-26T08:54:36+00:00,2026-07-31,Eliteserien,Bodø/Glimt,Daniel Bassi,Hamstring Injury,injured
2026-07-22T20:44:13+00:00,2026-07-31,Eliteserien,Bodø/Glimt,Magnus Riisnæs,Knock Injury,injured
2026-07-26T08:54:36+00:00,2026-07-31,Brasileirao Serie A,Corinthians,Alex Santana,Thigh Injury,injured
2026-07-26T08:54:36+00:00,2026-07-31,Brasileirao Serie A,Corinthians,Hugo,Meniscus Injury,injured
2026-07-26T08:54:36+00:00,2026-07-31,Brasileirao Serie A,Corinthians,Matheus Bidu,Thigh Injury,injured
2026-07-26T08:54:36+00:00,2026-07-31,Brasileirao Serie A,Corinthians,Raniele,Bruised Knee,injured
2026-07-26T08:54:36+00:00,2026-07-31,Brasileirao Serie A,Coritiba,Keno,Knee Injury,injured
2026-07-26T08:54:36+00:00,2026-07-31,Brasileirao Serie A,Coritiba,Maicon,Thigh Injury,injured
2026-07-26T08:54:36+00:00,2026-07-31,Brasileirao Serie A,Coritiba,Pedro Morisco,Dislocated Shoulder,injured
2026-07-26T08:54:36+00:00,2026-07-31,Brasileirao Serie A,Coritiba,Rodrigo Rodrigues,Knee Surgery,injured
2026-07-26T08:54:36+00:00,2026-07-31,Brasileirao Serie A,Coritiba,Sebastian Gomez,Concussion,injured
2026-07-26T08:54:36+00:00,2026-07-31,Brasileirao Serie A,Coritiba,Tinga,Calf Injury,injured
2026-07-26T08:54:36+00:00,2026-07-31,Brasileirao Serie A,Cruzeiro,Cássio,,injured
2026-07-26T08:54:36+00:00,2026-07-31,Brasileirao Serie A,Cruzeiro,Gabriel Pec,Broken Leg,injured
2026-07-26T08:54:36+00:00,2026-07-31,Brasileirao Serie A,Cruzeiro,Gerson,yellow_card_accumulation_suspension,suspended
2026-07-26T08:54:36+00:00,2026-07-31,Brasileirao Serie A,Cruzeiro,Kauã Prates,Thigh Injury,injured
2026-07-26T08:54:36+00:00,2026-07-31,Brasileirao Serie A,Cruzeiro,Keny Arroyo,Thigh Injury,injured
2026-07-26T08:54:36+00:00,2026-07-31,Brasileirao Serie A,Cruzeiro,Matheus Pereira,yellow_card_accumulation_suspension,suspended
2026-07-26T08:54:36+00:00,2026-07-31,Romanian Superliga,FC Dinamo București,Alaa Bellaarouch,,doubtful
2026-07-26T08:54:36+00:00,2026-07-31,Romanian Superliga,FC Dinamo București,Darío Benavides,Unknown,injured
2026-07-26T08:54:36+00:00,2026-07-31,Copa Sudamericana,Grêmio,Francis Amuzu,Concussion,injured
2026-07-26T08:54:36+00:00,2026-07-31,Copa Sudamericana,Grêmio,João Pedro,Thigh Injury,injured
2026-07-26T08:54:36+00:00,2026-07-31,Copa Sudamericana,Grêmio,Leonel Pérez,yellow_card_accumulation_suspension,suspended
2026-07-26T08:54:36+00:00,2026-07-31,Copa Sudamericana,Grêmio,Marlon,Ankle Injury,injured
2026-07-26T08:54:36+00:00,2026-07-31,Categoria Primera A,Llaneros FC,Kevin Rincón,Broken Foot,injured
2026-07-26T08:54:36+00:00,2026-07-31,Eliteserien,Vålerenga IF,Odin Thiago Holm,Hamstring Injury,injured
2026-07-26T08:54:36+00:00,2026-07-31,Eliteserien,Vålerenga IF,Omar Bully Drammeh,Achilles Tendon Injury,injured
2026-07-26T08:54:36+00:00,2026-07-31,Ekstraklasa,Widzew Łódź,Lukas Lerager,Cruciate Ligament Injury,injured
2026-07-26T08:54:36+00:00,2026-07-31,Ekstraklasa,Widzew Łódź,Szymon Czyż,Cruciate Ligament Injury,injured
2026-07-26T08:54:36+00:00,2026-08-01,Danish Superliga,AGF,Janni Serra,fa_charge_of_improper_conduct,injured
2026-07-26T08:54:36+00:00,2026-08-01,Danish Superliga,AGF,Kevin Yakob,Unknown,injured
2026-07-26T08:54:36+00:00,2026-08-01,Danish Superliga,AGF,Luka Callø,Unknown,injured
2026-07-26T08:54:36+00:00,2026-08-01,Danish Superliga,AGF,Markus Solbakken,Unknown,injured
2026-07-26T08:54:36+00:00,2026-08-01,Danish Superliga,AGF,Nicolai Poulsen,Unknown,injured
2026-07-26T08:54:36+00:00,2026-08-01,Liga MX Apertura,Atlético San Luis,Jesús Medina,Knee Injury,injured
2026-07-26T08:54:36+00:00,2026-08-01,Liga MX Apertura,Atlético San Luis,João Pedro Galvão,Cruciate Ligament Injury,injured
2026-07-26T08:54:36+00:00,2026-08-01,Allsvenskan,BK Häcken,Ben Engdahl,Unknown,injured
2026-07-26T08:54:36+00:00,2026-08-01,Allsvenskan,BK Häcken,Filip Ohman,Shoulder Injury,injured
2026-07-22T20:44:13+00:00,2026-08-01,Swiss Super League,Basel,Evann Senaya,Ankle Injury,injured
2026-07-22T20:44:13+00:00,2026-08-01,Swiss Super League,Basel,Marwin Hitz,Foot Injury,injured
2026-07-26T08:54:36+00:00,2026-08-01,Liga MX Apertura,CD Guadalajara,Efrain Alvarez,Illness,doubtful
2026-07-26T08:54:36+00:00,2026-08-01,Liga MX Apertura,CD Guadalajara,Leonardo Sepulveda,Ankle Injury,doubtful
2026-07-26T08:54:36+00:00,2026-08-01,Liga MX Apertura,CD Guadalajara,Ángel Sepúlveda,red_card_suspension,suspended
2026-07-26T08:54:36+00:00,2026-08-01,Liga MX Apertura,FC Juárez,Lucas Romero,Cruciate Ligament Injury,injured
2026-07-26T08:54:36+00:00,2026-08-01,Swiss Super League,FC Thun,Marco Bürki,red_card_suspension,suspended
2026-07-26T08:54:36+00:00,2026-08-01,Eliteserien,Fredrikstad FK,Sondre Sørløkk,Foot Injury,injured
2026-07-22T20:44:13+00:00,2026-08-01,Ekstraklasa,Górnik Zabrze,Jarosław Kubicki,Broken Hand,injured
2026-07-26T08:54:36+00:00,2026-08-01,Eliteserien,IK Start,Johan Meyer,Groin Injury,injured
2026-07-26T08:54:36+00:00,2026-08-01,Eliteserien,IK Start,Kristoffer Tønnessen,Leg Injury,injured
2026-07-26T08:54:36+00:00,2026-08-01,Allsvenskan,Kalmar FF,Malcolm Stolt,Thigh Injury,injured
2026-07-26T08:54:36+00:00,2026-08-01,Ekstraklasa,Lech Poznań,Ali Gholizadeh,Cruciate Ligament Injury,injured
2026-07-26T08:54:36+00:00,2026-08-01,Ekstraklasa,Lech Poznań,Kamil Jakóbczyk,Ankle Injury,injured
2026-07-26T08:54:36+00:00,2026-08-01,MLS,New York City FC,Aiden O'Neill,Leg Injury,injured
2026-07-26T08:54:36+00:00,2026-08-01,MLS,New York City FC,Alonso Martínez,Leg Injury,injured
2026-07-26T08:54:36+00:00,2026-08-01,MLS,New York City FC,Andrew Baiera,Leg Injury,injured
2026-07-26T08:54:36+00:00,2026-08-01,MLS,New York City FC,Kai Trewin,Leg Injury,injured
2026-07-26T08:54:36+00:00,2026-08-01,MLS,New York City FC,Keaton Parks,Leg Injury,injured
2026-07-26T08:54:36+00:00,2026-08-01,MLS,New York City FC,Kevin O'Toole,Leg Injury,injured
2026-07-26T08:54:36+00:00,2026-08-01,MLS,New York City FC,Mac Learned,Leg Injury,injured
2026-07-26T08:54:36+00:00,2026-08-01,MLS,New York City FC,Maxi Moralez,Leg Injury,injured
2026-07-26T08:54:36+00:00,2026-08-01,MLS,New York City FC,Raul Gustavo,Leg Injury,injured
2026-07-26T08:54:36+00:00,2026-08-01,Swiss Super League,Servette FC,Edvinas Gertmonas,Knock Injury,injured
2026-07-26T08:54:36+00:00,2026-08-01,Swiss Super League,Servette FC,Jeremy Frick,Back Injury,injured
2026-07-26T08:54:36+00:00,2026-08-01,Swiss Super League,Servette FC,Junior Kadile,Muscle Injury,injured
2026-07-22T20:44:13+00:00,2026-08-01,Swiss Super League,Servette FC,Miroslav Stevanović,Unknown,injured
2026-07-26T08:54:36+00:00,2026-08-01,MLS,Toronto FC,Lazar Stefanovic,Foot Injury,injured
2026-07-26T08:54:36+00:00,2026-08-01,MLS,Toronto FC,Markus Cimermancic,Thigh Injury,injured
2026-07-26T08:54:36+00:00,2026-08-01,MLS,Toronto FC,Matheus Pereira,Groin Injury,injured
2026-07-26T08:54:36+00:00,2026-08-01,MLS,Toronto FC,Nelson Palacio,Muscle Injury,injured
2026-07-26T08:54:36+00:00,2026-08-01,MLS,Toronto FC,Nickseon Gomis,Muscle Injury,injured
2026-07-22T20:44:13+00:00,2026-08-01,Eliteserien,Viking FK,Gianni Stensness,national_team,injured
2026-07-26T08:54:36+00:00,2026-08-01,Eliteserien,Viking FK,Henrik Heggheim,yellow_card_accumulation_suspension,suspended
2026-07-26T08:54:36+00:00,2026-08-01,Eliteserien,Viking FK,Henrik Sælebakke Falchener,Thigh Injury,injured
2026-07-26T08:54:36+00:00,2026-08-01,Eliteserien,Viking FK,Martin Ove Roseth,Knee Injury,injured
2026-07-26T08:54:36+00:00,2026-08-01,Eliteserien,Viking FK,Romano Postema,Knock Injury,injured
2026-07-26T08:54:36+00:00,2026-08-01,Eliteserien,Viking FK,Veton Berisha,Knock Injury,injured
2026-07-26T08:54:36+00:00,2026-08-01,Eliteserien,Viking FK,Zlatko Tripić,yellow_card_accumulation_suspension,suspended
2026-07-26T08:54:36+00:00,2026-08-01,Ekstraklasa,Wieczysta Kraków,Mikkel Maigaard,yellow_or_red_card_suspension,suspended
2026-07-26T08:54:36+00:00,2026-08-02,Allsvenskan,AIK,Andreas Redkin,Cruciate Ligament Injury,injured
2026-07-26T08:54:36+00:00,2026-08-02,Allsvenskan,AIK,Eskil Edh,Unknown,injured
2026-07-26T08:54:36+00:00,2026-08-02,Allsvenskan,AIK,Ibrahim Cissé,Ankle Injury,injured
2026-07-26T08:54:36+00:00,2026-08-02,Allsvenskan,AIK,Martin Ellingsen,Achilles Tendon Injury,injured
2026-07-26T08:54:36+00:00,2026-08-02,Allsvenskan,AIK,Stanley Wilson,Unknown,injured
2026-07-26T08:54:36+00:00,2026-08-02,Eliteserien,Aalesunds FK,Aleksander Kjelsen,Thigh Injury,injured
2026-07-26T08:54:36+00:00,2026-08-02,Eliteserien,Aalesunds FK,Davíð Snær Jóhannsson,Hamstring Injury,injured
2026-07-22T20:44:13+00:00,2026-08-02,Eliteserien,Aalesunds FK,Ivan Djantou,Illness,injured
2026-07-26T08:54:36+00:00,2026-08-02,Eliteserien,Aalesunds FK,Marcus Haagensen Reed,Unknown,injured
2026-07-26T08:54:36+00:00,2026-08-02,Eliteserien,Aalesunds FK,Mathias Kristensen,Calf Injury,injured
2026-07-26T08:54:36+00:00,2026-08-02,Eliteserien,Aalesunds FK,Paul Ngongo Iversen,Thigh Injury,injured
2026-07-26T08:54:36+00:00,2026-08-02,MLS,Atlanta United,Ajani Fortune,Hamstring Injury,injured
2026-07-26T08:54:36+00:00,2026-08-02,MLS,Atlanta United,Matthew Edwards,Hamstring Injury,injured
2026-07-26T08:54:36+00:00,2026-08-02,MLS,Atlanta United,Pedro Amador,Achilles Tendon Injury,injured
2026-07-26T08:54:36+00:00,2026-08-02,MLS,Atlanta United,Sergio Santos,Calf Injury,injured
2026-07-26T08:54:36+00:00,2026-08-02,Liga MX Apertura,Atlante FC,Hardy Meza,Broken Knee Cap,injured
2026-07-26T08:54:36+00:00,2026-08-02,MLS,Austin FC,Jonathan Bell,Knock Injury,injured
2026-07-26T08:54:36+00:00,2026-08-02,MLS,Austin FC,Mikkel Desler,Achilles Tendon Injury,injured
2026-07-26T08:54:36+00:00,2026-08-02,Danish Superliga,Brøndby IF,Jacob Ambaek,Unknown,injured
2026-07-26T08:54:36+00:00,2026-08-02,Liga MX Apertura,CF Monterrey,Esteban Andrada,red_card_suspension,suspended
2026-07-26T08:54:36+00:00,2026-08-02,MLS,CF Montréal,Bode Hidalgo,Muscle Injury,injured
2026-07-26T08:54:36+00:00,2026-08-02,MLS,CF Montréal,Josh Nteziryayo,Knock Injury,injured
2026-07-26T08:54:36+00:00,2026-08-02,MLS,CF Montréal,Thomas Gillier,Concussion,injured
2026-07-26T08:54:36+00:00,2026-08-02,MLS,CF Montréal,Wikelman Carmona,Knee Injury,injured
2026-07-26T08:54:36+00:00,2026-08-02,MLS,Charlotte FC,Aron John,Knock Injury,injured
2026-07-26T08:54:36+00:00,2026-08-02,MLS,Chicago Fire,André Franco,Cruciate Ligament Injury,injured
2026-07-26T08:54:36+00:00,2026-08-02,MLS,Chicago Fire,Mbekezeli Mbokazi,Knock Injury,injured
2026-07-26T08:54:36+00:00,2026-08-02,MLS,Colorado Rapids,Jackson Travis,Ankle Injury,injured
2026-07-26T08:54:36+00:00,2026-08-02,MLS,Colorado Rapids,Mamadou Billo Diop,Knee Injury,injured
2026-07-26T08:54:36+00:00,2026-08-02,MLS,Colorado Rapids,Theodore Ku-DiPietro,Shoulder Injury,injured
2026-07-26T08:54:36+00:00,2026-08-02,MLS,Colorado Rapids,Zack Steffen,Shoulder Injury,injured
2026-07-26T08:54:36+00:00,2026-08-02,MLS,Columbus Crew,André Gomes,Thigh Injury,injured
2026-07-26T08:54:36+00:00,2026-08-02,MLS,Columbus Crew,Brooks Lennon,Groin Injury,injured
2026-07-26T08:54:36+00:00,2026-08-02,MLS,Columbus Crew,Wessam Abou Ali,ACL Knee Injury,injured
2026-07-26T08:54:36+00:00,2026-08-02,Liga MX Apertura,Cruz Azul,Amaury Morales,Knee Injury,injured
2026-07-26T08:54:36+00:00,2026-08-02,MLS,DC United,Gabriel Segal,Knock Injury,injured
2026-07-26T08:54:36+00:00,2026-08-02,Allsvenskan,Degerfors IF,Daniel Sundgren,Heel Injury,injured
2026-07-26T08:54:36+00:00,2026-08-02,Allsvenskan,Degerfors IF,Juhani Pikkarainen,Cruciate Ligament Injury,injured
2026-07-26T08:54:36+00:00,2026-08-02,Allsvenskan,Degerfors IF,Ziyad Salifu,Unknown,injured
2026-07-26T08:54:36+00:00,2026-08-02,Categoria Primera A,Deportes Tolima,Anderson Angulo,yellow_or_red_card_suspension,suspended
2026-07-26T08:54:36+00:00,2026-08-02,MLS,FC Dallas,Kaka Scabin,Knee Injury,injured
2026-07-26T08:54:36+00:00,2026-08-02,MLS,FC Dallas,Ramiro,Knock Injury,injured
2026-07-26T08:54:36+00:00,2026-08-02,Danish Superliga,FC København,Dominik Sarapata,Shoulder Injury,injured
2026-07-26T08:54:36+00:00,2026-08-02,Danish Superliga,FC København,Hunor Németh,Unknown,injured
2026-07-22T20:44:13+00:00,2026-08-02,Swiss Super League,FC Lugano,Daniel Dos Santos,Unknown,injured
2026-07-22T20:44:13+00:00,2026-08-02,Swiss Super League,FC Lugano,Martim Marques,Knee Injury,injured
2026-07-26T08:54:36+00:00,2026-08-02,Swiss Super League,FC Luzern,Bung Meng Freimann,red_card_suspension,suspended
2026-07-26T08:54:36+00:00,2026-08-02,Danish Superliga,FC Midtjylland,Júnior Brumado,Knee Injury,injured
2026-07-26T08:54:36+00:00,2026-08-02,Danish Superliga,FC Midtjylland,Mads Bech Sørensen,Unknown,injured
2026-07-26T08:54:36+00:00,2026-08-02,Danish Superliga,FC Midtjylland,Mikel Gogorza,Hip Injury,injured
2026-07-26T08:54:36+00:00,2026-08-02,Danish Superliga,FC Midtjylland,Ousmane Diao,Unknown,injured
2026-07-26T08:54:36+00:00,2026-08-02,Swiss Super League,FC Sion,Kreshnik Hajrizi,Muscle Injury,injured
2026-07-26T08:54:36+00:00,2026-08-02,Swiss Super League,FC St. Gallen 1879,Lukas Watkowiak,red_card_suspension,suspended
2026-07-26T08:54:36+00:00,2026-08-02,Ekstraklasa,GKS Katowice,Damian Rasak,Knee Injury,injured
2026-07-26T08:54:36+00:00,2026-08-02,Ekstraklasa,GKS Katowice,Rafał Strączek,Shoulder Injury,injured
2026-07-26T08:54:36+00:00,2026-08-02,Swiss Super League,Grasshopper Club Zürich,Óscar Clemente,Broken Collarbone,injured
2026-07-26T08:54:36+00:00,2026-08-02,MLS,Houston Dynamo,Antônio Carlos,Knock Injury,injured
2026-07-26T08:54:36+00:00,2026-08-02,MLS,Houston Dynamo,Jimmy Maurer,Back Injury,injured
2026-07-26T08:54:36+00:00,2026-08-02,Allsvenskan,IF Brommapojkarna,Mads Hansen,red_card_suspension,suspended
2026-07-26T08:54:36+00:00,2026-08-02,Allsvenskan,IF Brommapojkarna,Oliver Berg,yellow_card_accumulation_suspension,suspended
2026-07-26T08:54:36+00:00,2026-08-02,Allsvenskan,IFK Göteborg,Arbnor Mucolli,Cruciate Ligament Injury,injured
2026-07-26T08:54:36+00:00,2026-08-02,Allsvenskan,IFK Göteborg,Filip Ottosson,Unknown,doubtful
2026-07-26T08:54:36+00:00,2026-08-02,Allsvenskan,IFK Göteborg,Jonathan Rasheed,Broken Ankle,injured
2026-07-26T08:54:36+00:00,2026-08-02,Allsvenskan,IFK Göteborg,Saidou Alioum Moubarak,Ankle Injury,injured
2026-07-26T08:54:36+00:00,2026-08-02,Categoria Primera A,Independiente Medellín,Yony González,yellow_or_red_card_suspension,suspended
2026-07-26T08:54:36+00:00,2026-08-02,MLS,Inter Miami CF,David Ayala,Muscle Injury,injured
2026-07-26T08:54:36+00:00,2026-08-02,MLS,Inter Miami CF,Gonzalo Luján,Calf Injury,injured
2026-07-26T08:54:36+00:00,2026-08-02,MLS,Inter Miami CF,Maximiliano Falcón,Calf Injury,injured
2026-07-26T08:54:36+00:00,2026-08-02,MLS,Inter Miami CF,Tadeo Allende,Knee Injury,injured
2026-07-26T08:54:36+00:00,2026-08-02,Categoria Primera A,Junior Barranquilla,Jesús Rivas,red_card_suspension,suspended
2026-07-26T08:54:36+00:00,2026-08-02,Eliteserien,KFUM Oslo,Ayoub Aleesami,Groin Injury,injured
2026-07-26T08:54:36+00:00,2026-08-02,Eliteserien,KFUM Oslo,Moussa Njie,Unknown,injured
2026-07-26T08:54:36+00:00,2026-08-02,Eliteserien,Kristiansund BK,David Tufekcic,Hamstring Injury,injured
2026-07-26T08:54:36+00:00,2026-08-02,Eliteserien,Kristiansund BK,Frederik Flex,Unknown,doubtful
2026-07-26T08:54:36+00:00,2026-08-02,Eliteserien,Kristiansund BK,Julius Mar Juliusson,yellow_or_red_card_suspension,suspended
2026-07-26T08:54:36+00:00,2026-08-02,MLS,LA Galaxy,Carlos Garcés,yellow_or_red_card_suspension,suspended
2026-07-26T08:54:36+00:00,2026-08-02,MLS,LA Galaxy,Erik Thommy,Foot Injury,injured
2026-07-26T08:54:36+00:00,2026-08-02,MLS,LA Galaxy,João Klauss,Foot Injury,injured
2026-07-26T08:54:36+00:00,2026-08-02,MLS,LA Galaxy,Riqui Puig,Knee Injury,injured
2026-07-26T08:54:36+00:00,2026-08-02,Ekstraklasa,Legia Warszawa,Antonio Čolak,Broken Cheekbone,injured
2026-07-26T08:54:36+00:00,2026-08-02,MLS,Los Angeles FC,Igor Jesus,ACL Knee Injury,injured
2026-07-26T08:54:36+00:00,2026-08-02,MLS,Los Angeles FC,Sergi Palencia,Leg Injury,injured
2026-07-26T08:54:36+00:00,2026-08-02,MLS,Los Angeles FC,Timothy Tillman,Leg Injury,doubtful
2026-07-26T08:54:36+00:00,2026-08-02,Allsvenskan,Malmö FF,Anders Christiansen,Leg Injury,injured
2026-07-26T08:54:36+00:00,2026-08-02,Allsvenskan,Malmö FF,Emmanuel Ekong,Knee Surgery,injured
2026-07-26T08:54:36+00:00,2026-08-02,Allsvenskan,Malmö FF,Kenan Busuladžić,yellow_card_accumulation_suspension,suspended
2026-07-26T08:54:36+00:00,2026-08-02,Allsvenskan,Malmö FF,Oscar Sjostrand,Cruciate Ligament Injury,injured
2026-07-26T08:54:36+00:00,2026-08-02,Allsvenskan,Malmö FF,Robin Olsen,Concussion,doubtful
2026-07-22T20:44:13+00:00,2026-08-02,Allsvenskan,Malmö FF,Yanis Karabelyov,Unknown,injured
2026-07-26T08:54:36+00:00,2026-08-02,Categoria Primera A,Millonarios,Radamel Falcao,Broken Jaw,injured
2026-07-26T08:54:36+00:00,2026-08-02,MLS,Minnesota United,Julian Gressel,Toe Injury,injured
2026-07-26T08:54:36+00:00,2026-08-02,Eliteserien,Molde FK,Mads Juhl Kikkenborg,Achilles Tendon Injury,injured
2026-07-26T08:54:36+00:00,2026-08-02,Eliteserien,Molde FK,Vebjørn Hoff,Knee Injury,injured
2026-07-26T08:54:36+00:00,2026-08-02,MLS,Nashville SC,Christopher Applewhite,Leg Injury,injured
2026-07-26T08:54:36+00:00,2026-08-02,MLS,Nashville SC,Cristian Espinoza,Knock Injury,injured
2026-07-26T08:54:36+00:00,2026-08-02,MLS,Nashville SC,Patrick Yazbek,Muscle Injury,injured
2026-07-26T08:54:36+00:00,2026-08-02,MLS,Nashville SC,Reed Baker-Whiting,Muscle Injury,injured
2026-07-26T08:54:36+00:00,2026-08-02,MLS,Nashville SC,Warren Madrigal,Knock Injury,injured
2026-07-26T08:54:36+00:00,2026-08-02,MLS,New England Revolution,Andrew Farrell,Muscle Injury,injured
2026-07-26T08:54:36+00:00,2026-08-02,MLS,New England Revolution,Ilay Feingold,Knock Injury,injured
2026-07-26T08:54:36+00:00,2026-08-02,MLS,New England Revolution,Leonardo Campana,Hamstring,injured
2026-07-26T08:54:36+00:00,2026-08-02,MLS,New York Red Bulls,AJ Marcucci,ACL Knee Injury,injured
2026-07-26T08:54:36+00:00,2026-08-02,MLS,New York Red Bulls,Rafael Mosquera,Thigh Injury,injured
2026-07-26T08:54:36+00:00,2026-08-02,MLS,Orlando City SC,Braian Ojeda,Thigh Injury,injured
2026-07-26T08:54:36+00:00,2026-08-02,MLS,Orlando City SC,Joran Gerbet,ACL Knee Injury,injured
2026-07-26T08:54:36+00:00,2026-08-02,MLS,Orlando City SC,Nolan Miller,Knee Injury,injured
2026-07-26T08:54:36+00:00,2026-08-02,MLS,Philadelphia Union,Quinn Sullivan,ACL Knee Injury,injured
2026-07-26T08:54:36+00:00,2026-08-02,MLS,Philadelphia Union,Stas Kornzeniowski,Knee Injury,injured
2026-07-26T08:54:36+00:00,2026-08-02,MLS,Portland Timbers,Gage Guerra,Muscle Injury,injured
2026-07-26T08:54:36+00:00,2026-08-02,MLS,Portland Timbers,Juan Mosquera,Foot Injury,injured
2026-07-26T08:54:36+00:00,2026-08-02,MLS,Portland Timbers,Omir Fernandez,Foot Injury,injured
2026-07-26T08:54:36+00:00,2026-08-02,MLS,Real Salt Lake,Aiden  Hezarkhani,Toe Injury,injured
2026-07-26T08:54:36+00:00,2026-08-02,MLS,Real Salt Lake,Ariath Piol,Achilles Strain,injured
2026-07-26T08:54:36+00:00,2026-08-02,MLS,Real Salt Lake,Emeka Eneli,Knee Injury,injured
2026-07-26T08:54:36+00:00,2026-08-02,MLS,Real Salt Lake,Justen Glad,Muscle Injury,injured
2026-07-26T08:54:36+00:00,2026-08-02,Eliteserien,Rosenborg BK,Dino Islamović,Calf Injury,injured
2026-07-26T08:54:36+00:00,2026-08-02,Eliteserien,Rosenborg BK,Simen Nordli,Thigh Injury,injured
2026-07-26T08:54:36+00:00,2026-08-02,Eliteserien,SK Brann,Eggert Aron Guðmundsson,Knee Surgery,injured
2026-07-26T08:54:36+00:00,2026-08-02,Eliteserien,SK Brann,Sakarias Opsahl,Foot Injury,injured
2026-07-26T08:54:36+00:00,2026-08-02,MLS,San Diego FC,Amahl Pellegrino,Muscle Injury,injured
2026-07-26T08:54:36+00:00,2026-08-02,MLS,San Jose Earthquakes,DeJuan Jones,Achilles Tendon Rupture,injured
2026-07-26T08:54:36+00:00,2026-08-02,MLS,San Jose Earthquakes,Earl Edwards Jr,Muscle Injury,injured
2026-07-26T08:54:36+00:00,2026-08-02,MLS,San Jose Earthquakes,Niko Tsakiris,Muscle Injury,injured
2026-07-26T08:54:36+00:00,2026-08-02,MLS,San Jose Earthquakes,Nonso Adimabua,Muscle Injury,injured
2026-07-26T08:54:36+00:00,2026-08-02,MLS,San Jose Earthquakes,Timo Werner,Hamstring,doubtful
2026-07-26T08:54:36+00:00,2026-08-02,Eliteserien,Sarpsborg 08,Frederik Carstensen,Unknown,injured
2026-07-26T08:54:36+00:00,2026-08-02,Eliteserien,Sarpsborg 08,Peter Reinhardsen,Ankle Injury,injured
2026-07-26T08:54:36+00:00,2026-08-02,Eliteserien,Sarpsborg 08,Sigurd Rosted,Ankle Injury,injured
2026-07-26T08:54:36+00:00,2026-08-02,MLS,Seattle Sounders FC,Alex Roldán,Hip Injury,injured
2026-07-26T08:54:36+00:00,2026-08-02,MLS,Seattle Sounders FC,Cristian Roldán,Hip Injury,injured
2026-07-26T08:54:36+00:00,2026-08-02,MLS,Seattle Sounders FC,Jackson Ragen,yellow_or_red_card_suspension,suspended
2026-07-26T08:54:36+00:00,2026-08-02,MLS,Seattle Sounders FC,Jordan Morris,Muscle Injury,injured
2026-07-26T08:54:36+00:00,2026-08-02,MLS,Seattle Sounders FC,Kim Kee-hee,Hamstring Injury,injured
2026-07-26T08:54:36+00:00,2026-08-02,MLS,Seattle Sounders FC,Nikola Petković,ACL Knee Injury,injured
2026-07-26T08:54:36+00:00,2026-08-02,MLS,Seattle Sounders FC,Pedro de la Vega,Knee Surgery,injured
2026-07-26T08:54:36+00:00,2026-08-02,MLS,Seattle Sounders FC,Ryan Sailor,Hamstring Injury,doubtful
2026-07-26T08:54:36+00:00,2026-08-02,MLS,Seattle Sounders FC,Yeimar Gómez,Hamstring,doubtful
2026-07-26T08:54:36+00:00,2026-08-02,Danish Superliga,Silkeborg IF,Pedro Ganchas,Unknown,injured
2026-07-26T08:54:36+00:00,2026-08-02,MLS,Sporting Kansas City,Diego Borges,Muscle Injury,injured
2026-07-26T08:54:36+00:00,2026-08-02,MLS,Sporting Kansas City,Justin Reynolds,Hamstring Injury,injured
2026-07-26T08:54:36+00:00,2026-08-02,MLS,Sporting Kansas City,Taylor Calheira,Ankle Injury,injured
2026-07-26T08:54:36+00:00,2026-08-02,MLS,St.Louis City,Celio Pompeu,ACL Knee Injury,injured
2026-07-26T08:54:36+00:00,2026-08-02,MLS,St.Louis City,Conrad Wallem,Concussion,injured
2026-07-26T08:54:36+00:00,2026-08-02,MLS,St.Louis City,Roman Bürki,Unknown,injured
2026-07-26T08:54:36+00:00,2026-08-02,Liga MX Apertura,Tigres UANL,Jesús Angulo,Knee Injury,injured
2026-07-26T08:54:36+00:00,2026-08-02,Liga MX Apertura,Tigres UANL,Marco Farfan,Muscle Injury,doubtful
2026-07-26T08:54:36+00:00,2026-08-02,Liga MX Apertura,Tigres UANL,Osvaldo Rodríguez,Knee Injury,injured
2026-07-26T08:54:36+00:00,2026-08-02,Liga MX Apertura,Tigres UANL,Rodrigo Aguirre,red_card_suspension,suspended
2026-07-26T08:54:36+00:00,2026-08-02,Eliteserien,Tromsø IL,Casper Öyvann,Unknown,injured
2026-07-26T08:54:36+00:00,2026-08-02,Eliteserien,Tromsø IL,Viktor Ekblom,Groin Injury,injured
2026-07-26T08:54:36+00:00,2026-08-02,MLS,Vancouver Whitecaps,Belal Halbouni,Knee Injury,injured
2026-07-26T08:54:36+00:00,2026-08-02,MLS,Vancouver Whitecaps,Cheick Tidiane Sabaly,Hamstring Injury,injured
2026-07-26T08:54:36+00:00,2026-08-02,MLS,Vancouver Whitecaps,Emmanuel Sabbi,Groin Injury,injured
2026-07-26T08:54:36+00:00,2026-08-02,MLS,Vancouver Whitecaps,Kenji Cabrera,Foot Injury,injured
2026-07-26T08:54:36+00:00,2026-08-02,MLS,Vancouver Whitecaps,Ralph Priso,Hamstring Injury,injured
2026-07-26T08:54:36+00:00,2026-08-02,Danish Superliga,Viborg FF,Hjalte Bidstrup,Unknown,injured
2026-07-26T08:54:36+00:00,2026-08-02,Danish Superliga,Viborg FF,Mohamed Iyadh Riahi,Knee Injury,injured
2026-07-26T08:54:36+00:00,2026-08-02,Danish Superliga,Viborg FF,Sami Jalal,Unknown,injured
2026-07-26T08:54:36+00:00,2026-08-02,Allsvenskan,Örgryte IS,Aydarus Abukar,Knee Surgery,injured
2026-07-26T08:54:36+00:00,2026-08-02,Allsvenskan,Örgryte IS,Christoffer Styffe,Foot Injury,injured
2026-07-26T08:54:36+00:00,2026-08-02,Allsvenskan,Örgryte IS,Jonathan Azulay,Unknown,injured
2026-07-26T08:54:36+00:00,2026-08-02,Allsvenskan,Örgryte IS,Mikael Dyrestam,Unknown,injured
2026-07-26T08:54:36+00:00,2026-08-02,Allsvenskan,Örgryte IS,Rasmus Alm,Knee Injury,injured
2026-07-26T08:54:36+00:00,2026-08-03,Categoria Primera A,Atlético Nacional,Elkin Rivero,Knock Injury,injured
2026-07-26T08:54:36+00:00,2026-08-03,Liga MX Apertura,CD Toluca,Marcel Ruíz,Knee Injury,injured
2026-07-26T08:54:36+00:00,2026-08-03,Allsvenskan,Djurgårdens IF,Leon Hien,Unknown,injured
2026-07-26T08:54:36+00:00,2026-08-03,Allsvenskan,Djurgårdens IF,Peter Langhoff,Hip Injury,injured
2026-07-26T08:54:36+00:00,2026-08-03,Allsvenskan,IK Sirius,Noel Milleskog,Shoulder Injury,injured
2026-07-26T08:54:36+00:00,2026-08-03,Allsvenskan,IK Sirius,Oscar Krusnell,yellow_card_accumulation_suspension,suspended
2026-07-26T08:54:36+00:00,2026-08-03,Ekstraklasa,KS Cracovia,Wiktor Bogacz,Thigh Injury,injured
2026-07-26T08:54:36+00:00,2026-08-03,Danish Superliga,Odense Boldklub,Julius Berthel Askou,Unknown,injured
2026-07-26T08:54:36+00:00,2026-08-03,Ekstraklasa,Pogoń Szczecin,Rajmund Molnár,Cruciate Ligament Injury,injured
2026-07-26T08:54:36+00:00,2026-08-03,Allsvenskan,Västerås SK,Abdelrahman Boudah,Unknown,injured
2026-07-26T08:54:36+00:00,2026-08-03,Allsvenskan,Västerås SK,Frédéric Nsabiyumva,Foot Injury,injured
2026-07-26T08:54:36+00:00,2026-08-04,Champions League,AC Sparta Praha,Sivert Mannsverk,Unknown,injured
2026-07-26T08:54:36+00:00,2026-08-04,Champions League,Bodø/Glimt,August Mikkelsen,Knock Injury,injured
2026-07-26T08:54:36+00:00,2026-08-04,Champions League,Bodø/Glimt,Daniel Bassi,Hamstring Injury,injured
2026-07-22T20:44:13+00:00,2026-08-04,Champions League,Bodø/Glimt,Magnus Riisnæs,Knock Injury,injured
2026-07-26T08:54:36+00:00,2026-08-04,Liga MX Apertura,Club América,Alex Zendejas,Knee Injury,injured
2026-07-22T20:44:13+00:00,2026-08-04,Champions League,Olympique Lyonnais,Duje Ćaleta-Car,,injured
2026-07-26T08:54:36+00:00,2026-08-04,Liga MX Apertura,Santos Laguna,Bruno Amione,Cruciate Ligament Injury,injured
2026-07-26T08:54:36+00:00,2026-08-05,Categoria Primera A,Deportes Tolima,Anderson Angulo,yellow_or_red_card_suspension,suspended
2026-07-26T08:54:36+00:00,2026-08-05,Categoria Primera A,Independiente Medellín,Yony González,yellow_or_red_card_suspension,suspended
2026-07-26T08:54:36+00:00,2026-08-05,Categoria Primera A,Llaneros FC,Kevin Rincón,Broken Foot,injured
2026-07-26T08:54:36+00:00,2026-08-05,Categoria Primera A,Millonarios,Radamel Falcao,Broken Jaw,injured
2026-07-26T08:54:36+00:00,2026-08-06,EFL Cup,Bristol City,Cameron Pring,Ankle Injury,injured
2026-07-26T08:54:36+00:00,2026-08-07,Liga Portugal,Famalicão,Finn van Breemen,Knee Injury,doubtful
2026-07-26T08:54:36+00:00,2026-08-07,Eliteserien,KFUM Oslo,Ayoub Aleesami,Groin Injury,injured
2026-07-26T08:54:36+00:00,2026-08-07,Eliteserien,KFUM Oslo,Moussa Njie,Unknown,injured
2026-07-26T08:54:36+00:00,2026-08-07,Ekstraklasa,Pogoń Szczecin,Rajmund Molnár,Cruciate Ligament Injury,injured
2026-07-26T08:54:36+00:00,2026-08-07,Danish Superliga,Viborg FF,Hjalte Bidstrup,Unknown,injured
2026-07-26T08:54:36+00:00,2026-08-07,Danish Superliga,Viborg FF,Mohamed Iyadh Riahi,Knee Injury,injured
2026-07-26T08:54:36+00:00,2026-08-07,Danish Superliga,Viborg FF,Sami Jalal,Unknown,injured
2026-07-26T08:54:36+00:00,2026-08-08,Allsvenskan,AIK,Andreas Redkin,Cruciate Ligament Injury,injured
2026-07-26T08:54:36+00:00,2026-08-08,Allsvenskan,AIK,Eskil Edh,Unknown,injured
2026-07-26T08:54:36+00:00,2026-08-08,Allsvenskan,AIK,Ibrahim Cissé,Ankle Injury,injured
2026-07-26T08:54:36+00:00,2026-08-08,Allsvenskan,AIK,Martin Ellingsen,Achilles Tendon Injury,injured
2026-07-26T08:54:36+00:00,2026-08-08,Allsvenskan,AIK,Stanley Wilson,Unknown,injured
2026-07-26T08:54:36+00:00,2026-08-08,EFL Cup,Blackburn Rovers,Ryan Alebiosu,Unknown,doubtful
2026-07-26T08:54:36+00:00,2026-08-08,Eliteserien,Bodø/Glimt,August Mikkelsen,Knock Injury,injured
2026-07-26T08:54:36+00:00,2026-08-08,Eliteserien,Bodø/Glimt,Daniel Bassi,Hamstring Injury,injured
2026-07-26T08:54:36+00:00,2026-08-08,EFL Cup,Burnley,Jordan Beyer,Knee Injury,injured
2026-07-26T08:54:36+00:00,2026-08-08,EFL Cup,Burnley,Josh Cullen,ACL Knee Injury,injured
2026-07-26T08:54:36+00:00,2026-08-08,Brasileirao Serie B,Ceará,Vinicius Zanocelo,PCL Knee Injury,injured
2026-07-26T08:54:36+00:00,2026-08-08,Belgian Pro League,Cercle Brugge,Charles Herrmann,Muscle Injury,injured
2026-07-26T08:54:36+00:00,2026-08-08,Belgian Pro League,Cercle Brugge,Emmanuel Kakou,Unknown,injured
2026-07-26T08:54:36+00:00,2026-08-08,Belgian Pro League,Cercle Brugge,Gary Magnee,Knock,injured
2026-07-26T08:54:36+00:00,2026-08-08,Belgian Pro League,Cercle Brugge,Hannes Van Der Bruggen,Ankle Injury,injured
2026-07-26T08:54:36+00:00,2026-08-08,EFL Cup,Charlton Athletic,Amari'i Bell,Knee Injury,injured
2026-07-26T08:54:36+00:00,2026-08-08,EFL Cup,Charlton Athletic,Collins Sichenje,Unknown,injured
2026-07-26T08:54:36+00:00,2026-08-08,EFL Cup,Charlton Athletic,Matt Godden,Leg Injury,injured
2026-07-26T08:54:36+00:00,2026-08-08,Romanian Superliga,FC Dinamo București,Alaa Bellaarouch,,doubtful
2026-07-26T08:54:36+00:00,2026-08-08,Romanian Superliga,FC Dinamo București,Darío Benavides,Unknown,injured
2026-07-26T08:54:36+00:00,2026-08-08,Swiss Super League,FC Thun,Marco Bürki,red_card_suspension,suspended
2026-07-26T08:54:36+00:00,2026-08-08,Eliteserien,Fredrikstad FK,Sondre Sørløkk,Foot Injury,injured
2026-07-26T08:54:36+00:00,2026-08-08,Swiss Super League,Grasshopper Club Zürich,Óscar Clemente,Broken Collarbone,injured
2026-07-26T08:54:36+00:00,2026-08-08,Brasileirao Serie A,Grêmio,Francis Amuzu,Concussion,injured
2026-07-26T08:54:36+00:00,2026-08-08,Brasileirao Serie A,Grêmio,João Pedro,Thigh Injury,injured
2026-07-26T08:54:36+00:00,2026-08-08,Brasileirao Serie A,Grêmio,Leonel Pérez,yellow_card_accumulation_suspension,suspended
2026-07-26T08:54:36+00:00,2026-08-08,Brasileirao Serie A,Grêmio,Marlon,Ankle Injury,injured
2026-07-26T08:54:36+00:00,2026-08-08,Ekstraklasa,Górnik Zabrze,Jarosław Kubicki,Broken Hand,injured
2026-07-26T08:54:36+00:00,2026-08-08,Eliteserien,IK Start,Johan Meyer,Groin Injury,injured
2026-07-26T08:54:36+00:00,2026-08-08,Eliteserien,IK Start,Kristoffer Tønnessen,Leg Injury,injured
2026-07-26T08:54:36+00:00,2026-08-08,Ekstraklasa,Lech Poznań,Ali Gholizadeh,Cruciate Ligament Injury,injured
2026-07-26T08:54:36+00:00,2026-08-08,Ekstraklasa,Lech Poznań,Kamil Jakóbczyk,Ankle Injury,injured
2026-07-26T08:54:36+00:00,2026-08-08,Ekstraklasa,Legia Warszawa,Antonio Čolak,Broken Cheekbone,injured
2026-07-26T08:54:36+00:00,2026-08-08,Belgian Pro League,Lommel SK,Filip Krastev,Achilles Tendon Injury,injured
2026-07-26T08:54:36+00:00,2026-08-08,EFL Cup,Millwall,Lukas Jensen,,injured
2026-07-26T08:54:36+00:00,2026-08-08,Allsvenskan,Mjällby AIF,Timo Stavitski,Back Injury,injured
2026-07-26T08:54:36+00:00,2026-08-08,Eredivisie,SC Telstar,Dylan Mertens,Unknown,injured
2026-07-26T08:54:36+00:00,2026-08-08,Eliteserien,Sarpsborg 08,Frederik Carstensen,Unknown,injured
2026-07-26T08:54:36+00:00,2026-08-08,Eliteserien,Sarpsborg 08,Peter Reinhardsen,Ankle Injury,injured
2026-07-26T08:54:36+00:00,2026-08-08,Eliteserien,Sarpsborg 08,Sigurd Rosted,Ankle Injury,injured
2026-07-26T08:54:36+00:00,2026-08-08,Swiss Super League,Servette FC,Edvinas Gertmonas,Knock Injury,injured
2026-07-26T08:54:36+00:00,2026-08-08,Swiss Super League,Servette FC,Jeremy Frick,Back Injury,injured
2026-07-26T08:54:36+00:00,2026-08-08,Swiss Super League,Servette FC,Junior Kadile,Muscle Injury,injured
2026-07-26T08:54:36+00:00,2026-08-08,Brasileirao Serie B,Sport Recife,Kayky Almeida,Knee Injury,injured
2026-07-26T08:54:36+00:00,2026-08-08,Liga Portugal,Sporting CP,Iván Fresneda,Muscle Injury,injured
2026-07-26T08:54:36+00:00,2026-08-08,Liga Portugal,Sporting CP,Luis Guilherme,,doubtful
2026-07-26T08:54:36+00:00,2026-08-08,Belgian Pro League,Standard Liège,Josué Homawoo,Achilles Tendon Injury,injured
2026-07-26T08:54:36+00:00,2026-08-08,EFL Cup,Stoke City,Ben Gibson,Groin Injury,injured
2026-07-26T08:54:36+00:00,2026-08-08,EFL Cup,Stoke City,Svante Ingelsson,Knee Injury,doubtful
2026-07-26T08:54:36+00:00,2026-08-08,EFL Cup,Swansea City,Samuel Parker,Hamstring,injured
2026-07-26T08:54:36+00:00,2026-08-08,Brasileirao Serie B,São Bernardo,Matheus Salustiano,Knee Injury,injured
2026-07-26T08:54:36+00:00,2026-08-08,Brasileirao Serie B,São Bernardo,Rodrigo Andrade,ACL Knee Injury,injured
2026-07-26T08:54:36+00:00,2026-08-08,Brasileirao Serie A,São Paulo,Enzo Díaz,personal_reason,injured
2026-07-26T08:54:36+00:00,2026-08-08,Brasileirao Serie A,São Paulo,Lucas Moura,,injured
2026-07-26T08:54:36+00:00,2026-08-08,Brasileirao Serie A,São Paulo,Maik,,injured
2026-07-26T08:54:36+00:00,2026-08-08,Brasileirao Serie A,São Paulo,Rafael Tolói,Thigh Injury,injured
2026-07-26T08:54:36+00:00,2026-08-08,Brasileirao Serie A,São Paulo,Ryan Francisco,Cruciate Ligament Injury,injured
2026-07-26T08:54:36+00:00,2026-08-08,Brasileirao Serie A,São Paulo,Sabino,,doubtful
2026-07-26T08:54:36+00:00,2026-08-08,Eliteserien,Viking FK,Henrik Heggheim,yellow_card_accumulation_suspension,suspended
2026-07-26T08:54:36+00:00,2026-08-08,Eliteserien,Viking FK,Henrik Sælebakke Falchener,Thigh Injury,injured
2026-07-26T08:54:36+00:00,2026-08-08,Eliteserien,Viking FK,Martin Ove Roseth,Knee Injury,injured
2026-07-26T08:54:36+00:00,2026-08-08,Eliteserien,Viking FK,Romano Postema,Knock Injury,injured
2026-07-26T08:54:36+00:00,2026-08-08,Eliteserien,Viking FK,Veton Berisha,Knock Injury,injured
2026-07-26T08:54:36+00:00,2026-08-08,Eliteserien,Viking FK,Zlatko Tripić,yellow_card_accumulation_suspension,suspended
2026-07-26T08:54:36+00:00,2026-08-08,Liga Portugal,Vitória SC,Telmo Arcanjo,Hamstring Injury,injured
2026-07-26T08:54:36+00:00,2026-08-08,Eliteserien,Vålerenga IF,Odin Thiago Holm,Hamstring Injury,injured
2026-07-26T08:54:36+00:00,2026-08-08,Eliteserien,Vålerenga IF,Omar Bully Drammeh,Achilles Tendon Injury,injured
2026-07-26T08:54:36+00:00,2026-08-08,EFL Cup,West Bromwich Albion,Mikey Johnston,Broken Leg,injured
2026-07-26T08:54:36+00:00,2026-08-08,Allsvenskan,Örgryte IS,Aydarus Abukar,Knee Surgery,injured
2026-07-26T08:54:36+00:00,2026-08-08,Allsvenskan,Örgryte IS,Christoffer Styffe,Foot Injury,injured
2026-07-26T08:54:36+00:00,2026-08-08,Allsvenskan,Örgryte IS,Jonathan Azulay,Unknown,injured
2026-07-26T08:54:36+00:00,2026-08-08,Allsvenskan,Örgryte IS,Mikael Dyrestam,Unknown,injured
2026-07-26T08:54:36+00:00,2026-08-08,Allsvenskan,Örgryte IS,Rasmus Alm,Knee Injury,injured
2026-07-26T08:54:36+00:00,2026-08-09,Eredivisie,AFC Ajax,Kasper Dolberg,Unknown,injured
2026-07-26T08:54:36+00:00,2026-08-09,Eliteserien,Aalesunds FK,Aleksander Kjelsen,Thigh Injury,injured
2026-07-26T08:54:36+00:00,2026-08-09,Eliteserien,Aalesunds FK,Davíð Snær Jóhannsson,Hamstring Injury,injured
2026-07-26T08:54:36+00:00,2026-08-09,Eliteserien,Aalesunds FK,Marcus Haagensen Reed,Unknown,injured
2026-07-26T08:54:36+00:00,2026-08-09,Eliteserien,Aalesunds FK,Mathias Kristensen,Calf Injury,injured
2026-07-26T08:54:36+00:00,2026-08-09,Eliteserien,Aalesunds FK,Paul Ngongo Iversen,Thigh Injury,injured
2026-07-26T08:54:36+00:00,2026-08-09,Brasileirao Serie B,Athletic Club,Ronaldo Tavares,ACL Knee Injury,injured
2026-07-26T08:54:36+00:00,2026-08-09,Brasileirao Serie A,Atlético Mineiro,Gustavo Scarpa,Knee Injury,injured
2026-07-26T08:54:36+00:00,2026-08-09,Brasileirao Serie A,Atlético Mineiro,Léo Duarte,Thigh Injury,injured
2026-07-26T08:54:36+00:00,2026-08-09,Brasileirao Serie A,Atlético Mineiro,Patrick,Knee Injury,injured
2026-07-26T08:54:36+00:00,2026-08-09,Brasileirao Serie A,Atlético Mineiro,Tomás Cuello,Thigh Injury,injured
2026-07-26T08:54:36+00:00,2026-08-09,Categoria Primera A,Atlético Nacional,Elkin Rivero,Knock Injury,injured
2026-07-26T08:54:36+00:00,2026-08-09,Allsvenskan,BK Häcken,Ben Engdahl,Unknown,injured
2026-07-26T08:54:36+00:00,2026-08-09,Allsvenskan,BK Häcken,Filip Ohman,Shoulder Injury,injured
2026-07-26T08:54:36+00:00,2026-08-09,Brasileirao Serie A,Bahia,Caio Alexandre,Thigh Injury,injured
2026-07-26T08:54:36+00:00,2026-08-09,Brasileirao Serie A,Bahia,Cristian Olivera,,doubtful
2026-07-26T08:54:36+00:00,2026-08-09,Brasileirao Serie A,Bahia,Iago Borduchi,Thigh Injury,doubtful
2026-07-26T08:54:36+00:00,2026-08-09,Brasileirao Serie A,Bahia,Léo Vieira,Knee Surgery,injured
2026-07-26T08:54:36+00:00,2026-08-09,Brasileirao Serie A,Bahia,Marco Moreno,Physical Discomfort,injured
2026-07-26T08:54:36+00:00,2026-08-09,Brasileirao Serie A,Bahia,Ruan Pablo,Sprained Ankle,injured
2026-07-26T08:54:36+00:00,2026-08-09,Brasileirao Serie A,Bahia,Santiago Ramos Mingo,Hip Injury,doubtful
2026-07-26T08:54:36+00:00,2026-08-09,Brasileirao Serie A,Botafogo,Allan,,injured
2026-07-26T08:54:36+00:00,2026-08-09,Brasileirao Serie A,Botafogo,Bastos,,injured
2026-07-26T08:54:36+00:00,2026-08-09,Brasileirao Serie A,Botafogo,Júnior Santos,Foot Injury,injured
2026-07-26T08:54:36+00:00,2026-08-09,Brasileirao Serie A,Botafogo,Kaio Pantaleão,Cruciate Ligament Injury,injured
2026-07-26T08:54:36+00:00,2026-08-09,Brasileirao Serie A,Botafogo,Nathan Fernandes,,injured
2026-07-26T08:54:36+00:00,2026-08-09,Brasileirao Serie A,Botafogo,Patrick de Paula,Groin Injury,injured
2026-07-26T08:54:36+00:00,2026-08-09,Brasileirao Serie B,Botafogo-SP,Carlão,LCL Knee Injury,injured
2026-07-26T08:54:36+00:00,2026-08-09,Danish Superliga,Brøndby IF,Jacob Ambaek,Unknown,injured
2026-07-26T08:54:36+00:00,2026-08-09,Brasileirao Serie A,Chapecoense,Anderson,Strain Injury,injured
2026-07-26T08:54:36+00:00,2026-08-09,Brasileirao Serie A,Chapecoense,Bruno Leonardo,Thigh Injury,injured
2026-07-26T08:54:36+00:00,2026-08-09,Brasileirao Serie A,Chapecoense,Eduardo Doma,Hamstring Injury,injured
2026-07-26T08:54:36+00:00,2026-08-09,Brasileirao Serie A,Chapecoense,João Paulo,Unknown,injured
2026-07-26T08:54:36+00:00,2026-08-09,Brasileirao Serie A,Chapecoense,Rafael Carvalheira,Cruciate Ligament Injury,injured
2026-07-26T08:54:36+00:00,2026-08-09,Brasileirao Serie A,Chapecoense,Victor Caetano,Foot Injury,injured
2026-07-26T08:54:36+00:00,2026-08-09,Brasileirao Serie A,Coritiba,Keno,Knee Injury,injured
2026-07-26T08:54:36+00:00,2026-08-09,Brasileirao Serie A,Coritiba,Maicon,Thigh Injury,injured
2026-07-26T08:54:36+00:00,2026-08-09,Brasileirao Serie A,Coritiba,Pedro Morisco,Dislocated Shoulder,injured
2026-07-26T08:54:36+00:00,2026-08-09,Brasileirao Serie A,Coritiba,Rodrigo Rodrigues,Knee Surgery,injured
2026-07-26T08:54:36+00:00,2026-08-09,Brasileirao Serie A,Coritiba,Sebastian Gomez,Concussion,injured
2026-07-26T08:54:36+00:00,2026-08-09,Brasileirao Serie A,Coritiba,Tinga,Calf Injury,injured
2026-07-26T08:54:36+00:00,2026-08-09,Brasileirao Serie A,Cruzeiro,Cássio,,injured
2026-07-26T08:54:36+00:00,2026-08-09,Brasileirao Serie A,Cruzeiro,Gabriel Pec,Broken Leg,injured
2026-07-26T08:54:36+00:00,2026-08-09,Brasileirao Serie A,Cruzeiro,Gerson,yellow_card_accumulation_suspension,suspended
2026-07-26T08:54:36+00:00,2026-08-09,Brasileirao Serie A,Cruzeiro,Kauã Prates,Thigh Injury,injured
2026-07-26T08:54:36+00:00,2026-08-09,Brasileirao Serie A,Cruzeiro,Keny Arroyo,Thigh Injury,injured
2026-07-26T08:54:36+00:00,2026-08-09,Brasileirao Serie A,Cruzeiro,Matheus Pereira,yellow_card_accumulation_suspension,suspended
2026-07-26T08:54:36+00:00,2026-08-09,Allsvenskan,Degerfors IF,Daniel Sundgren,Heel Injury,injured
2026-07-26T08:54:36+00:00,2026-08-09,Allsvenskan,Degerfors IF,Juhani Pikkarainen,Cruciate Ligament Injury,injured
2026-07-26T08:54:36+00:00,2026-08-09,Allsvenskan,Degerfors IF,Ziyad Salifu,Unknown,injured
2026-07-26T08:54:36+00:00,2026-08-09,Categoria Primera A,Deportes Tolima,Anderson Angulo,yellow_or_red_card_suspension,suspended
2026-07-26T08:54:36+00:00,2026-08-09,Liga Portugal,FC Alverca,Julián Jose Martinez,Knee Injury,injured
2026-07-26T08:54:36+00:00,2026-08-09,Eredivisie,FC Groningen,Stije Resink,Knee Injury,injured
2026-07-26T08:54:36+00:00,2026-08-09,Swiss Super League,FC Luzern,Bung Meng Freimann,red_card_suspension,suspended
2026-07-26T08:54:36+00:00,2026-08-09,Liga Portugal,FC Porto,Samu Aghehowa,ACL Knee Injury,injured
2026-07-26T08:54:36+00:00,2026-08-09,Swiss Super League,FC Sion,Kreshnik Hajrizi,Muscle Injury,injured
2026-07-26T08:54:36+00:00,2026-08-09,Swiss Super League,FC St. Gallen 1879,Lukas Watkowiak,red_card_suspension,suspended
2026-07-26T08:54:36+00:00,2026-08-09,Eredivisie,FC Utrecht,Noah Ohio,Cruciate Ligament Injury,injured
2026-07-26T08:54:36+00:00,2026-08-09,Eredivisie,Feyenoord,Jordan Bos,Knee Injury,injured
2026-07-26T08:54:36+00:00,2026-08-09,Brasileirao Serie A,Fluminense,Jemmes,Thigh Injury,injured
2026-07-26T08:54:36+00:00,2026-08-09,Brasileirao Serie A,Fluminense,John Kennedy,red_card_suspension,suspended
2026-07-26T08:54:36+00:00,2026-08-09,Brasileirao Serie A,Fluminense,Julián Millán,Thigh Injury,injured
2026-07-26T08:54:36+00:00,2026-08-09,Brasileirao Serie A,Fluminense,Matheus Reis,,injured
2026-07-26T08:54:36+00:00,2026-08-09,Allsvenskan,GAIS,Jonas Lindberg,Concussion,injured
2026-07-26T08:54:36+00:00,2026-08-09,Allsvenskan,GAIS,Kees Sims,Sprained Foot,injured
2026-07-26T08:54:36+00:00,2026-08-09,Allsvenskan,GAIS,Rasmus Niklasson,Concussion,injured
2026-07-26T08:54:36+00:00,2026-08-09,Ekstraklasa,GKS Katowice,Damian Rasak,Knee Injury,injured
2026-07-26T08:54:36+00:00,2026-08-09,Ekstraklasa,GKS Katowice,Rafał Strączek,Shoulder Injury,injured
2026-07-26T08:54:36+00:00,2026-08-09,Allsvenskan,Hammarby IF,Amin Boudri,Leg Injury,injured
2026-07-26T08:54:36+00:00,2026-08-09,Allsvenskan,Hammarby IF,Sourou Koné,Knee Injury,injured
2026-07-26T08:54:36+00:00,2026-08-09,MLS,Houston Dynamo,Antônio Carlos,Knock Injury,injured
2026-07-26T08:54:36+00:00,2026-08-09,MLS,Houston Dynamo,Jimmy Maurer,Back Injury,injured
2026-07-26T08:54:36+00:00,2026-08-09,Allsvenskan,IFK Göteborg,Arbnor Mucolli,Cruciate Ligament Injury,injured
2026-07-26T08:54:36+00:00,2026-08-09,Allsvenskan,IFK Göteborg,Filip Ottosson,Unknown,doubtful
2026-07-26T08:54:36+00:00,2026-08-09,Allsvenskan,IFK Göteborg,Jonathan Rasheed,Broken Ankle,injured
2026-07-26T08:54:36+00:00,2026-08-09,Allsvenskan,IFK Göteborg,Saidou Alioum Moubarak,Ankle Injury,injured
2026-07-26T08:54:36+00:00,2026-08-09,Brasileirao Serie A,Internacional,Benjamin Arhin,Thigh Injury,injured
2026-07-26T08:54:36+00:00,2026-08-09,Brasileirao Serie A,Internacional,Sergio Rochet,Back Injury,doubtful
2026-07-26T08:54:36+00:00,2026-08-09,Brasileirao Serie A,Internacional,Thiago Maia,Thigh Injury,injured
2026-07-26T08:54:36+00:00,2026-08-09,Brasileirao Serie A,Internacional,Victor Gabriel,red_card_suspension,suspended
2026-07-26T08:54:36+00:00,2026-08-09,Belgian Pro League,KAA Gent,Matisse Samoise,Anterior Cruciate Ligament,injured
2026-07-26T08:54:36+00:00,2026-08-09,Belgian Pro League,KRC Genk,Jeppe Erenbjerg,Groin Injury,injured
2026-07-26T08:54:36+00:00,2026-08-09,Belgian Pro League,KV Mechelen,Amine Ouahabi,Unknown,injured
2026-07-26T08:54:36+00:00,2026-08-09,Allsvenskan,Kalmar FF,Malcolm Stolt,Thigh Injury,injured
2026-07-26T08:54:36+00:00,2026-08-09,Eliteserien,Kristiansund BK,David Tufekcic,Hamstring Injury,injured
2026-07-26T08:54:36+00:00,2026-08-09,Eliteserien,Kristiansund BK,Frederik Flex,Unknown,doubtful
2026-07-26T08:54:36+00:00,2026-08-09,Eliteserien,Kristiansund BK,Julius Mar Juliusson,yellow_or_red_card_suspension,suspended
2026-07-26T08:54:36+00:00,2026-08-09,Allsvenskan,Malmö FF,Anders Christiansen,Leg Injury,injured
2026-07-26T08:54:36+00:00,2026-08-09,Allsvenskan,Malmö FF,Emmanuel Ekong,Knee Surgery,injured
2026-07-26T08:54:36+00:00,2026-08-09,Allsvenskan,Malmö FF,Kenan Busuladžić,yellow_card_accumulation_suspension,suspended
2026-07-26T08:54:36+00:00,2026-08-09,Allsvenskan,Malmö FF,Oscar Sjostrand,Cruciate Ligament Injury,injured
2026-07-26T08:54:36+00:00,2026-08-09,Allsvenskan,Malmö FF,Robin Olsen,Concussion,doubtful
2026-07-26T08:54:36+00:00,2026-08-09,Brasileirao Serie A,Mirassol,Alex Muralha,Calf Injury,injured
2026-07-26T08:54:36+00:00,2026-08-09,Brasileirao Serie A,Mirassol,Igor Formiga,Thigh Injury,injured
2026-07-26T08:54:36+00:00,2026-08-09,Brasileirao Serie A,Mirassol,Neto Moura,Hamstring Injury,doubtful
2026-07-26T08:54:36+00:00,2026-08-09,Eliteserien,Molde FK,Mads Juhl Kikkenborg,Achilles Tendon Injury,injured
2026-07-26T08:54:36+00:00,2026-08-09,Eliteserien,Molde FK,Vebjørn Hoff,Knee Injury,injured
2026-07-26T08:54:36+00:00,2026-08-09,MLS,New England Revolution,Andrew Farrell,Muscle Injury,injured
2026-07-26T08:54:36+00:00,2026-08-09,MLS,New England Revolution,Ilay Feingold,Knock Injury,injured
2026-07-26T08:54:36+00:00,2026-08-09,MLS,New England Revolution,Leonardo Campana,Hamstring,injured
2026-07-26T08:54:36+00:00,2026-08-09,Brasileirao Serie A,Palmeiras,Agustín Giay,Sprained Ankle,doubtful
2026-07-26T08:54:36+00:00,2026-08-09,Brasileirao Serie A,Palmeiras,Alexander Barboza,yellow_card_accumulation_suspension,suspended
2026-07-26T08:54:36+00:00,2026-08-09,Brasileirao Serie A,Palmeiras,Allan,red_card_suspension,suspended
2026-07-26T08:54:36+00:00,2026-08-09,Brasileirao Serie A,Palmeiras,Felipe Anderson,Thigh Injury,injured
2026-07-26T08:54:36+00:00,2026-08-09,Brasileirao Serie A,Palmeiras,Jefté,Meniscus Injury,injured
2026-07-26T08:54:36+00:00,2026-08-09,Brasileirao Serie A,Palmeiras,José Manuel López,rested,injured
2026-07-26T08:54:36+00:00,2026-08-09,Brasileirao Serie A,Palmeiras,Khellven,yellow_card_accumulation_suspension,suspended
2026-07-26T08:54:36+00:00,2026-08-09,Brasileirao Serie A,Palmeiras,Ramón Sosa,yellow_card_accumulation_suspension,suspended
2026-07-26T08:54:36+00:00,2026-08-09,Brasileirao Serie A,Remo,Duplexe Tchamba,Muscle Injury,injured
2026-07-26T08:54:36+00:00,2026-08-09,Brasileirao Serie A,Remo,Eduardo Melo,Thigh Injury,injured
2026-07-26T08:54:36+00:00,2026-08-09,Brasileirao Serie A,Remo,Gabriel Taliari,Thigh Injury,injured
2026-07-26T08:54:36+00:00,2026-08-09,Brasileirao Serie A,Remo,João Lucas,Meniscus Injury,injured
2026-07-26T08:54:36+00:00,2026-08-09,Brasileirao Serie A,Remo,Marcelo Rangel,Medial Collateral Ligament Injury,injured
2026-07-26T08:54:36+00:00,2026-08-09,Brasileirao Serie A,Remo,Marllon,yellow_card_accumulation_suspension,suspended
2026-07-26T08:54:36+00:00,2026-08-09,Eliteserien,Rosenborg BK,Dino Islamović,Calf Injury,injured
2026-07-26T08:54:36+00:00,2026-08-09,Eliteserien,Rosenborg BK,Simen Nordli,Thigh Injury,injured
2026-07-26T08:54:36+00:00,2026-08-09,Eredivisie,SC Heerenveen,Nikolai Soyset Hopland,Ankle Injury,injured
2026-07-26T08:54:36+00:00,2026-08-09,Belgian Pro League,SV Zulte Waregem,Anton Tanghe,Knock,injured
2026-07-26T08:54:36+00:00,2026-08-09,Eredivisie,Sparta Rotterdam,Mike Kleijn,Muscle Injury,injured
2026-07-26T08:54:36+00:00,2026-08-09,Eredivisie,Sparta Rotterdam,Mitchell Van Bergen,Hamstring,injured
2026-07-26T08:54:36+00:00,2026-08-09,Liga Portugal,Sporting Braga,Bright Arrey-Mbi,Unknown,injured
2026-07-26T08:54:36+00:00,2026-08-09,Liga Portugal,Sporting Braga,Gabriel Martínez,,injured
2026-07-26T08:54:36+00:00,2026-08-09,Liga Portugal,Sporting Braga,Ricardo Horta,Unknown,injured
2026-07-26T08:54:36+00:00,2026-08-09,Brasileirao Serie A,Vasco da Gama,Alan Saldivia,Calf Injury,injured
2026-07-26T08:54:36+00:00,2026-08-09,Brasileirao Serie A,Vasco da Gama,Jair,Cruciate Ligament Injury,injured
2026-07-26T08:54:36+00:00,2026-08-09,Ekstraklasa,Widzew Łódź,Lukas Lerager,Cruciate Ligament Injury,injured
2026-07-26T08:54:36+00:00,2026-08-09,Ekstraklasa,Widzew Łódź,Szymon Czyż,Cruciate Ligament Injury,injured
2026-07-26T08:54:36+00:00,2026-08-09,Ekstraklasa,Wieczysta Kraków,Mikkel Maigaard,yellow_or_red_card_suspension,suspended
2026-07-26T08:54:36+00:00,2026-08-10,Brasileirao Serie A,Athletico,Arthur Dias,yellow_card_accumulation_suspension,suspended
2026-07-26T08:54:36+00:00,2026-08-10,Brasileirao Serie A,Athletico,Mycael,Leg Injury,injured
2026-07-26T08:54:36+00:00,2026-08-10,Brasileirao Serie A,Corinthians,Alex Santana,Thigh Injury,injured
2026-07-26T08:54:36+00:00,2026-08-10,Brasileirao Serie A,Corinthians,Hugo,Meniscus Injury,injured
2026-07-26T08:54:36+00:00,2026-08-10,Brasileirao Serie A,Corinthians,Matheus Bidu,Thigh Injury,injured
2026-07-26T08:54:36+00:00,2026-08-10,Brasileirao Serie A,Corinthians,Raniele,Bruised Knee,injured
2026-07-26T08:54:36+00:00,2026-08-10,Brasileirao Serie A,Flamengo,Giorgian de Arrascaeta,Calf Injury,injured
2026-07-26T08:54:36+00:00,2026-08-10,Brasileirao Serie A,Flamengo,Gonzalo Plata,Bruised Knee,injured
2026-07-26T08:54:36+00:00,2026-08-10,Brasileirao Serie A,Flamengo,Jorge Carrascal,red_card_suspension,suspended
2026-07-26T08:54:36+00:00,2026-08-10,Brasileirao Serie A,Flamengo,Lucas Paquetá,Hamstring Injury,injured
2026-07-26T08:54:36+00:00,2026-08-10,Brasileirao Serie A,Flamengo,Luiz Araújo,Knee Injury,injured
2026-07-26T08:54:36+00:00,2026-08-10,Categoria Primera A,Llaneros FC,Kevin Rincón,Broken Foot,injured
2026-07-26T08:54:36+00:00,2026-08-10,Brasileirao Serie A,Red Bull Bragantino,Agustin Sant Anna,red_card_suspension,suspended
2026-07-26T08:54:36+00:00,2026-08-10,Brasileirao Serie A,Red Bull Bragantino,Fabinho,red_card_suspension,suspended
2026-07-26T08:54:36+00:00,2026-08-10,Brasileirao Serie A,Red Bull Bragantino,Fabrício,Ankle Injury,injured
2026-07-26T08:54:36+00:00,2026-08-10,Brasileirao Serie A,Red Bull Bragantino,Gabriel Girotto,Calf Injury,injured
2026-07-26T08:54:36+00:00,2026-08-10,Brasileirao Serie A,Red Bull Bragantino,Vanderlan,Knee Injury,injured
2026-07-26T08:54:36+00:00,2026-08-10,Brasileirao Serie A,Santos,Gustavo Henrique Pereira,Thigh Injury,injured
2026-07-26T08:54:36+00:00,2026-08-10,Brasileirao Serie A,Santos,João Schmidt,Thigh Injury,injured
2026-07-26T08:54:36+00:00,2026-08-10,Brasileirao Serie A,Vitória,Anderson Pato,Knee Surgery,injured
2026-07-26T08:54:36+00:00,2026-08-10,Brasileirao Serie A,Vitória,Camutanga,,injured
2026-07-26T08:54:36+00:00,2026-08-10,Brasileirao Serie A,Vitória,Dudu,,injured
2026-07-26T08:54:36+00:00,2026-08-10,Brasileirao Serie A,Vitória,Edu,,injured
2026-07-26T08:54:36+00:00,2026-08-10,Brasileirao Serie A,Vitória,Emmanuel Martínez,yellow_card_accumulation_suspension,suspended
2026-07-26T08:54:36+00:00,2026-08-10,Brasileirao Serie A,Vitória,Mateusinho,Muscle Injury,injured
2026-07-26T08:54:36+00:00,2026-08-10,Brasileirao Serie A,Vitória,Nathan Mendes,Cruciate Ligament Injury,injured
2026-07-26T08:54:36+00:00,2026-08-10,Brasileirao Serie A,Vitória,Riccieli,Calf Injury,injured
2026-07-26T08:54:36+00:00,2026-08-10,Brasileirao Serie A,Vitória,Rúben Ramos Ismael,Knee Surgery,injured
2026-07-26T08:54:36+00:00,2026-08-10,Brasileirao Serie A,Vitória,Wellington Rato,ACL Knee Injury,doubtful
2026-07-26T08:54:36+00:00,2026-08-10,Brasileirao Serie A,Vitória,Zé Vitor,Knee Injury,doubtful
