team,city,lat,lon,approx
AC Milan,Milan,45.4642,9.19,1
AFC Wimbledon,London,51.5074,-0.1278,1
AS Monaco,Monaco,43.7384,7.4246,1
AS Roma,Rome,41.9028,12.4964,1
Aberdeen,Aberdeen,57.1497,-2.0943,1
Accrington,Accrington,53.753,-2.3648,1
Airdrie Utd,Airdrie,55.8631,-3.986,1
Ajaccio,Ajaccio,41.9192,8.7386,1
Alaves,Vitoria-Gasteiz,42.8467,-2.6716,1
Albion Rvs,Coatbridge,55.863,-4.023,1
Alloa,Alloa,56.1147,-3.7896,1
Almeria,Almeria,36.834,-2.4637,1
Angers,Angers,47.4784,-0.5632,1
Annan Athletic,Annan,54.9825,-3.2618,1
Arbroath,Arbroath,56.5631,-2.5852,1
Arsenal,London,51.5074,-0.1278,1
Aston Villa,Birmingham,52.4862,-1.8904,1
Atalanta,Bergamo,45.6983,9.6773,1
Athletic Bilbao,Bilbao,43.263,-2.935,1
Atletico Madrid,Madrid,40.4168,-3.7038,1
Augsburg,Augsburg,48.3705,10.8978,1
Auxerre,Auxerre,47.7982,3.573,1
Ayr,Ayr,55.4586,-4.6292,1
Barcelona,Barcelona,41.3851,2.1734,1
Barnet,London,51.5074,-0.1278,1
Barnsley,Barnsley,53.5526,-1.4797,1
Barrow,Barrow-in-Furness,54.1099,-3.2278,1
Bayer Leverkusen,Leverkusen,51.0459,6.9959,1
Bayern Munich,Munich,48.1351,11.582,1
Betis,Seville,37.3891,-5.9845,1
Birmingham,Birmingham,52.4862,-1.8904,1
Blackburn,Blackburn,53.7486,-2.4823,1
Blackpool,Blackpool,53.8175,-3.0357,1
Bochum,Bochum,51.4818,7.2162,1
Bologna,Bologna,44.4949,11.3426,1
Bolton,Bolton,53.5769,-2.4282,1
Bonnyrigg Rose,Bonnyrigg,55.8722,-3.1122,1
Borussia Dortmund,Dortmund,51.5136,7.4653,1
Bournemouth,Bournemouth,50.7192,-1.8808,1
Bradford,Bradford,53.796,-1.7594,1
Brentford,London,51.5074,-0.1278,1
Brest,Brest,48.3904,-4.4861,1
Brighton,Brighton,50.8225,-0.1372,1
Brighton & Hove Albion,Brighton,50.8225,-0.1372,1
Bristol City,Bristol,51.4545,-2.5879,1
Bristol Rvs,Bristol,51.4545,-2.5879,1
Bromley,London,51.5074,-0.1278,1
Burnley,Burnley,53.7896,-2.2432,1
Burton,Burton upon Trent,52.8019,-1.6396,1
Cadiz,Cadiz,36.5271,-6.2886,1
Cagliari,Cagliari,39.2238,9.1217,1
Cambridge,Cambridge,52.2053,0.1218,1
Cardiff,Cardiff,51.4816,-3.1791,1
Carlisle,Carlisle,54.8925,-2.9329,1
Celta,Vigo,42.2406,-8.7207,1
Celtic,Glasgow,55.8642,-4.2518,1
Charlton,London,51.5074,-0.1278,1
Chelsea,London,51.5074,-0.1278,1
Cheltenham,Cheltenham,51.8994,-2.0783,1
Chesterfield,Chesterfield,53.235,-1.4213,1
Clermont,Clermont-Ferrand,45.7772,3.087,1
Clyde,Clydebank,55.9022,-4.3997,1
Colchester,Colchester,51.8959,0.9035,1
Como,Como,45.808,9.0852,1
Cove Rangers,Aberdeen,57.1497,-2.0943,1
Coventry,Coventry,52.4068,-1.5197,1
Coventry City,Coventry,52.4068,-1.5197,1
Crawley Town,Crawley,51.1092,-0.1872,1
Cremonese,Cremona,45.1335,10.0422,1
Crewe,Crewe,53.0977,-2.4442,1
Crystal Palace,London,51.5074,-0.1278,1
Darmstadt,Darmstadt,49.8728,8.6512,1
Derby,Derby,52.9225,-1.4746,1
Doncaster,Doncaster,53.5228,-1.1288,1
Dumbarton,Dumbarton,55.9457,-4.5606,1
Dundee,Dundee,56.462,-2.9707,1
Dundee FC,Dundee,56.462,-2.9707,1
Dundee United,Dundee,56.462,-2.9707,1
Dunfermline,Dunfermline,56.0719,-3.452,1
East Fife,Methil,56.183,-3.008,1
East Kilbride,East Kilbride,55.7642,-4.177,1
Edinburgh City,Edinburgh,55.9533,-3.1883,1
Eintracht Frankfurt,Frankfurt,50.1109,8.6821,1
Elche,Elche,38.2622,-0.6989,1
Elgin,Elgin,57.6494,-3.3161,1
Empoli,Empoli,43.718,10.9483,1
Espanol,Barcelona,41.3851,2.1734,1
Everton,Liverpool,53.4084,-2.9916,1
Exeter,Exeter,50.7184,-3.5339,1
FC Edinburgh,Edinburgh,55.9533,-3.1883,1
FC Koln,Cologne,50.9375,6.9603,1
Falkirk,Falkirk,56.0019,-3.7839,1
Falkirk FC,Falkirk,56.0019,-3.7839,1
Fiorentina,Florence,43.7696,11.2558,1
Fleetwood Town,Fleetwood,53.9226,-3.0107,1
Forest Green,Nailsworth,51.6975,-2.2229,1
Forfar,Forfar,56.644,-2.8887,1
Freiburg,Freiburg,47.999,7.8421,1
Frosinone,Frosinone,41.6401,13.3414,1
Fulham,London,51.5074,-0.1278,1
Genoa,Genoa,44.4056,8.9463,1
Getafe,Getafe,40.3083,-3.7327,1
Gillingham,Gillingham,51.3868,0.5449,1
Girona,Girona,41.9794,2.8214,1
Granada,Granada,37.1773,-3.5986,1
Grimsby,Grimsby,53.5675,-0.0813,1
Hamburg,Hamburg,53.5511,9.9937,1
Hamilton,Hamilton,55.7772,-4.0339,1
Harrogate,Harrogate,53.9919,-1.5379,1
Hartlepool,Hartlepool,54.6863,-1.2131,1
Heart of Midlothian,Edinburgh,55.9533,-3.1883,1
Hearts,Edinburgh,55.9533,-3.1883,1
Heidenheim,Heidenheim,48.6781,10.1519,1
Hertha,Berlin,52.52,13.405,1
Hibernian,Edinburgh,55.9533,-3.1883,1
Hoffenheim,Hoffenheim,49.2384,8.8878,1
Holstein Kiel,Kiel,54.3233,10.1228,1
Huddersfield,Huddersfield,53.6458,-1.785,1
Hull,Hull,53.7457,-0.3367,1
Hull City,Hull,53.7457,-0.3367,1
Inter,Milan,45.4642,9.19,1
Inverness C,Inverness,57.4778,-4.2247,1
Ipswich,Ipswich,52.0567,1.1482,1
Ipswich Town,Ipswich,52.0567,1.1482,1
Juventus,Turin,45.0703,7.6869,1
Kelty Hearts,Kelty,56.128,-3.46,1
Kilmarnock,Kilmarnock,55.6094,-4.4959,1
Las Palmas,Las Palmas,28.1235,-15.4363,1
Lazio,Rome,41.9028,12.4964,1
Le Havre,Le Havre,49.4944,0.1079,1
Le Mans,Le Mans,48.0061,0.1996,1
Lecce,Lecce,40.3515,18.175,1
Leeds,Leeds,53.8008,-1.5491,1
Leeds United,Leeds,53.8008,-1.5491,1
Leganes,Leganes,40.3272,-3.7635,1
Leicester,Leicester,52.6369,-1.1398,1
Lens,Lens,50.4326,2.8309,1
Levante,Valencia,39.4699,-0.3763,1
Leyton Orient,London,51.5074,-0.1278,1
Lille,Lille,50.6292,3.0573,1
Lincoln,Lincoln,53.2307,-0.5406,1
Liverpool,Liverpool,53.4084,-2.9916,1
Liverpool FC,Liverpool,53.4084,-2.9916,1
Livingston,Livingston,55.885,-3.5228,1
Lorient,Lorient,47.7482,-3.3703,1
Luton,Luton,51.8787,-0.42,1
Lyon,Lyon,45.764,4.8357,1
M'gladbach,Monchengladbach,51.1805,6.4428,1
Mainz,Mainz,49.9929,8.2473,1
Mallorca,Palma,39.5696,2.6502,1
Manchester City,Manchester,53.4808,-2.2426,1
Manchester United,Manchester,53.4808,-2.2426,1
Mansfield,Mansfield,53.1472,-1.1988,1
Marseille,Marseille,43.2965,5.3698,1
Metz,Metz,49.1193,6.1757,1
Middlesbrough,Middlesbrough,54.5742,-1.2349,1
Millwall,London,51.5074,-0.1278,1
Milton Keynes Dons,Milton Keynes,52.0406,-0.7594,1
Monaco,Monaco,43.7384,7.4246,1
Montpellier,Montpellier,43.6108,3.8767,1
Montrose,Montrose,56.7057,-2.465,1
Monza,Monza,45.5845,9.2744,1
Morecambe,Morecambe,54.07,-2.8688,1
Morton,Greenock,55.9508,-4.759,1
Motherwell,Motherwell,55.7877,-3.993,1
Nantes,Nantes,47.2184,-1.5536,1
Napoli,Naples,40.8518,14.2681,1
Newcastle United,Newcastle,54.9783,-1.6178,1
Newport County,Newport,51.5842,-2.9977,1
Nice,Nice,43.7102,7.262,1
Northampton,Northampton,52.2405,-0.9027,1
Norwich,Norwich,52.6309,1.2974,1
Nottingham Forest,Nottingham,52.9548,-1.1581,1
Notts County,Nottingham,52.9548,-1.1581,1
Oldham,Oldham,53.5409,-2.1114,1
Olympique Lyonnais,Lyon,45.764,4.8357,1
Olympique de Marseille,Marseille,43.2965,5.3698,1
Osasuna,Pamplona,42.8125,-1.6458,1
Oviedo,Oviedo,43.3603,-5.8448,1
Oxford,Oxford,51.752,-1.2577,1
Paris FC,Paris,48.8566,2.3522,1
Paris Saint-Germain,Paris,48.8566,2.3522,1
Parma,Parma,44.8015,10.3279,1
Partick,Glasgow,55.8642,-4.2518,1
Peterboro,Peterborough,52.5695,-0.2405,1
Peterhead,Peterhead,57.505,-1.783,1
Pisa,Pisa,43.7228,10.4017,1
Plymouth,Plymouth,50.3755,-4.1427,1
Port Vale,Stoke-on-Trent,53.0027,-2.1794,1
Portsmouth,Portsmouth,50.8198,-1.088,1
Preston,Preston,53.7632,-2.7031,1
QPR,London,51.5074,-0.1278,1
Queen of Sth,Dumfries,55.07,-3.605,1
Queens Park,Glasgow,55.8642,-4.2518,1
RB Leipzig,Leipzig,51.3397,12.3731,1
RC Lens,Lens,50.4326,2.8309,1
RC Strasbourg,Strasbourg,48.5734,7.7521,1
Raith Rvs,Kirkcaldy,56.1165,-3.1594,1
Rangers,Glasgow,55.8642,-4.2518,1
Reading,Reading,51.4543,-0.9781,1
Real Madrid,Madrid,40.4168,-3.7038,1
Real Sociedad,San Sebastian,43.3183,-1.9812,1
Reims,Reims,49.2583,4.0317,1
Rennes,Rennes,48.1173,-1.6778,1
Rochdale,Rochdale,53.6097,-2.1561,1
Roma,Rome,41.9028,12.4964,1
Ross County,Dingwall,57.5936,-4.4262,1
Rotherham,Rotherham,53.4302,-1.3577,1
SSC Napoli,Naples,40.8518,14.2681,1
Salernitana,Salerno,40.6824,14.7681,1
Salford,Salford,53.4875,-2.2901,1
Sampdoria,Genoa,44.4056,8.9463,1
Sassuolo,Sassuolo,44.5474,10.7846,1
Schalke 04,Gelsenkirchen,51.5177,7.0857,1
Sevilla,Seville,37.3891,-5.9845,1
Sheffield Utd,Sheffield,53.3811,-1.4701,1
Sheffield Weds,Sheffield,53.3811,-1.4701,1
Shrewsbury,Shrewsbury,52.7069,-2.75,1
Southampton,Southampton,50.9097,-1.4044,1
Spartans,Edinburgh,55.9533,-3.1883,1
Spezia,La Spezia,44.1024,9.8241,1
St Etienne,St Etienne,45.4397,4.3872,1
St Johnstone,Perth,56.3958,-3.4308,1
St Mirren,Paisley,55.8459,-4.4237,1
St Pauli,Hamburg,53.5511,9.9937,1
St. Johnstone,Perth,56.3958,-3.4308,1
St. Mirren,Paisley,55.8459,-4.4237,1
Stade Brestois,Brest,48.3904,-4.4861,1
Stade Rennais,Rennes,48.1173,-1.6778,1
Stenhousemuir,Stenhousemuir,56.0247,-3.7847,1
Stevenage,Stevenage,51.9017,-0.2019,1
Stirling,Stirling,56.1165,-3.9369,1
Stockport,Stockport,53.4106,-2.1575,1
Stoke,Stoke-on-Trent,53.0027,-2.1794,1
Stranraer,Stranraer,54.9008,-5.0244,1
Strasbourg,Strasbourg,48.5734,7.7521,1
Stuttgart,Stuttgart,48.7758,9.1829,1
Sunderland,Sunderland,54.9069,-1.3838,1
Sutton,London,51.5074,-0.1278,1
Swansea,Swansea,51.6214,-3.9436,1
Swindon,Swindon,51.5558,-1.7797,1
Torino,Turin,45.0703,7.6869,1
Tottenham,London,51.5074,-0.1278,1
Tottenham Hotspur,London,51.5074,-0.1278,1
Toulouse,Toulouse,43.6047,1.4442,1
Tranmere,Birkenhead,53.39,-3.02,1
Troyes,Troyes,48.2973,4.0744,1
Udinese,Udine,46.0711,13.2346,1
Union Berlin,Berlin,52.52,13.405,1
Valencia,Valencia,39.4699,-0.3763,1
Valladolid,Valladolid,41.6523,-4.7245,1
Vallecano,Madrid,40.4168,-3.7038,1
Venezia,Venice,45.4408,12.3155,1
Verona,Verona,45.4384,10.9916,1
Villarreal,Villarreal,39.9375,-0.1003,1
Walsall,Walsall,52.586,-1.9822,1
Watford,Watford,51.6565,-0.3903,1
Werder Bremen,Bremen,53.0793,8.8017,1
West Brom,Birmingham,52.4862,-1.8904,1
West Ham,London,51.5074,-0.1278,1
Wigan,Wigan,53.545,-2.6318,1
Wolfsburg,Wolfsburg,52.4227,10.7865,1
Wolverhampton,Wolverhampton,52.5862,-2.1288,1
Wrexham,Wrexham,53.0478,-3.008,1
Wycombe,High Wycombe,51.6285,-0.7485,1
